candidate_key,display_name,candidate_type,canonical_entity_id,mention_count,distinct_content_count,distinct_source_count,speaker_count,triage_score,review_priority,signal_types,sample_content_id,sample_snippet,batch_id,source_label
solari,Solari,organization,solari,35,7,7,0,258,EXISTING,known;proper_case,0CYfIbJHp2U,I just wanted to say thank you for having us on. If anyone Solari has been,20260920T071212Z_REBUILD,rebuild_all
solari report,Solari Report,organization,solari,15,2,2,0,238,EXISTING,known;proper_case,FXNfNrtGHlo,"Ladies and gentlemen, welcome to the Solari Report with John Titus and",20260920T071212Z_REBUILD,rebuild_all
corey lynn,Corey Lynn,person,lynn_corey,6,1,1,0,225,EXISTING,known;proper_case,sSrRCNjcm5I,to tell you is we have I'm I'm very lucky cuz right now Corey Lynn who's got,20260920T071212Z_REBUILD,rebuild_all
catherine austin fitts,Catherine Austin Fitts,person,fitts_catherine,3,1,1,0,211,EXISTING,known,FXNfNrtGHlo,Solari Report with John Titus and Catherine Austin Fitts. This is money,20260920T071212Z_REBUILD,rebuild_all
john titus,John Titus,person,titus_john,3,1,1,0,211,EXISTING,known,FXNfNrtGHlo,"Ladies and gentlemen, welcome to the Solari Report with John Titus and",20260920T071212Z_REBUILD,rebuild_all
trump,Trump,named_entity,,30,7,7,0,83,HIGH,cue_person;proper_case,58byubq4VLQ,in both conversations and interviews the grifting by the Trump family in crypto,20260920T071212Z_REBUILD,rebuild_all
corey digs,Corey digs,website,,3,1,1,0,66,HIGH,cue_entity,sSrRCNjcm5I,lucky cuz right now Corey Lynn who's got a great website Corey digs is I want to,20260920T071212Z_REBUILD,rebuild_all
in arizona,in Arizona,website,,3,1,1,0,66,HIGH,cue_entity,SOADMgNpZr0,heard about this doctor. She's got a a website in Arizona where she talks of,20260920T071212Z_REBUILD,rebuild_all
society org,society.org,website,,3,1,1,0,66,HIGH,url,mq7GSzwaGBw,>> applied AI society >> applied so applied society.org and you,20260920T071212Z_REBUILD,rebuild_all
teams com,teams.com,website,,3,1,1,0,66,HIGH,url,mq7GSzwaGBw,>> How do we find you? >> So at open teams.com obviously go there.,20260920T071212Z_REBUILD,rebuild_all
travisopenteams com,travisopenteams.com,website,,3,1,1,0,66,HIGH,url,mq7GSzwaGBw,ways to connect with me. Or you can email me at travisopenteams.com.,20260920T071212Z_REBUILD,rebuild_all
global,Global,person,,11,4,4,0,65,HIGH,cue_person,eyItREqSFvA,"And if you look at our enemy, if you look at Mr. Global, he's very effective",20260920T071212Z_REBUILD,rebuild_all
i m,I'm,named_entity,,342,34,34,0,58,HIGH,proper_case,0X0H0jcnelU,"of a population, if even that much. Now, I'm not saying that what we're",20260920T071212Z_REBUILD,rebuild_all
i ve,I've,named_entity,,154,15,15,0,58,HIGH,proper_case,58byubq4VLQ,In the last 2 weeks since I've been in,20260920T071212Z_REBUILD,rebuild_all
china,China,named_entity,,115,7,7,0,58,HIGH,proper_case,1q3O8KbUHfU,pegged to their currency without the prior consent of China.,20260920T071212Z_REBUILD,rebuild_all
iran,Iran,named_entity,,111,10,10,0,58,HIGH,proper_case,IERDRFLdgbw,"when we when we start this bombing Iran, it goes",20260920T071212Z_REBUILD,rebuild_all
united states,United States,person_or_named_entity,,97,13,13,0,58,HIGH,proper_case,58byubq4VLQ,"In the last 2 weeks since I've been in the United States, I can't tell you how",20260920T071212Z_REBUILD,rebuild_all
europe,Europe,named_entity,,47,10,10,0,58,HIGH,proper_case,2FCT_uA2z5k,and it electrified Europe completely electrified it,20260920T071212Z_REBUILD,rebuild_all
right and,Right. And,person_or_named_entity,,39,8,8,0,58,HIGH,proper_case,87SJi_DDbt4,that works. Right. And you should see what happens,20260920T071212Z_REBUILD,rebuild_all
that s the,That's the,organization,,39,7,7,0,58,HIGH,proper_case,ilzuEH2Enr4,absolutely be the seeds have been already planted. That's the good news.,20260920T071212Z_REBUILD,rebuild_all
america,America,named_entity,,37,7,7,0,58,HIGH,proper_case,ChdoKKB48CU,um if you like uh revolutionary Trotskyism to America that ultimately,20260920T071212Z_REBUILD,rebuild_all
it s the,It's the,person_or_named_entity,,36,8,8,0,58,HIGH,proper_case,87SJi_DDbt4,control grid. They're trying to get the taxpayers to pay for it. It's the,20260920T071212Z_REBUILD,rebuild_all
covid,COVID,named_entity,,30,7,7,0,58,HIGH,proper_case,JXo9mjpc2Wg,"break people out of hospitals. And during COVID, I may or may not have,",20260920T071212Z_REBUILD,rebuild_all
right so,Right. So,person_or_named_entity,,29,11,11,0,58,HIGH,proper_case,-YPhdbbhvv4,">> Right. So it you know, it's back to this",20260920T071212Z_REBUILD,rebuild_all
poland,Poland,named_entity,,26,7,7,0,58,HIGH,proper_case,aQYwmh0gCQo,and they'll think we are insane. This is like we're we're Poland out there,20260920T071212Z_REBUILD,rebuild_all
polish,Polish,named_entity,,26,6,6,0,58,HIGH,proper_case,m50hk1fyOYs,"people from concentration camps, put Polish uniforms on them, and you know,",20260920T071212Z_REBUILD,rebuild_all
it s,It's,named_entity,,25,7,7,0,58,HIGH,proper_case,ilzuEH2Enr4,advocate that AI can help us because it is technology. It's not It's a,20260920T071212Z_REBUILD,rebuild_all
right right,Right. Right,event,,17,8,8,0,58,HIGH,proper_case,87SJi_DDbt4,Congress responds when people get on the phone and start screaming. Right. Right.,20260920T071212Z_REBUILD,rebuild_all
i m i m,I'm I'm,person_or_named_entity,,16,6,6,0,58,HIGH,proper_case,6Mg0q_IyWgY,I'm I'm on their feeds about the Hunter,20260920T071212Z_REBUILD,rebuild_all
israel,Israel,named_entity,,31,5,5,0,53,HIGH,proper_case,ChdoKKB48CU,which eventually led to the creation of the state of Israel.,20260920T071212Z_REBUILD,rebuild_all
okay so,Okay. So,person_or_named_entity,,31,5,5,0,53,HIGH,proper_case,MGnJEb4sXwM,"much for what you said. >> Okay. So, one of the one of the",20260920T071212Z_REBUILD,rebuild_all
netherlands,Netherlands,named_entity,,24,5,5,0,53,HIGH,proper_case,eyItREqSFvA,>> Oh oh I would like to respond to this because here in the Netherlands so many,20260920T071212Z_REBUILD,rebuild_all
we re,We're,named_entity,,18,5,5,0,53,HIGH,proper_case,MGnJEb4sXwM,"But that was it. They were saying, ""We're we're taking a lead. We're out",20260920T071212Z_REBUILD,rebuild_all
united,United,named_entity,,14,5,5,0,53,HIGH,proper_case,9Td1lcX-Cno,illegal. Chinese cars are illegal. You can't buy Chinese cars in the United,20260920T071212Z_REBUILD,rebuild_all
that s,That's,named_entity,,13,5,5,0,53,HIGH,proper_case,p0jPh9KrCgc,And so you they'll go behind your back or not. That's not a bad way to That's a,20260920T071212Z_REBUILD,rebuild_all
quansite quite,Quansite. Quite,organization,,6,1,1,0,50,HIGH,cue_entity;proper_case,mq7GSzwaGBw,one of my dear friends who actually runs a company called Quansite. Quite was a,20260920T071212Z_REBUILD,rebuild_all
tucker carlson,Tucker Carlson,person_or_named_entity,,6,1,1,0,50,HIGH,cue_person;proper_case,MGnJEb4sXwM,"discussions this year was at the end of your interview with Tucker Carlson,",20260920T071212Z_REBUILD,rebuild_all
i d,I'd,named_entity,,27,4,4,0,48,HIGH,proper_case,ilzuEH2Enr4,"to actually um deal with it head-on. Well, I'd be an",20260920T071212Z_REBUILD,rebuild_all
west,West,named_entity,,21,4,4,0,48,HIGH,proper_case,Oxk8BAFUdBE,totalitarian state. The problem in the West,20260920T071212Z_REBUILD,rebuild_all
katherine,Katherine,organization,,19,4,4,0,48,HIGH,proper_case,87SJi_DDbt4,"Um breaking news, we won. This is Katherine just explained.",20260920T071212Z_REBUILD,rebuild_all
americans,Americans,product,,16,4,4,0,48,HIGH,proper_case,j4rItIYZV_o,don't get the the benefits of club membership. And that's most Americans,20260920T071212Z_REBUILD,rebuild_all
god,God,named_entity,,16,4,4,0,48,HIGH,proper_case,eoeftpuyQXw,"creator-creation distinction, and that we are made in the image of God, which",20260920T071212Z_REBUILD,rebuild_all
catherine,Catherine,named_entity,,15,4,4,0,48,HIGH,proper_case,9Td1lcX-Cno,"go, but my conclusion from all these episodes, Catherine,",20260920T071212Z_REBUILD,rebuild_all
of the,of the,person_or_named_entity,,15,4,4,0,48,HIGH,proper_case,ad0pzcCcJ04,>> It's remarkably therapeutic. >> One of the things I'm seeing is the end,20260920T071212Z_REBUILD,rebuild_all
ai and,AI and,organization,,13,4,4,0,48,HIGH,proper_case,MGnJEb4sXwM,our ordinary laptops and do you know uh homemade AI and so that whole project,20260920T071212Z_REBUILD,rebuild_all
in the,In the,person_or_named_entity,,13,4,4,0,48,HIGH,proper_case,58byubq4VLQ,In the last 2 weeks since I've been in,20260920T071212Z_REBUILD,rebuild_all
it s it s,It's It's,person_or_named_entity,,12,4,4,0,48,HIGH,proper_case,KiRtjIh2kjc,"contact with this greater physical reality. It's It's a physics,",20260920T071212Z_REBUILD,rebuild_all
like i,Like I,person_or_named_entity,,12,4,4,0,48,HIGH,proper_case,DrGmCAQxBig,"have proven to people over and over again. Like I said, if the biggest thing",20260920T071212Z_REBUILD,rebuild_all
here s the,Here's the,person_or_named_entity,,10,4,4,0,48,HIGH,proper_case,KKxQfBk1zBY,"The goldsmith says, ""You're borrowing the gold. Here's the gold. Now you see",20260920T071212Z_REBUILD,rebuild_all
on open ai i don t,on open AI. I don't,product,,6,2,2,0,47,HIGH,cue_entity,mq7GSzwaGBw,read in the last 12 months is Karen House book on open AI. I don't know if,20260920T071212Z_REBUILD,rebuild_all
taking place in beijing,taking place in Beijing,event,,6,2,2,0,47,HIGH,cue_entity,MGnJEb4sXwM,I was there at a time there was a big AI conference taking place in Beijing when,20260920T071212Z_REBUILD,rebuild_all
germany,Germany,named_entity,,9,4,4,0,46,HIGH,proper_case,ChdoKKB48CU,waged primarily to raise the collateral to fund rearmament confronting Germany,20260920T071212Z_REBUILD,rebuild_all
ladies and,Ladies and,person_or_named_entity,,9,4,4,0,46,HIGH,proper_case,FXNfNrtGHlo,"Ladies and gentlemen, welcome to the",20260920T071212Z_REBUILD,rebuild_all
south dakota,South Dakota,person_or_named_entity,,101,3,3,0,43,MEDIUM,proper_case,mq7GSzwaGBw,masks and whoop the next thing you know they're living in South Dakota so they,20260920T071212Z_REBUILD,rebuild_all
uae,UAE,named_entity,,54,3,3,0,43,MEDIUM,proper_case,LTWifAkVVDg,UAE paid billions to Iran to halt,20260920T071212Z_REBUILD,rebuild_all
middle east,Middle East,person_or_named_entity,,26,3,3,0,43,MEDIUM,proper_case,m50hk1fyOYs,American military power into the Middle East,20260920T071212Z_REBUILD,rebuild_all
gdp,GDP,named_entity,,25,3,3,0,43,MEDIUM,proper_case,r8zJxgGRapQ,to this to how does that impact nominal GDP?,20260920T071212Z_REBUILD,rebuild_all
israeli,Israeli,named_entity,,25,3,3,0,43,MEDIUM,proper_case,mD_aE7ZCMoo,"digitized, and that the Israeli ecosystem has",20260920T071212Z_REBUILD,rebuild_all
gulf,Gulf,named_entity,,22,3,3,0,43,MEDIUM,proper_case,9Td1lcX-Cno,"of Hormuz, right? It's a valve for Gulf oil, but",20260920T071212Z_REBUILD,rebuild_all
fed,Fed,named_entity,,21,3,3,0,43,MEDIUM,proper_case,MGnJEb4sXwM,are really rising. And in in a way that I don't think necessarily a new Fed,20260920T071212Z_REBUILD,rebuild_all
democrats,Democrats,named_entity,,18,3,3,0,43,MEDIUM,proper_case,58byubq4VLQ,"what after the midterms, I mean that the Democrats are going to bring",20260920T071212Z_REBUILD,rebuild_all
google,Google,organization,,17,3,3,0,43,MEDIUM,proper_case,-YPhdbbhvv4,stretch of time and then force a company like Google to turn over data on every,20260920T071212Z_REBUILD,rebuild_all
march,March,named_entity,,16,3,3,0,43,MEDIUM,proper_case,INWRgXjwPXk,"They won on that bet. Uh on March 23rd, traders",20260920T071212Z_REBUILD,rebuild_all
russia,Russia,named_entity,,16,3,3,0,43,MEDIUM,proper_case,ChdoKKB48CU,"became the Neocon groups. Uh and to Russia, the Bolshevik",20260920T071212Z_REBUILD,rebuild_all
i ll,I'll,named_entity,,15,3,3,0,43,MEDIUM,proper_case,KKxQfBk1zBY,"comes around at this time every week. I always turn him down, but I'll give him",20260920T071212Z_REBUILD,rebuild_all
kor,KOR,government,,12,3,3,0,43,MEDIUM,proper_case,RRdQPuFQCik,"any direct political confrontation of the government. But, once KOR came along",20260920T071212Z_REBUILD,rebuild_all
house,House,named_entity,,11,3,3,0,43,MEDIUM,proper_case,MaTz-usR3uo,"that usually publishes on health care, but they wrote one called The House",20260920T071212Z_REBUILD,rebuild_all
tennessee,Tennessee,named_entity,,11,3,3,0,43,MEDIUM,proper_case,p0jPh9KrCgc,was people from small and regional banks in Tennessee.,20260920T071212Z_REBUILD,rebuild_all
washington,Washington,government,,11,3,3,0,43,MEDIUM,proper_case,mq7GSzwaGBw,"uh the federal government was, you know, you would pay taxes to Washington, they",20260920T071212Z_REBUILD,rebuild_all
mr global,Mr. Global,person_or_named_entity,,10,3,3,0,43,MEDIUM,proper_case,eyItREqSFvA,"And if you look at our enemy, if you look at Mr. Global, he's very effective",20260920T071212Z_REBUILD,rebuild_all
poles,Poles,named_entity,,10,3,3,0,43,MEDIUM,proper_case,m50hk1fyOYs,attack on the United States. It's kind of like Hitler saying that the Poles,20260920T071212Z_REBUILD,rebuild_all
china and,China and,person_or_named_entity,,9,3,3,0,41,MEDIUM,proper_case,1q3O8KbUHfU,China and other agencies there issued a,20260920T071212Z_REBUILD,rebuild_all
hey,Hey,named_entity,,9,3,3,0,41,MEDIUM,proper_case,r7POfIOIJd8,"they're going to sell that information to advertisers that, ""Hey, Catherine",20260920T071212Z_REBUILD,rebuild_all
i m the,I'm the,person_or_named_entity,,9,3,3,0,41,MEDIUM,proper_case,mq7GSzwaGBw,easier to produce what you need. Exactly. This where I'm the big fan of,20260920T071212Z_REBUILD,rebuild_all
italy,Italy,named_entity,,9,3,3,0,41,MEDIUM,proper_case,2FCT_uA2z5k,um uh in in Italy in that period I mean,20260920T071212Z_REBUILD,rebuild_all
some of,Some of,person_or_named_entity,,9,3,3,0,41,MEDIUM,proper_case,mq7GSzwaGBw,extremely [music] difficult for the community. Some of that probably got,20260920T071212Z_REBUILD,rebuild_all
treasury,Treasury,product,,9,3,3,0,41,MEDIUM,proper_case,MztMjj6LxXk,">> Yes, absolutely. Because if you if you look at the system of Treasury that's",20260920T071212Z_REBUILD,rebuild_all
first of,First of,person_or_named_entity,,8,3,3,0,39,MEDIUM,proper_case,KKxQfBk1zBY,"when this happened, four things happened. First of all, the breach of",20260920T071212Z_REBUILD,rebuild_all
instead of,Instead of,person_or_named_entity,,8,3,3,0,39,MEDIUM,proper_case,mq7GSzwaGBw,helps democratize this powerful technology. Instead of a few big,20260920T071212Z_REBUILD,rebuild_all
sou falls,Sou Falls,person_or_named_entity,,56,2,2,0,38,MEDIUM,proper_case,mq7GSzwaGBw,my way to Salt Lake City I came through Sou Falls.,20260920T071212Z_REBUILD,rebuild_all
utah,Utah,named_entity,,31,2,2,0,38,MEDIUM,proper_case,ilzuEH2Enr4,history. And we're in [snorts] Utah which has,20260920T071212Z_REBUILD,rebuild_all
south,South,named_entity,,26,2,2,0,38,MEDIUM,proper_case,RRPA9FVZ2Ds,"Nebraska, and I'm from Sioux Falls, South",20260920T071212Z_REBUILD,rebuild_all
christmas,Christmas,named_entity,,16,2,2,0,38,MEDIUM,proper_case,mq7GSzwaGBw,">> So, the story goes that Guido invented Python over a Christmas holiday. [music]",20260920T071212Z_REBUILD,rebuild_all
earth,Earth,named_entity,,16,2,2,0,38,MEDIUM,proper_case,KiRtjIh2kjc,"rather than an atom-based physics. We need a universal science, not an Earth",20260920T071212Z_REBUILD,rebuild_all
republicans,Republicans,named_entity,,16,2,2,0,38,MEDIUM,proper_case,j4rItIYZV_o,"25 to 18 that 4% had registered as Republicans,",20260920T071212Z_REBUILD,rebuild_all
bis,BIS,named_entity,,15,2,2,0,38,MEDIUM,proper_case,MaTz-usR3uo,but they are both implementing the control grids that the BIS envisions.,20260920T071212Z_REBUILD,rebuild_all
bitcoin,Bitcoin,named_entity,,15,2,2,0,38,MEDIUM,proper_case,eyItREqSFvA,something or East sorry East Europe and going into Bitcoin or gold. And then,20260920T071212Z_REBUILD,rebuild_all
silicon valley,Silicon Valley,person_or_named_entity,,15,2,2,0,38,MEDIUM,proper_case,mq7GSzwaGBw,team cash is a PhD from MIT and used to be an engineer in Silicon Valley until,20260920T071212Z_REBUILD,rebuild_all
wi fi,Wi-Fi,named_entity,,15,2,2,0,38,MEDIUM,proper_case,mq7GSzwaGBw,>> and everything's tracking you and >> your Wi-Fi,20260920T071212Z_REBUILD,rebuild_all
california,California,named_entity,,12,2,2,0,38,MEDIUM,proper_case,9Td1lcX-Cno,"the 2000s with that attack on a California electrical substation, when",20260920T071212Z_REBUILD,rebuild_all
federal reserve,Federal Reserve,person_or_named_entity,,12,2,2,0,38,MEDIUM,proper_case,Qvf4YA24LXM,transition to a uh cashless society. The Federal Reserve,20260920T071212Z_REBUILD,rebuild_all
hormuz,Hormuz,named_entity,,12,2,2,0,38,MEDIUM,proper_case,9Td1lcX-Cno,"of Hormuz,",20260920T071212Z_REBUILD,rebuild_all
venezuela,Venezuela,named_entity,,12,2,2,0,38,MEDIUM,proper_case,MGnJEb4sXwM,"Persian Gulf, but we saw it off Venezuela, but we've also seen it, and",20260920T071212Z_REBUILD,rebuild_all
yeah so,Yeah. So,person_or_named_entity,,12,2,2,0,38,MEDIUM,proper_case,mq7GSzwaGBw,"money. >> Yeah. So, they were politically",20260920T071212Z_REBUILD,rebuild_all
beijing,Beijing,named_entity,,11,2,2,0,38,MEDIUM,proper_case,MGnJEb4sXwM,paraphrase of it. Um Mr. Trump the road to Beijing passes through Homos.,20260920T071212Z_REBUILD,rebuild_all
democrat,Democrat,named_entity,,10,2,2,0,38,MEDIUM,proper_case,qy_N0XOlApA,"is the issue it you know, maybe there's a Democrat that feels strongly about",20260920T071212Z_REBUILD,rebuild_all
republican,Republican,named_entity,,10,2,2,0,38,MEDIUM,proper_case,MGnJEb4sXwM,the the his primary opponent on the Republican side has now gotten $9,20260920T071212Z_REBUILD,rebuild_all
france,France,named_entity,,7,3,3,0,37,MEDIUM,proper_case,eyItREqSFvA,"I don't know, going into a village in in France in the middle of nowhere and try",20260920T071212Z_REBUILD,rebuild_all
iran and,Iran and,person_or_named_entity,,7,3,3,0,37,MEDIUM,proper_case,LCbpnzlLKg8,you know what's happening is you know a bomb going to be dropped on Iran and,20260920T071212Z_REBUILD,rebuild_all
amazon,Amazon,named_entity,,9,2,2,0,36,MEDIUM,proper_case,mq7GSzwaGBw,"unlike Palanteer, they all provide vital services. Companies like Amazon,",20260920T071212Z_REBUILD,rebuild_all
atm,ATM,named_entity,,9,2,2,0,36,MEDIUM,proper_case,SAT9VaizQiY,"15 or 20 minutes a week and go to the ATM or go and better yet, go to the",20260920T071212Z_REBUILD,rebuild_all
fbi,FBI,government,,9,2,2,0,36,MEDIUM,proper_case,9Td1lcX-Cno,you had what the FBI itself would go on to,20260920T071212Z_REBUILD,rebuild_all
idaho,Idaho,named_entity,,9,2,2,0,36,MEDIUM,proper_case,3Yse_2fUKuk,"and that and I kind of use that as my argument. Um but Idaho, we you know, we",20260920T071212Z_REBUILD,rebuild_all
phd,PhD,named_entity,,9,2,2,0,36,MEDIUM,proper_case,mq7GSzwaGBw,>> a very bright academic who was 30 years old all the way through my PhD,20260920T071212Z_REBUILD,rebuild_all
texas,Texas,named_entity,,9,2,2,0,36,MEDIUM,proper_case,mq7GSzwaGBw,a lot of experience in education. Then I went to Texas to explore,20260920T071212Z_REBUILD,rebuild_all
yeah and,Yeah. And,person_or_named_entity,,9,2,2,0,36,MEDIUM,proper_case,mq7GSzwaGBw,global cooperation of individual people. >> Yeah. And it's amazing. It's a beautiful,20260920T071212Z_REBUILD,rebuild_all
yeah i,Yeah. I,person_or_named_entity,,9,2,2,0,36,MEDIUM,proper_case,mq7GSzwaGBw,>> me too. >> Yeah. I use I use everything actually.,20260920T071212Z_REBUILD,rebuild_all
yeah we,Yeah. We,person_or_named_entity,,9,2,2,0,36,MEDIUM,proper_case,-YPhdbbhvv4,get your money. >> Got your got your money. Yeah. We,20260920T071212Z_REBUILD,rebuild_all
create dominance,create dominance,organization,,3,1,1,0,36,MEDIUM,cue_entity,mq7GSzwaGBw,">> You're helping you're helping that company create dominance, right?",20260920T071212Z_REBUILD,rebuild_all
earlier about,earlier about,product,,3,1,1,0,36,MEDIUM,cue_entity,MGnJEb4sXwM,authored mainly by Colby Eldridge. um and he wrote a book earlier about it and,20260920T071212Z_REBUILD,rebuild_all
freeman,Freeman,person,,3,1,1,0,36,MEDIUM,cue_person,vR-o6IGspmU,"Mastercard."" So the money train is the senator's slides, Mr. Freeman, pirate",20260920T071212Z_REBUILD,rebuild_all
globalist they re everywhere,Globalist. They're everywhere,person,,3,1,1,0,36,MEDIUM,cue_person,LCbpnzlLKg8,"universities, everywhere. There isn't a Mr. Globalist. They're everywhere. This",20260920T071212Z_REBUILD,rebuild_all
globaloney and something,Globaloney and something,person,,3,1,1,0,36,MEDIUM,cue_person,9Td1lcX-Cno,of message uh to Mr. Globaloney and something. I,20260920T071212Z_REBUILD,rebuild_all
globaloney behind,Globaloney behind,person,,3,1,1,0,36,MEDIUM,cue_person,9Td1lcX-Cno,uh to Mr. Globaloney and something. I don't think it's Mr. Globaloney behind,20260920T071212Z_REBUILD,rebuild_all
i m also telling people to,I'm also telling people to,organization,,3,1,1,0,36,MEDIUM,cue_entity,mq7GSzwaGBw,like so 80% and uh and inside of my company I'm also telling people to lean,20260920T071212Z_REBUILD,rebuild_all
i ve ever walked,I've ever walked,organization,,3,1,1,0,36,MEDIUM,cue_entity,RD8gcj5aP74,it was the least productive culture and organization I've ever walked into.,20260920T071212Z_REBUILD,rebuild_all
in abu dhabi,in Abu Dhabi,organization,,3,1,1,0,36,MEDIUM,cue_entity,mq7GSzwaGBw,"Group, [music] a state-owned defense company in Abu Dhabi, has invested",20260920T071212Z_REBUILD,rebuild_all
in dubai,in Dubai,organization,,3,1,1,0,36,MEDIUM,cue_entity,MztMjj6LxXk,elsewhere. A company in Dubai can be cut off from,20260920T071212Z_REBUILD,rebuild_all
keeps under lock and key,keeps under lock and key,organization,,3,1,1,0,36,MEDIUM,cue_entity,mq7GSzwaGBw,Think of it like a secret recipe that a company keeps under lock and key. You,20260920T071212Z_REBUILD,rebuild_all
kevin freeman from pirate,Kevin Freeman from Pirate,person,,3,1,1,0,36,MEDIUM,cue_person,vR-o6IGspmU,"said, ""The prime sponsor slides were made by Mr. Kevin Freeman from Pirate",20260920T071212Z_REBUILD,rebuild_all
like chachipt,like ChachiPT,product,,3,1,1,0,36,MEDIUM,cue_entity,mq7GSzwaGBw,"you privacy. When you use a closed source AI service like ChachiPT, your",20260920T071212Z_REBUILD,rebuild_all
like i think it s already,like I think it's already,organization,,3,1,1,0,36,MEDIUM,cue_entity,mq7GSzwaGBw,company an agent the accountability of a company like I think it's already a,20260920T071212Z_REBUILD,rebuild_all
made those slides i knew,made those slides. I knew,organization,,3,1,1,0,36,MEDIUM,cue_entity,vR-o6IGspmU,did not make them. There's no way that prime sponsor made those slides. I knew,20260920T071212Z_REBUILD,rebuild_all
maven,Maven,organization,,3,1,1,0,36,MEDIUM,cue_entity,mq7GSzwaGBw,"implemented DSSIs in the US. One of the main systems is Project Maven, developed",20260920T071212Z_REBUILD,rebuild_all
nimbus contract,Nimbus contract,organization,,3,1,1,0,36,MEDIUM,cue_entity,mq7GSzwaGBw,and Google partnered with Israel for the project Nimbus contract which obliges,20260920T071212Z_REBUILD,rebuild_all
of our government in,of our government in,organization,,3,1,1,0,36,MEDIUM,cue_entity,mq7GSzwaGBw,"the constitution, the genius of the organization of our government in the",20260920T071212Z_REBUILD,rebuild_all
of what i ve been working,of what I've been working,organization,,3,1,1,0,36,MEDIUM,cue_entity,mq7GSzwaGBw,create more owners? And so that was the foundation of what I've been working on,20260920T071212Z_REBUILD,rebuild_all
service system,Service System,product,,3,1,1,0,36,MEDIUM,cue_entity,es1SX2TSqz8,starting December 19th of this year. The Selective Service Service System will,20260920T071212Z_REBUILD,rebuild_all
still in venezuela,still in Venezuela,organization,,3,1,1,0,36,MEDIUM,cue_entity,YItOkNjS4OY,amazing cuz Chevron was the one oil company still in Venezuela.,20260920T071212Z_REBUILD,rebuild_all
system,System,product,,3,1,1,0,36,MEDIUM,cue_entity,es1SX2TSqz8,other federal database. So the Selective Service System is going,20260920T071212Z_REBUILD,rebuild_all
to basically be able to,to basically be able to,organization,,3,1,1,0,36,MEDIUM,cue_entity,RD8gcj5aP74,slug in charge in a neighborhood or in an organization to basically be able to,20260920T071212Z_REBUILD,rebuild_all
to help their ai summarize,to help their AI summarize,media_show,,3,1,1,0,36,MEDIUM,cue_entity,mq7GSzwaGBw,have we could publish a frame about the podcast to help their AI summarize it,20260920T071212Z_REBUILD,rebuild_all
iran s,Iran's,named_entity,,8,2,2,0,34,MEDIUM,proper_case,FXNfNrtGHlo,who are this is just turn this war in Iran's turned into a turkey shoot.,20260920T071212Z_REBUILD,rebuild_all
warsaw,Warsaw,named_entity,,8,2,2,0,34,MEDIUM,proper_case,RRdQPuFQCik,"of Warsaw,",20260920T071212Z_REBUILD,rebuild_all
white house,White House,person_or_named_entity,,8,2,2,0,34,MEDIUM,proper_case,MGnJEb4sXwM,coverage of the war coming out of the White House is really designed to,20260920T071212Z_REBUILD,rebuild_all
you re,You're,named_entity,,8,2,2,0,34,MEDIUM,proper_case,KKxQfBk1zBY,"The goldsmith says, ""You're borrowing",20260920T071212Z_REBUILD,rebuild_all
about america,about America,product,,2,1,1,0,34,MEDIUM,cue_entity,mq7GSzwaGBw,"my audiences since I've been here in Utah, if I wrote a book about America",20260920T071212Z_REBUILD,rebuild_all
after i left,after I left,organization,,2,1,1,0,34,MEDIUM,cue_entity,mq7GSzwaGBw,">> Now, it was interesting when I started my first company after I left the",20260920T071212Z_REBUILD,rebuild_all
anaconda after,Anaconda after,organization,,2,1,1,0,34,MEDIUM,cue_entity,mq7GSzwaGBw,quickly. I I first went to Texas and founded a company called Anaconda after,20260920T071212Z_REBUILD,rebuild_all
global gets,global gets,person,,2,1,1,0,34,MEDIUM,cue_person,vR-o6IGspmU,three-lock system with a third lock which is superior. So Mr. global gets a,20260920T071212Z_REBUILD,rebuild_all
if i m,if I'm,organization,,2,1,1,0,34,MEDIUM,cue_entity,mq7GSzwaGBw,have a login something you have silos you don't the whole company if I'm an,20260920T071212Z_REBUILD,rebuild_all
of array,of array,organization,,2,1,1,0,34,MEDIUM,cue_entity,mq7GSzwaGBw,>> Okay. >> So it's the foundation of array,20260920T071212Z_REBUILD,rebuild_all
of international,of International,organization,,2,1,1,0,34,MEDIUM,cue_entity,ChdoKKB48CU,at that point. uh and uh and spawned the Royal Institute of International,20260920T071212Z_REBUILD,rebuild_all
of one i think,of one I think,organization,,2,1,1,0,34,MEDIUM,cue_entity,mq7GSzwaGBw,>> People are leaning into it. Even people are saying the company of one I think,20260920T071212Z_REBUILD,rebuild_all
on on,on on,organization,,2,1,1,0,34,MEDIUM,cue_entity,v4d389XfJbA,"at least according to Flock. But, when Feder got the company on on",20260920T071212Z_REBUILD,rebuild_all
team didn t want signatures,team didn't want signatures,organization,,2,1,1,0,34,MEDIUM,cue_entity,vR-o6IGspmU,downright rude. Um the whole organization team didn't want signatures,20260920T071212Z_REBUILD,rebuild_all
to provide its tech even,to provide its tech even,organization,,2,1,1,0,34,MEDIUM,cue_entity,mq7GSzwaGBw,the company to provide its tech even if,20260920T071212Z_REBUILD,rebuild_all
trump the road,Trump the road,person,,2,1,1,0,34,MEDIUM,cue_person,MGnJEb4sXwM,now this is my words but this is my paraphrase of it. Um Mr. Trump the road,20260920T071212Z_REBUILD,rebuild_all
you ve,you've,person,,2,1,1,0,34,MEDIUM,cue_person,MGnJEb4sXwM,"and the world. And Alistister, I think I've listened to every interview you've",20260920T071212Z_REBUILD,rebuild_all
python,Python,named_entity,,36,1,1,0,33,MEDIUM,proper_case,mq7GSzwaGBw,tools using open source tools around Python to publish papers to do research.,20260920T071212Z_REBUILD,rebuild_all
mount rushmore,Mount Rushmore,person_or_named_entity,,22,1,1,0,33,MEDIUM,proper_case,vR-o6IGspmU,cash. Are they small businesses? >> So Mount Rushmore takes cash,20260920T071212Z_REBUILD,rebuild_all
glint,Glint,named_entity,,18,1,1,0,33,MEDIUM,proper_case,vR-o6IGspmU,"to trace that back that Pirate Money has a partnership with Glint, which is a",20260920T071212Z_REBUILD,rebuild_all
flock,Flock,named_entity,,15,1,1,0,33,MEDIUM,proper_case,v4d389XfJbA,One officer prevented uh presented photos taken by the cameras in the Flock,20260920T071212Z_REBUILD,rebuild_all
brandon,Brandon,named_entity,,14,1,1,0,33,MEDIUM,proper_case,vR-o6IGspmU,center will be less than a half a mile away from homes in Brandon where I live,20260920T071212Z_REBUILD,rebuild_all
buffalo,Buffalo,named_entity,,13,1,1,0,33,MEDIUM,proper_case,vR-o6IGspmU,buffalo. So South Dakota owns the buffalo market. If we make Buffalo legal,20260920T071212Z_REBUILD,rebuild_all
utopia,Utopia,media_show,,13,1,1,0,33,MEDIUM,proper_case,vR-o6IGspmU,"the horror movie, what I did is I had slides to show them how Utopia is coming",20260920T071212Z_REBUILD,rebuild_all
netanyahu,Netanyahu,named_entity,,12,1,1,0,33,MEDIUM,proper_case,MGnJEb4sXwM,"the the Hebrew press, but if you don't know who is pro- Netanyahu, who is",20260920T071212Z_REBUILD,rebuild_all
ring,Ring,named_entity,,12,1,1,0,33,MEDIUM,proper_case,vR-o6IGspmU,"So, I raised a lot of awareness with those issues. And then the Ring",20260920T071212Z_REBUILD,rebuild_all
israel and,Israel and,person_or_named_entity,,11,1,1,0,33,MEDIUM,proper_case,MGnJEb4sXwM,very clear and they say they are prepared to cooperate with Israel and,20260920T071212Z_REBUILD,rebuild_all
paul o neill,Paul O'Neill,person_or_named_entity,,11,1,1,0,33,MEDIUM,proper_case,OnEOcaUnBg0,Paul O'Neill had had been head of OMB,20260920T071212Z_REBUILD,rebuild_all
crazy horse,Crazy Horse,government,,10,1,1,0,33,MEDIUM,proper_case,vR-o6IGspmU,story because the government tried to make Crazy Horse a national monument.,20260920T071212Z_REBUILD,rebuild_all
florida,Florida,named_entity,,10,1,1,0,33,MEDIUM,proper_case,WET6BjpHGkc,"This was introduced this year in the Florida legislature, and it passed",20260920T071212Z_REBUILD,rebuild_all
frank,Frank,named_entity,,10,1,1,0,33,MEDIUM,proper_case,vR-o6IGspmU,">> 15 years. Ah, great to see you, Frank.",20260920T071212Z_REBUILD,rebuild_all
jack,Jack,named_entity,,10,1,1,0,33,MEDIUM,proper_case,vR-o6IGspmU,">> 15 years. Ah, great to see you, Frank. >> Welcome home, Jack.",20260920T071212Z_REBUILD,rebuild_all
july,July,named_entity,,10,1,1,0,33,MEDIUM,proper_case,vR-o6IGspmU,school year again. The law went to into effect July 1st and we started up our,20260920T071212Z_REBUILD,rebuild_all
representative l,Representative L,person_or_named_entity,,10,1,1,0,33,MEDIUM,proper_case,vR-o6IGspmU,"Representative L want wants it brought back. Now,",20260920T071212Z_REBUILD,rebuild_all
senate,Senate,government,,10,1,1,0,33,MEDIUM,proper_case,vR-o6IGspmU,"waved committee and just put us on the Senate floor the next day. So, we didn't",20260920T071212Z_REBUILD,rebuild_all
austria,Austria,named_entity,,7,2,2,0,32,MEDIUM,proper_case,mq7GSzwaGBw,>> Oh yeah. >> And it's it's about a a town in Austria,20260920T071212Z_REBUILD,rebuild_all
15 years ago about space,15 years ago about space,product,,1,1,1,0,32,MEDIUM,cue_entity,aQYwmh0gCQo,Jacuzzi reading George Friedman's book 15 years ago about space warfare and how,20260920T071212Z_REBUILD,rebuild_all
about america from world war,about America from World War,product,,1,1,1,0,32,MEDIUM,cue_entity,mq7GSzwaGBw,"Utah, if I wrote a book about America from World War II on, it would be called",20260920T071212Z_REBUILD,rebuild_all
after i left the administration,after I left the administration,organization,,1,1,1,0,32,MEDIUM,cue_entity,mq7GSzwaGBw,"my first company after I left the administration,",20260920T071212Z_REBUILD,rebuild_all
american military power,American military power,organization,,1,1,1,0,32,MEDIUM,cue_entity,m50hk1fyOYs,the necessity for America to project American military power into the Middle,20260920T071212Z_REBUILD,rebuild_all
american power,American power,organization,,1,1,1,0,32,MEDIUM,cue_entity,RRPA9FVZ2Ds,to project American power but,20260920T071212Z_REBUILD,rebuild_all
anaconda after doing some consulting,Anaconda after doing some consulting,organization,,1,1,1,0,32,MEDIUM,cue_entity,mq7GSzwaGBw,founded a company called Anaconda after doing some consulting work. Anaconda,20260920T071212Z_REBUILD,rebuild_all
based out of the uk,based out of the UK,organization,,1,1,1,0,32,MEDIUM,cue_entity,vR-o6IGspmU,"a digital gold processing company based out of the UK, and Glint partners with",20260920T071212Z_REBUILD,rebuild_all
came from frustration,came from frustration,product,,1,1,1,0,32,MEDIUM,cue_entity,H0v8c7WingM,And really the report came from frustration.,20260920T071212Z_REBUILD,rebuild_all
global gets a say,global gets a say,person,,1,1,1,0,32,MEDIUM,cue_person,vR-o6IGspmU,which is superior. So Mr. global gets a say in every individual transaction and,20260920T071212Z_REBUILD,rebuild_all
global you don t,Global. You don't,person,,1,1,1,0,32,MEDIUM,cue_person,vR-o6IGspmU,>> You don't have to fight with Mr. Global. You don't have to fight with Silicon,20260920T071212Z_REBUILD,rebuild_all
greater israel,greater Israel,organization,,1,1,1,0,32,MEDIUM,cue_entity,MGnJEb4sXwM,said to complete our project greater Israel,20260920T071212Z_REBUILD,rebuild_all
him,him,person,,1,1,1,0,32,MEDIUM,cue_person,tK4hyAbE3rw,And Elson Hamlin did a great interview with him. This one is really good about,20260920T071212Z_REBUILD,rebuild_all
if i m an intern at,if I'm an intern at,organization,,1,1,1,0,32,MEDIUM,cue_entity,mq7GSzwaGBw,you don't the whole company if I'm an intern at a company I don't get access,20260920T071212Z_REBUILD,rebuild_all
it turns out he didn t,it. Turns out he didn't,organization,,1,1,1,0,32,MEDIUM,cue_entity,vR-o6IGspmU,to it was going to prime sponsor it. Turns out he didn't want to prime,20260920T071212Z_REBUILD,rebuild_all
john padfield about,John Padfield about,person,,1,1,1,0,32,MEDIUM,cue_person,vR-o6IGspmU,We're just about to publish an interview with John Padfield about how all the new,20260920T071212Z_REBUILD,rebuild_all
joseph,Joseph,person,,1,1,1,0,32,MEDIUM,cue_person,tK4hyAbE3rw,"So many, many years ago Dr. Joseph",20260920T071212Z_REBUILD,rebuild_all
joseph farrell said,Joseph Farrell said,person,,1,1,1,0,32,MEDIUM,cue_person,tK4hyAbE3rw,"So many, many years ago Dr. Joseph Farrell said, uh",20260920T071212Z_REBUILD,rebuild_all
like google to turn over,like Google to turn over,organization,,1,1,1,0,32,MEDIUM,cue_entity,-YPhdbbhvv4,stretch of time and then force a company like Google to turn over data on every,20260920T071212Z_REBUILD,rebuild_all
next year back on,next year back on,product,,1,1,1,0,32,MEDIUM,cue_entity,vR-o6IGspmU,that's next year. Hopefully I'll report next year back on that. And then my,20260920T071212Z_REBUILD,rebuild_all
of a lot of,of a lot of,organization,,1,1,1,0,32,MEDIUM,cue_entity,mq7GSzwaGBw,sci became the foundation of a lot of,20260920T071212Z_REBUILD,rebuild_all
of a lot of science,of a lot of science,organization,,1,1,1,0,32,MEDIUM,cue_entity,mq7GSzwaGBw,sci became the foundation of a lot of science. So a lot of people in the world,20260920T071212Z_REBUILD,rebuild_all
of array computing in python,of array computing in Python,organization,,1,1,1,0,32,MEDIUM,cue_entity,mq7GSzwaGBw,>> So it's the foundation of array computing in Python. So that's one,20260920T071212Z_REBUILD,rebuild_all
of information,of information,media_show,,1,1,1,0,32,MEDIUM,cue_entity,mq7GSzwaGBw,>> Like if you just have a single channel of information.,20260920T071212Z_REBUILD,rebuild_all
of international affairs,of International Affairs,organization,,1,1,1,0,32,MEDIUM,cue_entity,ChdoKKB48CU,"Royal Institute of International Affairs, the Council on Foreign",20260920T071212Z_REBUILD,rebuild_all
of mayors,of Mayors,event,,1,1,1,0,32,MEDIUM,cue_entity,87SJi_DDbt4,"They were joined by the US Conference of Mayors, the National League of Cities,",20260920T071212Z_REBUILD,rebuild_all
of one i think there s,of one I think there's,organization,,1,1,1,0,32,MEDIUM,cue_entity,mq7GSzwaGBw,are saying the company of one I think there's a in Argentina in fact they're,20260920T071212Z_REBUILD,rebuild_all
of one s a good idea,of one's a good idea,organization,,1,1,1,0,32,MEDIUM,cue_entity,mq7GSzwaGBw,first of all I I don't think company of one's a good idea company of three maybe,20260920T071212Z_REBUILD,rebuild_all
of three maybe cuz,of three maybe cuz,organization,,1,1,1,0,32,MEDIUM,cue_entity,mq7GSzwaGBw,one's a good idea company of three maybe cuz you need a group you need something,20260920T071212Z_REBUILD,rebuild_all
on on the on,on on the on,organization,,1,1,1,0,32,MEDIUM,cue_entity,v4d389XfJbA,"But, when Feder got the company on on the on the phone, they say it's the he",20260920T071212Z_REBUILD,rebuild_all
pirate pirate money,Pirate Pirate Money,product,,1,1,1,0,32,MEDIUM,cue_entity,vR-o6IGspmU,from Pirate Money. He wrote a book called Pirate Pirate Money and I believe,20260920T071212Z_REBUILD,rebuild_all
quansite and a venture fund,Quansite and a venture fund,organization,,1,1,1,0,32,MEDIUM,cue_entity,mq7GSzwaGBw,consult another consulting company called Quansite and a venture fund. So,20260920T071212Z_REBUILD,rebuild_all
sci and sci became,sci and sci became,organization,,1,1,1,0,32,MEDIUM,cue_entity,mq7GSzwaGBw,that grew in to a project called sci and sci became the foundation of a lot of,20260920T071212Z_REBUILD,rebuild_all
system wants to,System wants to,product,,1,1,1,0,32,MEDIUM,cue_entity,es1SX2TSqz8,The Selective Service System wants to,20260920T071212Z_REBUILD,rebuild_all
system wants to war game,System wants to war game,product,,1,1,1,0,32,MEDIUM,cue_entity,es1SX2TSqz8,The Selective Service System wants to war game the draft and the US government,20260920T071212Z_REBUILD,rebuild_all
tax on american technology giant,tax on American technology giant,product,,1,1,1,0,32,MEDIUM,cue_entity,raxt96y9XFQ,digital service tax on American technology giant.,20260920T071212Z_REBUILD,rebuild_all
team didn t want signatures turned,team didn't want signatures turned,organization,,1,1,1,0,32,MEDIUM,cue_entity,vR-o6IGspmU,organization team didn't want signatures turned in to the city clerk or the city,20260920T071212Z_REBUILD,rebuild_all
temple to,Temple to,person,,1,1,1,0,32,MEDIUM,cue_person,KiRtjIh2kjc,"So, welcome [snorts] Mr. Temple to the",20260920T071212Z_REBUILD,rebuild_all
temple to the solari,Temple to the Solari,person,,1,1,1,0,32,MEDIUM,cue_person,KiRtjIh2kjc,"So, welcome [snorts] Mr. Temple to the Solari Report. Your book has made waves",20260920T071212Z_REBUILD,rebuild_all
trump the road to,Trump the road to,person,,1,1,1,0,32,MEDIUM,cue_person,MGnJEb4sXwM,paraphrase of it. Um Mr. Trump the road to Beijing passes through Homos.,20260920T071212Z_REBUILD,rebuild_all
wood or the national,Wood or the national,person,,1,1,1,0,32,MEDIUM,cue_person,m50hk1fyOYs,"truth community researchers, be it Dr. Wood or the national NIST",20260920T071212Z_REBUILD,rebuild_all
you ve done in,you've done in,person,,1,1,1,0,32,MEDIUM,cue_person,MGnJEb4sXwM,I've listened to every interview you've done in the last year. I can't thank you,20260920T071212Z_REBUILD,rebuild_all
china i,China I,person_or_named_entity,,9,1,1,0,31,MEDIUM,proper_case,MGnJEb4sXwM,>> Oh uh completely. Uh I mean apart from those measures uh China I mean is is,20260920T071212Z_REBUILD,rebuild_all
florida house bill,Florida House Bill,person_or_named_entity,,9,1,1,0,31,MEDIUM,proper_case,WET6BjpHGkc,"data, but much much worse than that, I made a video about Florida House Bill",20260920T071212Z_REBUILD,rebuild_all
israelis,Israelis,named_entity,,9,1,1,0,31,MEDIUM,proper_case,MGnJEb4sXwM,"majority of it, however you define it, but most Israelis now support that. It",20260920T071212Z_REBUILD,rebuild_all
juan,Juan,named_entity,,9,1,1,0,31,MEDIUM,proper_case,MGnJEb4sXwM,with the protocols to prove that their cargos were paid for in Juan um and not,20260920T071212Z_REBUILD,rebuild_all
openai,OpenAI,named_entity,,9,1,1,0,31,MEDIUM,proper_case,mq7GSzwaGBw,"this because once they realize, uh, oh, that claude or OpenAI has given us a",20260920T071212Z_REBUILD,rebuild_all
rogue foods,Rogue Foods,person_or_named_entity,,9,1,1,0,31,MEDIUM,proper_case,vR-o6IGspmU,topic which is cash and some there was someone at Rogue Foods who spoke from,20260920T071212Z_REBUILD,rebuild_all
russia and,Russia and,person_or_named_entity,,9,1,1,0,31,MEDIUM,proper_case,MGnJEb4sXwM,because they've learned I mean they watched what's happened to Russia and,20260920T071212Z_REBUILD,rebuild_all
temu,Temu,named_entity,,9,1,1,0,31,MEDIUM,proper_case,v02RjgeEg7Y,">> And then he he and his family started going to Temu, which is a Chinese sort",20260920T071212Z_REBUILD,rebuild_all
travis,Travis,named_entity,,9,1,1,0,31,MEDIUM,proper_case,mq7GSzwaGBw,"over the world. >> Great idea, Travis.",20260920T071212Z_REBUILD,rebuild_all
heat heat,Heat. Heat,person_or_named_entity,,4,3,3,0,31,MEDIUM,proper_case,MGnJEb4sXwM,[music] >> Heat. Heat.,20260920T071212Z_REBUILD,rebuild_all
ai the,AI the,person_or_named_entity,,6,2,2,0,30,MEDIUM,proper_case,mq7GSzwaGBw,"you know uh I don't know pink polka dot everything. So, so but but AI the clear",20260920T071212Z_REBUILD,rebuild_all
america you,America. You,person_or_named_entity,,6,2,2,0,30,MEDIUM,proper_case,MGnJEb4sXwM,anyway. I mean I'm talking about Europe as well as America. You just don't,20260920T071212Z_REBUILD,rebuild_all
australia,Australia,named_entity,,6,2,2,0,30,MEDIUM,proper_case,wnz7NM7h9R4,"half of Qatar's LNG, and then we had the cyclone hit uh Australia, and that shut",20260920T071212Z_REBUILD,rebuild_all
blackrock,BlackRock,product,,6,2,2,0,30,MEDIUM,proper_case,mD_aE7ZCMoo,but they represent the source code of the system that BlackRock has,20260920T071212Z_REBUILD,rebuild_all
capex,CAPEX,named_entity,,6,2,2,0,30,MEDIUM,proper_case,vVa6h4WYlOw,">> because you I mean, the cost, the capital cost, the CAPEX is",20260920T071212Z_REBUILD,rebuild_all
carlos,Carlos,named_entity,,6,2,2,0,30,MEDIUM,proper_case,v02RjgeEg7Y,"but here's here's what you know, Carlos has said, and I think",20260920T071212Z_REBUILD,rebuild_all
control the,Control the,person_or_named_entity,,6,2,2,0,30,MEDIUM,proper_case,MGnJEb4sXwM,us? We want that so that we can control things much better. Control the money,20260920T071212Z_REBUILD,rebuild_all
dtc,DTC,named_entity,,6,2,2,0,30,MEDIUM,proper_case,mq7GSzwaGBw,coins are coming out on a distributed ledger. And now DTC is setting up,20260920T071212Z_REBUILD,rebuild_all
dubai,Dubai,named_entity,,6,2,2,0,30,MEDIUM,proper_case,MGnJEb4sXwM,vessels in no uncertain terms to move away and move back to Dubai port and,20260920T071212Z_REBUILD,rebuild_all
exactly and,Exactly. And,person_or_named_entity,,6,2,2,0,30,MEDIUM,proper_case,mq7GSzwaGBw,we have on our servers and can protect people's privacy. Exactly. And so when,20260920T071212Z_REBUILD,rebuild_all
exactly exactly and and i i,Exactly. Exactly. And and I I,named_entity,,6,2,2,0,30,MEDIUM,proper_case,mq7GSzwaGBw,control us. >> Exactly. Exactly. And and I I share,20260920T071212Z_REBUILD,rebuild_all
gaza,Gaza,named_entity,,6,2,2,0,30,MEDIUM,proper_case,MGnJEb4sXwM,"in prospect. It is not. >> And so they're saying in Gaza, you have",20260920T071212Z_REBUILD,rebuild_all
german,German,named_entity,,6,2,2,0,30,MEDIUM,proper_case,eoeftpuyQXw,"aren't familiar, uh Clausewitz wrote On War. And uh the the German term is",20260920T071212Z_REBUILD,rebuild_all
germans,Germans,named_entity,,6,2,2,0,30,MEDIUM,proper_case,m50hk1fyOYs,"thing. You know, the Germans rounded up a bunch",20260920T071212Z_REBUILD,rebuild_all
hamas,Hamas,named_entity,,6,2,2,0,30,MEDIUM,proper_case,MGnJEb4sXwM,">> And so they're saying in Gaza, you have failed. Look, Hamas is still there. It's",20260920T071212Z_REBUILD,rebuild_all
hl hunt,HL Hunt,person_or_named_entity,,6,2,2,0,30,MEDIUM,proper_case,ilzuEH2Enr4,that are distributed and centralized. >> This is what HL Hunt said. I told you,20260920T071212Z_REBUILD,rebuild_all
i m and,I'm and,person_or_named_entity,,6,2,2,0,30,MEDIUM,proper_case,MGnJEb4sXwM,It's very important. Israel is at a a crucial point. I'm and they may um,20260920T071212Z_REBUILD,rebuild_all
if i,If I,person_or_named_entity,,6,2,2,0,30,MEDIUM,proper_case,r7POfIOIJd8,it on my TV screen. If I had a smart TV that was connected,20260920T071212Z_REBUILD,rebuild_all
katherine s,Katherine's,named_entity,,6,2,2,0,30,MEDIUM,proper_case,mq7GSzwaGBw,simply allows you to oh I'm taking my frame from here's Katherine's frame. So,20260920T071212Z_REBUILD,rebuild_all
let s,Let's,named_entity,,6,2,2,0,30,MEDIUM,proper_case,mq7GSzwaGBw,"the family antiques was going and eBay had just started. So we said, ""Let's try",20260920T071212Z_REBUILD,rebuild_all
lng,LNG,named_entity,,6,2,2,0,30,MEDIUM,proper_case,wnz7NM7h9R4,are making a fortune. Um particularly the LNG companies,20260920T071212Z_REBUILD,rebuild_all
middle,Middle,organization,,6,2,2,0,30,MEDIUM,proper_case,m50hk1fyOYs,the necessity for America to project American military power into the Middle,20260920T071212Z_REBUILD,rebuild_all
new york,New York,person_or_named_entity,,6,2,2,0,30,MEDIUM,proper_case,tK4hyAbE3rw,"from uh behind the Iron Curtain. And when they hit New York, they would um",20260920T071212Z_REBUILD,rebuild_all
nvidia,Nvidia,named_entity,,6,2,2,0,30,MEDIUM,proper_case,mq7GSzwaGBw,"partner with with Meta. We partner with Google, we partner with Nvidia, we",20260920T071212Z_REBUILD,rebuild_all
on the,On the,person_or_named_entity,,6,2,2,0,30,MEDIUM,proper_case,mq7GSzwaGBw,"like GitHub, where developers share their work with the world. On the flip",20260920T071212Z_REBUILD,rebuild_all
right in,Right. In,person_or_named_entity,,6,2,2,0,30,MEDIUM,proper_case,LTWifAkVVDg,">> Right. >> Right. In other words,",20260920T071212Z_REBUILD,rebuild_all
right we,Right. We,person_or_named_entity,,6,2,2,0,30,MEDIUM,proper_case,vVa6h4WYlOw,there's not the energy. Not the energy. Right. We don't have the,20260920T071212Z_REBUILD,rebuild_all
rothschilds,Rothschilds,named_entity,,6,2,2,0,30,MEDIUM,proper_case,ChdoKKB48CU,"was certainly the case in 1815, the Rothschilds crashed the stock market",20260920T071212Z_REBUILD,rebuild_all
tell,Tell,named_entity,,6,2,2,0,30,MEDIUM,proper_case,ilzuEH2Enr4,"now when I was an investment advisor, everybody kept saying, ""Tell me how I",20260920T071212Z_REBUILD,rebuild_all
thomas massie,Thomas Massie,person_or_named_entity,,6,2,2,0,30,MEDIUM,proper_case,MGnJEb4sXwM,Thomas Massie in his primary. He's been,20260920T071212Z_REBUILD,rebuild_all
wait,Wait,named_entity,,6,2,2,0,30,MEDIUM,proper_case,mq7GSzwaGBw,">> you know, exactly. It would be creepy if you're like, ""Wait a minute. I want and",20260920T071212Z_REBUILD,rebuild_all
yeah it s,Yeah. It's,person_or_named_entity,,6,2,2,0,30,MEDIUM,proper_case,mq7GSzwaGBw,"eventually. So, I'm hopeful for this. >> Yeah. It's challenging because the",20260920T071212Z_REBUILD,rebuild_all
yeah they,Yeah. They,person_or_named_entity,,6,2,2,0,30,MEDIUM,proper_case,87SJi_DDbt4,>> They care. Really? Yeah. They care.,20260920T071212Z_REBUILD,rebuild_all
yeah you,Yeah. You,person_or_named_entity,,6,2,2,0,30,MEDIUM,proper_case,6Mg0q_IyWgY,and and and any tourism activity that involved using a lot of fuel. Yeah. You,20260920T071212Z_REBUILD,rebuild_all
panama canal,Panama Canal,person_or_named_entity,,8,1,1,0,29,MEDIUM,proper_case,MGnJEb4sXwM,that you may recall that uh the Panama Canal has two ports on it which formerly,20260920T071212Z_REBUILD,rebuild_all
representative s,Representative S,person_or_named_entity,,8,1,1,0,29,MEDIUM,proper_case,vR-o6IGspmU,"testimony the previous time, again, back to Representative S., he said, well, he",20260920T071212Z_REBUILD,rebuild_all
sec,SEC,government,,8,1,1,0,29,MEDIUM,proper_case,tQjAGbYIw00,The SEC rule change means that anything,20260920T071212Z_REBUILD,rebuild_all
sou,Sou,named_entity,,8,1,1,0,29,MEDIUM,proper_case,vR-o6IGspmU,"Brandon, most of our friends and community are in Brandon, not in Sou",20260920T071212Z_REBUILD,rebuild_all
abu dhabi,Abu Dhabi,person_or_named_entity,,5,2,2,0,28,MEDIUM,proper_case,LTWifAkVVDg,to get out. This is a stunning turn of events for Abu Dhabi,20260920T071212Z_REBUILD,rebuild_all
chinese and,Chinese and,person_or_named_entity,,5,2,2,0,28,MEDIUM,proper_case,MaTz-usR3uo,"that you know, there's a real competition between the Chinese and",20260920T071212Z_REBUILD,rebuild_all
idf,IDF,named_entity,,5,2,2,0,28,MEDIUM,proper_case,mD_aE7ZCMoo,No IDF officer is responsible for,20260920T071212Z_REBUILD,rebuild_all
los angeles,Los Angeles,person_or_named_entity,,5,2,2,0,28,MEDIUM,proper_case,v4d389XfJbA,stolen by a dealership in Los Angeles.,20260920T071212Z_REBUILD,rebuild_all
right i,Right. I,person_or_named_entity,,5,2,2,0,28,MEDIUM,proper_case,MztMjj6LxXk,Right. I just looked at the stats on,20260920T071212Z_REBUILD,rebuild_all
scotland,Scotland,named_entity,,5,2,2,0,28,MEDIUM,proper_case,37qD1Jj3NOc,parties there. For the first time ever there are first ministers in Scotland,20260920T071212Z_REBUILD,rebuild_all
stalin,Stalin,named_entity,,5,2,2,0,28,MEDIUM,proper_case,Oxk8BAFUdBE,"this case, the political opportunity could be the death of Stalin like in the",20260920T071212Z_REBUILD,rebuild_all
united states and,United States and,person_or_named_entity,,5,2,2,0,28,MEDIUM,proper_case,MGnJEb4sXwM,our points that was the 12point plan that they gave to the United States and,20260920T071212Z_REBUILD,rebuild_all
western,Western,named_entity,,5,2,2,0,28,MEDIUM,proper_case,eoeftpuyQXw,"uh several millennia long uh through, if you look at the lens of Western uh",20260920T071212Z_REBUILD,rebuild_all
china so,China. So,person_or_named_entity,,7,1,1,0,27,MEDIUM,proper_case,MGnJEb4sXwM,through all the accesses um for China. So we saw this in Venezuela. We've seen,20260920T071212Z_REBUILD,rebuild_all
easter,Easter,named_entity,,7,1,1,0,27,MEDIUM,proper_case,vR-o6IGspmU,just didn't happen to know ended up coming to my Easter party and learned,20260920T071212Z_REBUILD,rebuild_all
utopia citizen,Utopia. Citizen,person_or_named_entity,,7,1,1,0,27,MEDIUM,proper_case,vR-o6IGspmU,Welcome to Utopia. Citizen departures,20260920T071212Z_REBUILD,rebuild_all
ai and the,AI and the,person_or_named_entity,,4,2,2,0,26,MEDIUM,proper_case,mD_aE7ZCMoo,"this data you know, with AI and the data centers,",20260920T071212Z_REBUILD,rebuild_all
argentina,Argentina,organization,,4,2,2,0,26,MEDIUM,proper_case,mq7GSzwaGBw,are saying the company of one I think there's a in Argentina in fact they're,20260920T071212Z_REBUILD,rebuild_all
canada,Canada,named_entity,,4,2,2,0,26,MEDIUM,proper_case,H0v8c7WingM,America right now and I well I'm in Canada right now but I spent the last 6,20260920T071212Z_REBUILD,rebuild_all
europe so,Europe. So,person_or_named_entity,,4,2,2,0,26,MEDIUM,proper_case,eRQbIpPkxVE,doomed. So he started crying when the private sector in Europe. So it's,20260920T071212Z_REBUILD,rebuild_all
february,February,named_entity,,4,2,2,0,26,MEDIUM,proper_case,INWRgXjwPXk,strikes against Iran on February 27th.,20260920T071212Z_REBUILD,rebuild_all
iraq,Iraq,named_entity,,4,2,2,0,26,MEDIUM,proper_case,MGnJEb4sXwM,"appropriations from Afghanistan, from Iraq, um trying to um impute intent to",20260920T071212Z_REBUILD,rebuild_all
middle east so,Middle East. So,person_or_named_entity,,4,2,2,0,26,MEDIUM,proper_case,m50hk1fyOYs,"projecting American power into the Middle East. So,",20260920T071212Z_REBUILD,rebuild_all
minnesota,Minnesota,named_entity,,4,2,2,0,26,MEDIUM,proper_case,v4d389XfJbA,was test driving a Range Rover with his wife in Minnesota.,20260920T071212Z_REBUILD,rebuild_all
money and,Money and,person_or_named_entity,,4,2,2,0,26,MEDIUM,proper_case,MaTz-usR3uo,is on top. Mhm. And it's um one of the things we're covering in Money and,20260920T071212Z_REBUILD,rebuild_all
quite,Quite,product,,4,2,2,0,26,MEDIUM,proper_case,KKxQfBk1zBY,"model to compete with that."" Quite immediately, the goldsmith would",20260920T071212Z_REBUILD,rebuild_all
september,September,named_entity,,4,2,2,0,26,MEDIUM,proper_case,RRPA9FVZ2Ds,"turned out that on the day of September 11, all of",20260920T071212Z_REBUILD,rebuild_all
webster tarpley,Webster Tarpley,person_or_named_entity,,4,2,2,0,26,MEDIUM,proper_case,m50hk1fyOYs,"these people would argue, Webster Tarpley would argue",20260920T071212Z_REBUILD,rebuild_all
yeah i i,Yeah. I I,person_or_named_entity,,4,2,2,0,26,MEDIUM,proper_case,71DIp8e2mXk,"of of where your head's at? >> Yeah. I I you know, I don't I don't look",20260920T071212Z_REBUILD,rebuild_all
yeah right,Yeah. Right,person_or_named_entity,,4,2,2,0,26,MEDIUM,proper_case,87SJi_DDbt4,who will vote. Yeah. Right? Yeah. That's,20260920T071212Z_REBUILD,rebuild_all
yes so,Yes. So,person_or_named_entity,,4,2,2,0,26,MEDIUM,proper_case,vR-o6IGspmU,">> you need a legislative cleanup anyway. >> Yes. So, but I don't think that's",20260920T071212Z_REBUILD,rebuild_all
abc,ABC,named_entity,,6,1,1,0,25,MEDIUM,proper_case,vR-o6IGspmU,"me just say it that way. So, I said, ""I'm going to call the bill the ABC high",20260920T071212Z_REBUILD,rebuild_all
air force one and,Air Force One and,person_or_named_entity,,6,1,1,0,25,MEDIUM,proper_case,RRPA9FVZ2Ds,"press, he got back on Air Force One and",20260920T071212Z_REBUILD,rebuild_all
ais,AIs,named_entity,,6,1,1,0,25,MEDIUM,proper_case,mq7GSzwaGBw,lose your data sovereignty as you're um sending information to AIs that aren't,20260920T071212Z_REBUILD,rebuild_all
alistister,Alistister,named_entity,,6,1,1,0,25,MEDIUM,proper_case,MGnJEb4sXwM,we've discovered is that there's a this started Alistister because our,20260920T071212Z_REBUILD,rebuild_all
american century,American Century,organization,,6,1,1,0,25,MEDIUM,proper_case,m50hk1fyOYs,"and number two, on the fact that the project for the new American Century",20260920T071212Z_REBUILD,rebuild_all
anaconda,Anaconda,organization,,6,1,1,0,25,MEDIUM,proper_case,mq7GSzwaGBw,quickly. I I first went to Texas and founded a company called Anaconda after,20260920T071212Z_REBUILD,rebuild_all
anthropic,Anthropic,named_entity,,6,1,1,0,25,MEDIUM,proper_case,mq7GSzwaGBw,"where you want to be. >> If you're using Anthropic,",20260920T071212Z_REBUILD,rebuild_all
ceo,CEO,named_entity,,6,1,1,0,25,MEDIUM,proper_case,mq7GSzwaGBw,started. I've had various CEOs run it. I took over as CEO. I was a CEO,20260920T071212Z_REBUILD,rebuild_all
cftc,CFTC,government,,6,1,1,0,25,MEDIUM,proper_case,INWRgXjwPXk,who filed a group's complaint against uh to the CFTC complaining about insider,20260920T071212Z_REBUILD,rebuild_all
chevron,Chevron,named_entity,,6,1,1,0,25,MEDIUM,proper_case,YItOkNjS4OY,the push to control using energy is really on. Yeah. So um Chevron it's,20260920T071212Z_REBUILD,rebuild_all
china s,China's,named_entity,,6,1,1,0,25,MEDIUM,proper_case,MGnJEb4sXwM,"worked, but it was intended also um to squeeze China's supply line. In fact,",20260920T071212Z_REBUILD,rebuild_all
christmas and,Christmas. And,person_or_named_entity,,6,1,1,0,25,MEDIUM,proper_case,vR-o6IGspmU,that's exactly Yeah. It's 1999 at on sale at Christmas. And this is what they,20260920T071212Z_REBUILD,rebuild_all
copernican,Copernican,named_entity,,6,1,1,0,25,MEDIUM,proper_case,oc8B5AqvkUE,we had a kind of extension of the pre-Copernican worldview.,20260920T071212Z_REBUILD,rebuild_all
crud,CRUD,named_entity,,6,1,1,0,25,MEDIUM,proper_case,mq7GSzwaGBw,"something called create, read, update delete. is CRUD a CRUD interface. So you",20260920T071212Z_REBUILD,rebuild_all
dai mai,Dai Mai,product,,6,1,1,0,25,MEDIUM,proper_case,xIZYuhJjYAQ,"living down there in the belly. In the Chinese system, the Dai Mai, the eight",20260920T071212Z_REBUILD,rebuild_all
dtm so,DTM. So,person_or_named_entity,,6,1,1,0,25,MEDIUM,proper_case,v4d389XfJbA,"but rather 34 03 DTM. So, you see the difference is in",20260920T071212Z_REBUILD,rebuild_all
europe i,Europe I,person_or_named_entity,,6,1,1,0,25,MEDIUM,proper_case,MGnJEb4sXwM,United States and to Europe I mean you know we're just,20260920T071212Z_REBUILD,rebuild_all
european union,European Union,person_or_named_entity,,6,1,1,0,25,MEDIUM,proper_case,MGnJEb4sXwM,global exports have been surging >> yes to the to Asia to the European Union,20260920T071212Z_REBUILD,rebuild_all
exactly but,Exactly. But,person_or_named_entity,,6,1,1,0,25,MEDIUM,proper_case,mq7GSzwaGBw,>> echo what's happening now. >> Exactly. But it's getting worse.,20260920T071212Z_REBUILD,rebuild_all
exactly so,Exactly. So,person_or_named_entity,,6,1,1,0,25,MEDIUM,proper_case,vR-o6IGspmU,"won't, you know. >> Exactly. So, but then I I had an idea",20260920T071212Z_REBUILD,rebuild_all
excel,Excel,named_entity,,6,1,1,0,25,MEDIUM,proper_case,mq7GSzwaGBw,Like you got to become a specialist. There's lots of people use Excel very,20260920T071212Z_REBUILD,rebuild_all
flock s ai,Flock's AI,person_or_named_entity,,6,1,1,0,25,MEDIUM,proper_case,v4d389XfJbA,Officers said that they'd been tracking him for days using Flock's AI integrated,20260920T071212Z_REBUILD,rebuild_all
gallatin,Gallatin,named_entity,,6,1,1,0,25,MEDIUM,proper_case,zXpH1Lw08m0,"demographic. 53% of 45 to 64, Gallatin could even",20260920T071212Z_REBUILD,rebuild_all
god and,God and,person_or_named_entity,,6,1,1,0,25,MEDIUM,proper_case,vR-o6IGspmU,cash legislation and we have to be right with God and have proof for everything,20260920T071212Z_REBUILD,rebuild_all
homus,Homus,named_entity,,6,1,1,0,25,MEDIUM,proper_case,MGnJEb4sXwM,between Kasam Island and Larak Island in order to exit from uh Homus.,20260920T071212Z_REBUILD,rebuild_all
ira,IRA,named_entity,,6,1,1,0,25,MEDIUM,proper_case,mq7GSzwaGBw,">> um uh what we need to do is if you look at everybody's 401k and IRA,",20260920T071212Z_REBUILD,rebuild_all
iran of,Iran of,person_or_named_entity,,6,1,1,0,25,MEDIUM,proper_case,MGnJEb4sXwM,the consequence was um an expansion by Iran of its restricted area right up,20260920T071212Z_REBUILD,rebuild_all
italian,Italian,named_entity,,6,1,1,0,25,MEDIUM,proper_case,MGnJEb4sXwM,what what what is the point of being a a an Italian? What is the vision of it?,20260920T071212Z_REBUILD,rebuild_all
johnny cash,Johnny Cash,person_or_named_entity,,6,1,1,0,25,MEDIUM,proper_case,vR-o6IGspmU,his nickname is Johnny Cash and everyone started calling him Johnny Cash this,20260920T071212Z_REBUILD,rebuild_all
johnny cash and,Johnny Cash and,person_or_named_entity,,6,1,1,0,25,MEDIUM,proper_case,vR-o6IGspmU,actually got a nickname this year and his nickname is Johnny Cash and everyone,20260920T071212Z_REBUILD,rebuild_all
lbridge,Lbridge,named_entity,,6,1,1,0,25,MEDIUM,proper_case,MGnJEb4sXwM,"Chinese, if you like, technology that was first trled by BIS, um the Lbridge,",20260920T071212Z_REBUILD,rebuild_all
lebanon,Lebanon,named_entity,,6,1,1,0,25,MEDIUM,proper_case,MGnJEb4sXwM,"take, you know, Syria. We're going to take Lebanon, part of Lebanon. We are",20260920T071212Z_REBUILD,rebuild_all
middle east i,Middle East. I,person_or_named_entity,,6,1,1,0,25,MEDIUM,proper_case,MGnJEb4sXwM,"disrupt um if you like what's happening in the Middle East. I wouldn't, you",20260920T071212Z_REBUILD,rebuild_all
monday,Monday,named_entity,,6,1,1,0,25,MEDIUM,proper_case,vR-o6IGspmU,so we had the whole weekend and they were going to reconsider on Monday when,20260920T071212Z_REBUILD,rebuild_all
none of,None of,person_or_named_entity,,6,1,1,0,25,MEDIUM,proper_case,vR-o6IGspmU,"say this crypto secure, this credit card, this bank account. None of it is.",20260920T071212Z_REBUILD,rebuild_all
numpy,NumPy,named_entity,,6,1,1,0,25,MEDIUM,proper_case,mq7GSzwaGBw,helping scientists do their job easier. >> People wanting to use NumPy sort of drew,20260920T071212Z_REBUILD,rebuild_all
o brien s,O'Brien's,named_entity,,6,1,1,0,25,MEDIUM,proper_case,mq7GSzwaGBw,order >> O'Brien's law,20260920T071212Z_REBUILD,rebuild_all
offutt air force base,Offutt Air Force Base,person_or_named_entity,,6,1,1,0,25,MEDIUM,proper_case,RRPA9FVZ2Ds,"flew to Offutt Air Force Base in Omas,",20260920T071212Z_REBUILD,rebuild_all
okay well,Okay. Well,person_or_named_entity,,6,1,1,0,25,MEDIUM,proper_case,mq7GSzwaGBw,"worthy goal. >> Okay. Well, anything else you want to",20260920T071212Z_REBUILD,rebuild_all
open teams,Open Teams,person_or_named_entity,,6,1,1,0,25,MEDIUM,proper_case,mq7GSzwaGBw,So it's that ends up being your AI that Open Teams helps you build. We're like a,20260920T071212Z_REBUILD,rebuild_all
palanteer,Palanteer,named_entity,,6,1,1,0,25,MEDIUM,proper_case,mq7GSzwaGBw,prime minister Ehood Barak. This is the same Palanteer that has started,20260920T071212Z_REBUILD,rebuild_all
paypal mafia,PayPal Mafia,person_or_named_entity,,6,1,1,0,25,MEDIUM,proper_case,mD_aE7ZCMoo,"people. >> PayPal Mafia, here we go. The",20260920T071212Z_REBUILD,rebuild_all
pentagon,Pentagon,named_entity,,6,1,1,0,25,MEDIUM,proper_case,aQYwmh0gCQo,in the dining room for the Secretary of Defense at the Pentagon getting a,20260920T071212Z_REBUILD,rebuild_all
pirate money,Pirate Money,organization,,6,1,1,0,25,MEDIUM,proper_case,vR-o6IGspmU,"has has some kind of company uh Pirate Money. So from Pirate Money, I was able",20260920T071212Z_REBUILD,rebuild_all
python and,Python and,person_or_named_entity,,6,1,1,0,25,MEDIUM,proper_case,mq7GSzwaGBw,at the Mayo Clinic and I encountered Python and trying to solve my problems.,20260920T071212Z_REBUILD,rebuild_all
qatar,Qatar,named_entity,,6,1,1,0,25,MEDIUM,proper_case,wnz7NM7h9R4,">> You know, that's a great point. I'm glad you brought that up cuz the Qatar strike",20260920T071212Z_REBUILD,rebuild_all
russians,Russians,named_entity,,6,1,1,0,25,MEDIUM,proper_case,MGnJEb4sXwM,very close relationship both with Iran and with Russia and I think the Russians,20260920T071212Z_REBUILD,rebuild_all
s p,S&P,named_entity,,6,1,1,0,25,MEDIUM,proper_case,wfpVe_F_0UE,They don't know there's a problem. >> 45% of the S&P 500 is AI or AI-adjacent.,20260920T071212Z_REBUILD,rebuild_all
san francisco,San Francisco,person_or_named_entity,,6,1,1,0,25,MEDIUM,proper_case,9Td1lcX-Cno,"cable cutting episode in California, in San Francisco,",20260920T071212Z_REBUILD,rebuild_all
solary,Solary,named_entity,,6,1,1,0,25,MEDIUM,proper_case,vR-o6IGspmU,bank. We looked at their financials. We did the whole Solary finding a good,20260920T071212Z_REBUILD,rebuild_all
substack,Substack,media_show,,6,1,1,0,25,MEDIUM,proper_case,MGnJEb4sXwM,"on in the world in the Middle East. Um, you have a wonderful Substack called",20260920T071212Z_REBUILD,rebuild_all
tesla,Tesla,named_entity,,6,1,1,0,25,MEDIUM,proper_case,oGWf3g8iYLA,royalties that he would have had sponsoring Tesla as as his financial,20260920T071212Z_REBUILD,rebuild_all
tesla s,Tesla's,product,,6,1,1,0,25,MEDIUM,proper_case,oGWf3g8iYLA,that we had that kind of system of energy with Tesla's wireless power,20260920T071212Z_REBUILD,rebuild_all
treasuries,Treasuries,named_entity,,6,1,1,0,25,MEDIUM,proper_case,WGn_E_9ZS2Q,around the world into the my Treasury bill market to finance Treasuries.,20260920T071212Z_REBUILD,rebuild_all
world war iii,World War III,person_or_named_entity,,6,1,1,0,25,MEDIUM,proper_case,FXNfNrtGHlo,"and markets. And John, our theme is >> World War III madness. There is no",20260920T071212Z_REBUILD,rebuild_all
wyoming and,Wyoming and,person_or_named_entity,,6,1,1,0,25,MEDIUM,proper_case,vR-o6IGspmU,someone at Rogue Foods who spoke from Wyoming and we got in a conversation,20260920T071212Z_REBUILD,rebuild_all
yeah well,Yeah. Well,person_or_named_entity,,6,1,1,0,25,MEDIUM,proper_case,vR-o6IGspmU,"general. >> Yeah. Well,",20260920T071212Z_REBUILD,rebuild_all
zionist,Zionist,named_entity,,6,1,1,0,25,MEDIUM,proper_case,MGnJEb4sXwM,you're seeing an enormous rejection by the young people of the Zionist element,20260920T071212Z_REBUILD,rebuild_all
britain,Britain,named_entity,,3,2,2,0,24,LOW,proper_case,ChdoKKB48CU,the Rothschilds crashed the stock market of Britain.,20260920T071212Z_REBUILD,rebuild_all
by the,By the,person_or_named_entity,,3,2,2,0,24,LOW,proper_case,ChdoKKB48CU,"By the following year, they'd crashed",20260920T071212Z_REBUILD,rebuild_all
america s,America's,named_entity,,5,1,1,0,23,LOW,proper_case,RRPA9FVZ2Ds,"all of America's nuclear forces, all of them",20260920T071212Z_REBUILD,rebuild_all
claude,Claude,named_entity,,5,1,1,0,23,LOW,proper_case,mq7GSzwaGBw,">> If you're using Anthropic, >> if [clears throat] you're using Claude",20260920T071212Z_REBUILD,rebuild_all
gulf financial center,Gulf Financial Center,person_or_named_entity,,5,1,1,0,23,LOW,proper_case,MGnJEb4sXwM,and US stocks to raise capital. So that brings us to the Gulf Financial Center.,20260920T071212Z_REBUILD,rebuild_all
halloween,Halloween,named_entity,,5,1,1,0,23,LOW,proper_case,vR-o6IGspmU,"things I've done has actually been Halloween cash at Halloween. So, I have",20260920T071212Z_REBUILD,rebuild_all
hebrew,Hebrew,named_entity,,5,1,1,0,23,LOW,proper_case,MGnJEb4sXwM,she lived in Israel as I did for a number of years and was at the Hebrew,20260920T071212Z_REBUILD,rebuild_all
january february,January February,person_or_named_entity,,5,1,1,0,23,LOW,proper_case,MGnJEb4sXwM,with say 537 billion. Today it's dropped if you just look January February it's,20260920T071212Z_REBUILD,rebuild_all
mastercard,Mastercard,named_entity,,5,1,1,0,23,LOW,proper_case,vR-o6IGspmU,"community, where did it go? It went to Mastercard that's head headquartered in",20260920T071212Z_REBUILD,rebuild_all
range rover,Range Rover,person_or_named_entity,,5,1,1,0,23,LOW,proper_case,v4d389XfJbA,was suddenly swarmed by armed cops. He was test driving a Range Rover with his,20260920T071212Z_REBUILD,rebuild_all
saudi arabia,Saudi Arabia,person_or_named_entity,,5,1,1,0,23,LOW,proper_case,MGnJEb4sXwM,the United States in an attack. Saudi Arabia um refused to go down that and,20260920T071212Z_REBUILD,rebuild_all
selective service system,Selective Service System,product,,5,1,1,0,23,LOW,proper_case,es1SX2TSqz8,The Selective Service System wants to,20260920T071212Z_REBUILD,rebuild_all
supreme court,Supreme Court,person_or_named_entity,,5,1,1,0,23,LOW,proper_case,-YPhdbbhvv4,Supreme Court 6-3 ruling,20260920T071212Z_REBUILD,rebuild_all
swift,Swift,named_entity,,5,1,1,0,23,LOW,proper_case,MaTz-usR3uo,"Markets is the Escape sub stack has a new post called Swift, and it points out",20260920T071212Z_REBUILD,rebuild_all
thanksgiving,Thanksgiving,named_entity,,5,1,1,0,23,LOW,proper_case,vR-o6IGspmU,signatures which in our area was 400 signatures. It was around Thanksgiving.,20260920T071212Z_REBUILD,rebuild_all
mhm so,Mhm. So,person_or_named_entity,,2,2,2,0,22,LOW,proper_case,KiRtjIh2kjc,"these concepts which are undefined. Mhm. So,",20260920T071212Z_REBUILD,rebuild_all
middle east and the,Middle East. And the,person_or_named_entity,,2,2,2,0,22,LOW,proper_case,m50hk1fyOYs,"Middle East. And the only way to do that, they",20260920T071212Z_REBUILD,rebuild_all
money and markets,Money and Markets,person_or_named_entity,,2,2,2,0,22,LOW,proper_case,MaTz-usR3uo,things we're covering in Money and Markets is the Escape sub stack has a,20260920T071212Z_REBUILD,rebuild_all
right this,Right. This,person_or_named_entity,,2,2,2,0,22,LOW,proper_case,MztMjj6LxXk,>> Right. This is yet another It It's like like,20260920T071212Z_REBUILD,rebuild_all
beijing and,Beijing and,person_or_named_entity,,4,1,1,0,21,LOW,proper_case,MGnJEb4sXwM,the uh foreign minister of Iran has just been in Beijing and has just come back,20260920T071212Z_REBUILD,rebuild_all
fox news,Fox News,organization,,4,1,1,0,21,LOW,proper_case,zXpH1Lw08m0,">> Right. So so retired, watch Fox News, probably a",20260920T071212Z_REBUILD,rebuild_all
frankfurt,Frankfurt,named_entity,,4,1,1,0,21,LOW,proper_case,ChdoKKB48CU,"certain families, particularly from Frankfurt, that were",20260920T071212Z_REBUILD,rebuild_all
imago dei this,Imago Dei. This,person_or_named_entity,,4,1,1,0,21,LOW,proper_case,eoeftpuyQXw,Judeo-Christian concept of Imago Dei. This idea that there is a distinct,20260920T071212Z_REBUILD,rebuild_all
j p morgan,J.P. Morgan,person_or_named_entity,,4,1,1,0,21,LOW,proper_case,oGWf3g8iYLA,And the story is always told that J.P. Morgan,20260920T071212Z_REBUILD,rebuild_all
january,January,named_entity,,4,1,1,0,21,LOW,proper_case,vR-o6IGspmU,"about 6,700 signatures needed in 20 days in January in South Dakota.",20260920T071212Z_REBUILD,rebuild_all
mag,Mag,named_entity,,4,1,1,0,21,LOW,proper_case,tQjAGbYIw00,or higher gets automatic admission to the Mag 7. It becomes the,20260920T071212Z_REBUILD,rebuild_all
margaret,Margaret,named_entity,,4,1,1,0,21,LOW,proper_case,vR-o6IGspmU,676. >> I can't wait to see Margaret.,20260920T071212Z_REBUILD,rebuild_all
marlo,Marlo,named_entity,,4,1,1,0,21,LOW,proper_case,mq7GSzwaGBw,"But if you look at how talented and capable Marlo is, you know, with your",20260920T071212Z_REBUILD,rebuild_all
mediterranean,Mediterranean,named_entity,,4,1,1,0,21,LOW,proper_case,MGnJEb4sXwM,hit Russian tankers um in the Mediterranean or at least at the mouth,20260920T071212Z_REBUILD,rebuild_all
microsoft,Microsoft,named_entity,,4,1,1,0,21,LOW,proper_case,mq7GSzwaGBw,answer so in the evolution of computing it's why Microsoft showed up because IBM,20260920T071212Z_REBUILD,rebuild_all
national association of,National Association of,organization,,4,1,1,0,21,LOW,proper_case,87SJi_DDbt4,"So what carried the day? She says, well you had the National Association of",20260920T071212Z_REBUILD,rebuild_all
pakistan,Pakistan,named_entity,,4,1,1,0,21,LOW,proper_case,MGnJEb4sXwM,"those states said, ""Sorry, we are with Pakistan on this."" And so we had a",20260920T071212Z_REBUILD,rebuild_all
palantir,Palantir,product,,4,1,1,0,21,LOW,proper_case,mD_aE7ZCMoo,"the system that BlackRock has industrialized, that Palantir has",20260920T071212Z_REBUILD,rebuild_all
panama,Panama,named_entity,,4,1,1,0,21,LOW,proper_case,MGnJEb4sXwM,added to it because a few days before that you may recall that uh the Panama,20260920T071212Z_REBUILD,rebuild_all
pirate,Pirate,organization,,4,1,1,0,21,LOW,proper_case,vR-o6IGspmU,called Pirate Pirate Money and I believe has has some kind of company uh Pirate,20260920T071212Z_REBUILD,rebuild_all
poland s,Poland's,named_entity,,4,1,1,0,21,LOW,proper_case,Oxk8BAFUdBE,with a very large caveat. Uh and that would be that in Poland's,20260920T071212Z_REBUILD,rebuild_all
president trump,President Trump,person_or_named_entity,,4,1,1,0,21,LOW,proper_case,MGnJEb4sXwM,"that is because I think um uh President Trump is considering, you know, the the",20260920T071212Z_REBUILD,rebuild_all
shanghai,Shanghai,named_entity,,4,1,1,0,21,LOW,proper_case,MGnJEb4sXwM,"innovations quietly like such as uh on the Shanghai um gold exchange, metal",20260920T071212Z_REBUILD,rebuild_all
sou falls so,Sou Falls. So,person_or_named_entity,,4,1,1,0,21,LOW,proper_case,vR-o6IGspmU,phone tower couldn't do this because we don't live in Sou Falls. So our,20260920T071212Z_REBUILD,rebuild_all
south dakota and,South Dakota and,person_or_named_entity,,4,1,1,0,21,LOW,proper_case,vR-o6IGspmU,do it. We I can sit here in South Dakota and pass laws until I'm blue in the face,20260920T071212Z_REBUILD,rebuild_all
south dakota they,South Dakota. They,person_or_named_entity,,4,1,1,0,21,LOW,proper_case,vR-o6IGspmU,business and they're not based in South Dakota. They have 174 locations,20260920T071212Z_REBUILD,rebuild_all
south dakota they re,South Dakota. They're,person_or_named_entity,,4,1,1,0,21,LOW,proper_case,vR-o6IGspmU,business. They are based in South Dakota. They're owned by Sanford Health.,20260920T071212Z_REBUILD,rebuild_all
tedros,Tedros,named_entity,,4,1,1,0,21,LOW,proper_case,6Mg0q_IyWgY,"Like, ""Oh my god, look how important my symptoms are."" So Tedros is all of",20260920T071212Z_REBUILD,rebuild_all
tucker,Tucker,named_entity,,4,1,1,0,21,LOW,proper_case,MGnJEb4sXwM,"in fact, when the interview was over, Tucker then added a section where he",20260920T071212Z_REBUILD,rebuild_all
abc and,ABC and,person_or_named_entity,,3,1,1,0,19,LOW,proper_case,mq7GSzwaGBw,>> The point escaped me. I didn't know why he thought this was better than ABC and,20260920T071212Z_REBUILD,rebuild_all
abraham lincoln,Abraham Lincoln,person_or_named_entity,,3,1,1,0,19,LOW,proper_case,vR-o6IGspmU,an ice cream. They have the what is it? The [sighs] Abraham Lincoln ice cream or,20260920T071212Z_REBUILD,rebuild_all
abs yeah if,Abs- Yeah. If,person_or_named_entity,,3,1,1,0,19,LOW,proper_case,87SJi_DDbt4,>> care? Abs- Yeah. If you sit down and you write,20260920T071212Z_REBUILD,rebuild_all
absolutely absolutely you,Absolutely. Absolutely. You,person_or_named_entity,,3,1,1,0,19,LOW,proper_case,mq7GSzwaGBw,look at it in very dynamic different >> Absolutely. Absolutely. You can cuz then,20260920T071212Z_REBUILD,rebuild_all
absolutely i,Absolutely. I,person_or_named_entity,,3,1,1,0,19,LOW,proper_case,mq7GSzwaGBw,see this the potential to help lift the emerging economies. Absolutely. I have a,20260920T071212Z_REBUILD,rebuild_all
acr,ACR,named_entity,,3,1,1,0,19,LOW,proper_case,r7POfIOIJd8,"He filed a lawsuit against them over something called ACR, which stands for",20260920T071212Z_REBUILD,rebuild_all
adam weishaupt,Adam Weishaupt,person_or_named_entity,,3,1,1,0,19,LOW,proper_case,71DIp8e2mXk,"it's a rings upon rings structure, which is actually what Adam Weishaupt said",20260920T071212Z_REBUILD,rebuild_all
afghanistan,Afghanistan,named_entity,,3,1,1,0,19,LOW,proper_case,MGnJEb4sXwM,"basically derived from military appropriations from Afghanistan, from",20260920T071212Z_REBUILD,rebuild_all
africa and latin america and the,Africa and Latin America and the,named_entity,,3,1,1,0,19,LOW,proper_case,mq7GSzwaGBw,lot of interest and connections in Africa and Latin America and the,20260920T071212Z_REBUILD,rebuild_all
after,After,named_entity,,3,1,1,0,19,LOW,proper_case,WGn_E_9ZS2Q,frozen Iranian bank accounts >> After they After they started getting,20260920T071212Z_REBUILD,rebuild_all
ai and and,AI and and,person_or_named_entity,,3,1,1,0,19,LOW,proper_case,mq7GSzwaGBw,">> So, have you heard the story about the AI and and um you know, I've just seen",20260920T071212Z_REBUILD,rebuild_all
ai i,AI. I,product,,3,1,1,0,19,LOW,proper_case,mq7GSzwaGBw,read in the last 12 months is Karen House book on open AI. I don't know if,20260920T071212Z_REBUILD,rebuild_all
ai is,AI. Is,person_or_named_entity,,3,1,1,0,19,LOW,proper_case,mq7GSzwaGBw,>> And um you know so so tell me about the economics on AI. Is it the same thing?,20260920T071212Z_REBUILD,rebuild_all
ai this,AI. This,person_or_named_entity,,3,1,1,0,19,LOW,proper_case,mq7GSzwaGBw,just hobbyists can contribute to advancing AI. This widespread access,20260920T071212Z_REBUILD,rebuild_all
aidriven,AIdriven,named_entity,,3,1,1,0,19,LOW,proper_case,mq7GSzwaGBw,"especially, are increasingly using AIdriven decision support systems or",20260920T071212Z_REBUILD,rebuild_all
aipac,AIPAC,named_entity,,3,1,1,0,19,LOW,proper_case,SOADMgNpZr0,website where they're tracking AIPAC donations to every single,20260920T071212Z_REBUILD,rebuild_all
ais how,AIS. How,person_or_named_entity,,3,1,1,0,19,LOW,proper_case,mq7GSzwaGBw,people are seeing from the uh public AIS. How do you get that same capability,20260920T071212Z_REBUILD,rebuild_all
alade,Alade,named_entity,,3,1,1,0,19,LOW,proper_case,MGnJEb4sXwM,"even to put the radar back in in in in Gata in the Alade base there, it it it",20260920T071212Z_REBUILD,rebuild_all
alcoa,Alcoa,named_entity,,3,1,1,0,19,LOW,proper_case,OnEOcaUnBg0,"believe he's sincere and he really is. And the next thing you know, Alcoa is",20260920T071212Z_REBUILD,rebuild_all
alcoa and i,Alcoa. And I,person_or_named_entity,,3,1,1,0,19,LOW,proper_case,OnEOcaUnBg0,that's like the workforce Paul O'Neill found when he went to Alcoa. And I look,20260920T071212Z_REBUILD,rebuild_all
alistair,Alistair,named_entity,,3,1,1,0,19,LOW,proper_case,MGnJEb4sXwM,"said, ""I want you to go back and listen to what Alistair said again because this",20260920T071212Z_REBUILD,rebuild_all
alistister crook,Alistister Crook,product,,3,1,1,0,19,LOW,proper_case,MGnJEb4sXwM,"Cari Report. We have an immense treat for you today. Um, Alistister Crook is,",20260920T071212Z_REBUILD,rebuild_all
also,Also,named_entity,,3,1,1,0,19,LOW,proper_case,MGnJEb4sXwM,treasuries but in one denominated debt and we've seen Also um even banks like,20260920T071212Z_REBUILD,rebuild_all
always there s,Always. There's,organization,,3,1,1,0,19,LOW,proper_case,mq7GSzwaGBw,that are accountable for that company. Always. There's a board. There's there's,20260920T071212Z_REBUILD,rebuild_all
amazing so,Amazing. So,person_or_named_entity,,3,1,1,0,19,LOW,proper_case,sSrRCNjcm5I,and she's an amazing researcher. Amazing. So we've got her checking,20260920T071212Z_REBUILD,rebuild_all
amazon s,Amazon's,named_entity,,3,1,1,0,19,LOW,proper_case,mq7GSzwaGBw,"centralized AIs, these big centralized hyperscalers. I mean Amazon's been",20260920T071212Z_REBUILD,rebuild_all
amd,AMD,named_entity,,3,1,1,0,19,LOW,proper_case,mq7GSzwaGBw,league with them. Uh Qualcomm um also wants to have AI chips. Uh AMD there's,20260920T071212Z_REBUILD,rebuild_all
america and europe s,America and Europe's,person_or_named_entity,,3,1,1,0,19,LOW,proper_case,MGnJEb4sXwM,"be careful, you know, may not be in America and Europe's interest for you to",20260920T071212Z_REBUILD,rebuild_all
america for,America for,person_or_named_entity,,3,1,1,0,19,LOW,proper_case,MGnJEb4sXwM,self-sufficiency. So they do depend on America for some things like aircraft,20260920T071212Z_REBUILD,rebuild_all
america of,America of,person_or_named_entity,,3,1,1,0,19,LOW,proper_case,MGnJEb4sXwM,the the uh it's the the ability the o old way of war of America of outspending,20260920T071212Z_REBUILD,rebuild_all
america and,America. And,organization,,3,1,1,0,19,LOW,proper_case,87SJi_DDbt4,"A coalition representing virtually every city, county, and town in America. And",20260920T071212Z_REBUILD,rebuild_all
america shut,America. Shut,person_or_named_entity,,3,1,1,0,19,LOW,proper_case,MGnJEb4sXwM,Arabia shut the use of its Prince Sultan air base to America. Shut it. Shut its,20260920T071212Z_REBUILD,rebuild_all
american ict and ai,American ICT and AI,person_or_named_entity,,3,1,1,0,19,LOW,proper_case,mq7GSzwaGBw,tracking assassination targets are American ICT and AI companies in,20260920T071212Z_REBUILD,rebuild_all
americans american,Americans American,person_or_named_entity,,3,1,1,0,19,LOW,proper_case,Nx-vggrpYNw,foreign adversaries. But if you think that Americans American,20260920T071212Z_REBUILD,rebuild_all
americans they re,Americans. They're,person_or_named_entity,,3,1,1,0,19,LOW,proper_case,j4rItIYZV_o,consistent with the uh economic aspirations of most Americans. They're,20260920T071212Z_REBUILD,rebuild_all
ammani,Ammani,named_entity,,3,1,1,0,19,LOW,proper_case,MGnJEb4sXwM,vessels look you know take the risk and try and stay as close to the Ammani,20260920T071212Z_REBUILD,rebuild_all
anaconda and,Anaconda and,person_or_named_entity,,3,1,1,0,19,LOW,proper_case,mq7GSzwaGBw,of heart and soul into that. Then after I left Anaconda and then started I,20260920T071212Z_REBUILD,rebuild_all
anaconda and i,Anaconda and I,person_or_named_entity,,3,1,1,0,19,LOW,proper_case,mq7GSzwaGBw,>> So I started the PI data ecosystem back years ago when I started Anaconda and I,20260920T071212Z_REBUILD,rebuild_all
angeles and,Angeles and,person_or_named_entity,,3,1,1,0,19,LOW,proper_case,9Td1lcX-Cno,shunted to Phoenix and Las Vegas and Los Angeles and so on.,20260920T071212Z_REBUILD,rebuild_all
anra,Anra,named_entity,,3,1,1,0,19,LOW,proper_case,MGnJEb4sXwM,of a society that it can't just be the sort of the selfish gene as Anra was,20260920T071212Z_REBUILD,rebuild_all
apac,Apac,named_entity,,3,1,1,0,19,LOW,proper_case,MGnJEb4sXwM,"for Israel. And um he's now he he does not take money from Apac, but his um his",20260920T071212Z_REBUILD,rebuild_all
apac it s,Apac. It's,person_or_named_entity,,3,1,1,0,19,LOW,proper_case,MGnJEb4sXwM,Republican side has now gotten $9 million from Apac. It's quite it's quite,20260920T071212Z_REBUILD,rebuild_all
apple and meta,Apple and Meta,person_or_named_entity,,3,1,1,0,19,LOW,proper_case,raxt96y9XFQ,with Google. You're going to reach them with Apple and Meta.,20260920T071212Z_REBUILD,rebuild_all
april,April,named_entity,,3,1,1,0,19,LOW,proper_case,raxt96y9XFQ,"railroads. So, the Australians bombed the China-Iran Railroad in April, right?",20260920T071212Z_REBUILD,rebuild_all
arachi,Arachi,named_entity,,3,1,1,0,19,LOW,proper_case,MGnJEb4sXwM,which was the first rapromo. And I suspect um as you know Arachi um,20260920T071212Z_REBUILD,rebuild_all
argentina and i,Argentina and I,person_or_named_entity,,3,1,1,0,19,LOW,proper_case,mq7GSzwaGBw,">> the traditional answers. Yeah. >> Okay. So, you brought up Argentina and I",20260920T071212Z_REBUILD,rebuild_all
arizona,Arizona,named_entity,,3,1,1,0,19,LOW,proper_case,SOADMgNpZr0,heard about this doctor. She's got a a website in Arizona where she talks of,20260920T071212Z_REBUILD,rebuild_all
armageddon,Armageddon,named_entity,,3,1,1,0,19,LOW,proper_case,MGnJEb4sXwM,there's a messianic and and an embrace of um uh Armageddon as the uh solution,20260920T071212Z_REBUILD,rebuild_all
ashley,Ashley,named_entity,,3,1,1,0,19,LOW,proper_case,MGnJEb4sXwM,And these are done I I just quickly say by uh Ashley my wife I mean who works we,20260920T071212Z_REBUILD,rebuild_all
asia,Asia,named_entity,,3,1,1,0,19,LOW,proper_case,MGnJEb4sXwM,global exports have been surging >> yes to the to Asia to the European Union,20260920T071212Z_REBUILD,rebuild_all
ask katherine,Ask Katherine,media_show,,3,1,1,0,19,LOW,proper_case,mq7GSzwaGBw,"this, I can't find that. Or on we have a show called Ask Katherine where we've",20260920T071212Z_REBUILD,rebuild_all
asteround and,Asteround and,person_or_named_entity,,3,1,1,0,19,LOW,proper_case,vR-o6IGspmU,me. Um but one of them specifically I checked into Asteround and it turns out,20260920T071212Z_REBUILD,rebuild_all
at the,At the,person_or_named_entity,,3,1,1,0,19,LOW,proper_case,mq7GSzwaGBw,"higher. >> At the same time, the cost of open",20260920T071212Z_REBUILD,rebuild_all
atlanta,Atlanta,named_entity,,3,1,1,0,19,LOW,proper_case,vR-o6IGspmU,now part of Mammoth Holdings based out of Atlanta with 67 car washes across the,20260920T071212Z_REBUILD,rebuild_all
attorney general ken paxton,Attorney General Ken Paxton,person_or_named_entity,,3,1,1,0,19,LOW,proper_case,r7POfIOIJd8,"Uh again, going back to Texas, uh Attorney General Ken Paxton filed a",20260920T071212Z_REBUILD,rebuild_all
august,August,named_entity,,3,1,1,0,19,LOW,proper_case,vR-o6IGspmU,turtling for cash part one. And so what happened was in August we started up our,20260920T071212Z_REBUILD,rebuild_all
august and,August. and,person_or_named_entity,,3,1,1,0,19,LOW,proper_case,vR-o6IGspmU,effect July 1st and we started up our school year in August. and we had um,20260920T071212Z_REBUILD,rebuild_all
austin texas,Austin Texas,person_or_named_entity,,3,1,1,0,19,LOW,proper_case,mq7GSzwaGBw,I can own the forefather claim >> and you've been living in Austin Texas,20260920T071212Z_REBUILD,rebuild_all
austin we re,Austin. We're,person_or_named_entity,,3,1,1,0,19,LOW,proper_case,mq7GSzwaGBw,meetup. We're just getting started. We've had one in Austin. We're having,20260920T071212Z_REBUILD,rebuild_all
australians,Australians,named_entity,,3,1,1,0,19,LOW,proper_case,raxt96y9XFQ,"it's about sea lanes, it's about real railroads. So, the Australians bombed",20260920T071212Z_REBUILD,rebuild_all
axius and of,Axius and of,product,,3,1,1,0,19,LOW,proper_case,MGnJEb4sXwM,agreed those points that America made and were reported by Axius and of course,20260920T071212Z_REBUILD,rebuild_all
ayatollah,Ayatollah,named_entity,,3,1,1,0,19,LOW,proper_case,INWRgXjwPXk,"a single user made over $550,000 betting that the Ayatollah",20260920T071212Z_REBUILD,rebuild_all
babylon s banksters,Babylon's Banksters,person_or_named_entity,,3,1,1,0,19,LOW,proper_case,oGWf3g8iYLA,"What what has been the problem? Well, in in Babylon's Banksters,",20260920T071212Z_REBUILD,rebuild_all
bach,Bach,named_entity,,3,1,1,0,19,LOW,proper_case,MGnJEb4sXwM,"heard a 100 high schooler and grade schoolers play Bach last night. So, it",20260920T071212Z_REBUILD,rebuild_all
bank of england,Bank of England,person_or_named_entity,,3,1,1,0,19,LOW,proper_case,ChdoKKB48CU,"By the following year, they'd crashed the Bank of England, which had been",20260920T071212Z_REBUILD,rebuild_all
barksdale at,Barksdale. At,product,,3,1,1,0,19,LOW,proper_case,RRPA9FVZ2Ds,they changed course to Barksdale. At some,20260920T071212Z_REBUILD,rebuild_all
barry,Barry,named_entity,,3,1,1,0,19,LOW,proper_case,mq7GSzwaGBw,Greo be called the benevolent dictator and then [music] Barry suggested,20260920T071212Z_REBUILD,rebuild_all
battle of waterloo,Battle of Waterloo,person_or_named_entity,,3,1,1,0,19,LOW,proper_case,mD_aE7ZCMoo,Rothschild exploited inside information about the Battle of Waterloo to trade on,20260920T071212Z_REBUILD,rebuild_all
bay area there s,Bay Area. There's,person_or_named_entity,,3,1,1,0,19,LOW,proper_case,mq7GSzwaGBw,We've had one in Austin. We're having them in the Bay Area. There's folks all,20260920T071212Z_REBUILD,rebuild_all
beijing he,Beijing. He,person_or_named_entity,,3,1,1,0,19,LOW,proper_case,MGnJEb4sXwM,"been in Beijing and has just come back from Beijing. He didn't stop, by the",20260920T071212Z_REBUILD,rebuild_all
bense,Bense,named_entity,,3,1,1,0,19,LOW,proper_case,MGnJEb4sXwM,"like um acts to to to in response to um well, Bense um attempt to sanction",20260920T071212Z_REBUILD,rebuild_all
benurian,Benurian,named_entity,,3,1,1,0,19,LOW,proper_case,MGnJEb4sXwM,uh when Israel was first founded um Benurian um said look we are a small,20260920T071212Z_REBUILD,rebuild_all
bilderberg group,Bilderberg Group,organization,,3,1,1,0,19,LOW,proper_case,ChdoKKB48CU,"Relations, the CFR, and the RIIA, and spawned the Bilderberg Group in 1954 and",20260920T071212Z_REBUILD,rebuild_all
birds eye,Birds Eye,person_or_named_entity,,3,1,1,0,19,LOW,proper_case,ZW6Lf7iQV3Q,"meals and snacks. Uh Conagra, which makes Birds Eye frozen vegetables and",20260920T071212Z_REBUILD,rebuild_all
bitcoin so,Bitcoin. So,person_or_named_entity,,3,1,1,0,19,LOW,proper_case,vR-o6IGspmU,of them. We had state investments in Bitcoin. So this would permit the state,20260920T071212Z_REBUILD,rebuild_all
boer war the boer war,Boer War. The Boer War,person_or_named_entity,,3,1,1,0,19,LOW,proper_case,ChdoKKB48CU,It was another secret society. It cited the Boer War. The Boer War was,20260920T071212Z_REBUILD,rebuild_all
brandon moms,Brandon Moms,person_or_named_entity,,3,1,1,0,19,LOW,proper_case,vR-o6IGspmU,"built. We did bring a bill, us Brandon, Brandon Moms, basically cell phone tower",20260920T071212Z_REBUILD,rebuild_all
brigita ben david,Brigita Ben David,person_or_named_entity,,3,1,1,0,19,LOW,proper_case,hxQGwThmCD8,with me Gita Ben David or Brigita Ben David from Denmark and,20260920T071212Z_REBUILD,rebuild_all
brit,Brit,named_entity,,3,1,1,0,19,LOW,proper_case,MGnJEb4sXwM,"know, you've got to help us with that. And so, that was the Brit quid proquo.",20260920T071212Z_REBUILD,rebuild_all
british and,British and,person_or_named_entity,,3,1,1,0,19,LOW,proper_case,tUE5vpNZDtU,"providing weapons to both sides, to the British and to the Americans through the",20260920T071212Z_REBUILD,rebuild_all
brussels,Brussels,named_entity,,3,1,1,0,19,LOW,proper_case,MGnJEb4sXwM,that and calling them a centrist party which obeys Brussels um uh autocracy. Um,20260920T071212Z_REBUILD,rebuild_all
bud,Bud,named_entity,,3,1,1,0,19,LOW,proper_case,W4aWp1dC5ZU,"could not get that passed. >> So, would you suggest Bud that if",20260920T071212Z_REBUILD,rebuild_all
bush,Bush,named_entity,,3,1,1,0,19,LOW,proper_case,RRPA9FVZ2Ds,someone allegedly made a phone call while Bush,20260920T071212Z_REBUILD,rebuild_all
by and,By And,person_or_named_entity,,3,1,1,0,19,LOW,proper_case,xIZYuhJjYAQ,"breathing into the root root chakra, you can say so. By And also",20260920T071212Z_REBUILD,rebuild_all
canadian,Canadian,named_entity,,3,1,1,0,19,LOW,proper_case,vR-o6IGspmU,there is a manual third lock. We know what happened to the Canadian trackers.,20260920T071212Z_REBUILD,rebuild_all
cari report we,Cari Report. We,product,,3,1,1,0,19,LOW,proper_case,MGnJEb4sXwM,"Ladies and gentlemen, welcome to the Cari Report. We have an immense treat",20260920T071212Z_REBUILD,rebuild_all
carlos s,Carlos's,named_entity,,3,1,1,0,19,LOW,proper_case,eRQbIpPkxVE,"you realize this, but both both Carlos's father and my father were",20260920T071212Z_REBUILD,rebuild_all
cary cash so,Cary Cash. So,person_or_named_entity,,3,1,1,0,19,LOW,proper_case,vR-o6IGspmU,"same costume every year. So, we made new costumes. It's called Cary Cash. So,",20260920T071212Z_REBUILD,rebuild_all
cash s king,Cash's King,person_or_named_entity,,3,1,1,0,19,LOW,proper_case,vR-o6IGspmU,"Halloween cash at Halloween. So, I have my Cash's King costume where I just",20260920T071212Z_REBUILD,rebuild_all
cash s king halloween,Cash's King Halloween,person_or_named_entity,,3,1,1,0,19,LOW,proper_case,vR-o6IGspmU,shoulders and and then I have a king hat and that's my Cash's King Halloween,20260920T071212Z_REBUILD,rebuild_all
celeria report this,Celeria Report. This,product,,3,1,1,0,19,LOW,proper_case,mq7GSzwaGBw,"Ladies and gentlemen, welcome to the Celeria Report. This is Katherine Austin",20260920T071212Z_REBUILD,rebuild_all
ceo i,CEO. I,person_or_named_entity,,3,1,1,0,19,LOW,proper_case,mq7GSzwaGBw,started. I've had various CEOs run it. I took over as CEO. I was a CEO,20260920T071212Z_REBUILD,rebuild_all
ceos,CEOs,named_entity,,3,1,1,0,19,LOW,proper_case,mq7GSzwaGBw,companies. We incubated in our studio started. I've had various CEOs run it. I,20260920T071212Z_REBUILD,rebuild_all
ceos and,CEOs and,person_or_named_entity,,3,1,1,0,19,LOW,proper_case,mq7GSzwaGBw,capital and then itself might start companies and then try to find CEOs and,20260920T071212Z_REBUILD,rebuild_all
certainly,Certainly,named_entity,,3,1,1,0,19,LOW,proper_case,p0jPh9KrCgc,of central control can happen. There's no Certainly can't hurt to put up,20260920T071212Z_REBUILD,rebuild_all
cfr,CFR,organization,,3,1,1,0,19,LOW,proper_case,ChdoKKB48CU,"Affairs, the Council on Foreign Relations, the CFR, and the RIIA, and",20260920T071212Z_REBUILD,rebuild_all
chachi bt,Chachi BT,person_or_named_entity,,3,1,1,0,19,LOW,proper_case,mq7GSzwaGBw,"inside to see how they work, including programs like Chachi BT. closed source,",20260920T071212Z_REBUILD,rebuild_all
chachipt,ChachiPT,product,,3,1,1,0,19,LOW,proper_case,mq7GSzwaGBw,"you privacy. When you use a closed source AI service like ChachiPT, your",20260920T071212Z_REBUILD,rebuild_all
chad gpt,Chad GPT,person_or_named_entity,,3,1,1,0,19,LOW,proper_case,mq7GSzwaGBw,capabilities for dual use research and development. [music] Chad GPT recently,20260920T071212Z_REBUILD,rebuild_all
chicago,Chicago,named_entity,,3,1,1,0,19,LOW,proper_case,tK4hyAbE3rw,educated populations in the world. >> I I was going to say I lived in Chicago,20260920T071212Z_REBUILD,rebuild_all
chicago i,Chicago. I,person_or_named_entity,,3,1,1,0,19,LOW,proper_case,tK4hyAbE3rw,>> The most popular The most popular Polish soap opera is shot in Chicago. I met a,20260920T071212Z_REBUILD,rebuild_all
chicago they,Chicago. They,person_or_named_entity,,3,1,1,0,19,LOW,proper_case,tK4hyAbE3rw,met were were Polish. I met them in Chicago. They are just,20260920T071212Z_REBUILD,rebuild_all
chillings,Chillings,named_entity,,3,1,1,0,19,LOW,proper_case,mq7GSzwaGBw,a wonderful movie like I don't know about eight weeks ago called Chillings,20260920T071212Z_REBUILD,rebuild_all
china and europe,China and Europe,person_or_named_entity,,3,1,1,0,19,LOW,proper_case,wnz7NM7h9R4,"States, and that's going to make US more competitive vis-a-vis China and Europe.""",20260920T071212Z_REBUILD,rebuild_all
china and iran,China and Iran,person_or_named_entity,,3,1,1,0,19,LOW,proper_case,tXxuSX7iNeM,"calculation was, well, it's going to hurt China and Iran a lot worse than",20260920T071212Z_REBUILD,rebuild_all
china and russia um,China and Russia. Um,person_or_named_entity,,3,1,1,0,19,LOW,proper_case,MGnJEb4sXwM,Gulf security architecture perhaps supported by China and Russia. Um but it,20260920T071212Z_REBUILD,rebuild_all
china for ai,China for AI,person_or_named_entity,,3,1,1,0,19,LOW,proper_case,MGnJEb4sXwM,to understand a gigabyte of electricity in in in China for AI or for other,20260920T071212Z_REBUILD,rebuild_all
china iran railroad,China-Iran Railroad,person_or_named_entity,,3,1,1,0,19,LOW,proper_case,raxt96y9XFQ,"railroads. So, the Australians bombed the China-Iran Railroad in April, right?",20260920T071212Z_REBUILD,rebuild_all
china china i,China. China I,person_or_named_entity,,3,1,1,0,19,LOW,proper_case,mq7GSzwaGBw,than any other country in the world including China. China I think has I,20260920T071212Z_REBUILD,rebuild_all
china right,China. Right,person_or_named_entity,,3,1,1,0,19,LOW,proper_case,9Td1lcX-Cno,States because they send the data to China. Right.,20260920T071212Z_REBUILD,rebuild_all
china there s,China. There's,person_or_named_entity,,3,1,1,0,19,LOW,proper_case,MGnJEb4sXwM,this and also on the inner ring of violence around China. There's a buildup,20260920T071212Z_REBUILD,rebuild_all
china um,China. Um,person_or_named_entity,,3,1,1,0,19,LOW,proper_case,MGnJEb4sXwM,"reporting. He went straight back to Thran. Um, he had talks in China. Um,",20260920T071212Z_REBUILD,rebuild_all
chinese i,Chinese I,person_or_named_entity,,3,1,1,0,19,LOW,proper_case,MGnJEb4sXwM,anyone who you know exceeds to Chinese I mean this is part,20260920T071212Z_REBUILD,rebuild_all
christian,Christian,named_entity,,3,1,1,0,19,LOW,proper_case,2FCT_uA2z5k,"to follow the old religion. The old if you like pre-Islamic, pre-Christian",20260920T071212Z_REBUILD,rebuild_all
christmas and i,Christmas. And I,person_or_named_entity,,3,1,1,0,19,LOW,proper_case,vR-o6IGspmU,hardware store for $19.99 at Christmas. And I saved the ad. It's a,20260920T071212Z_REBUILD,rebuild_all
cia,CIA,government,,3,1,1,0,19,LOW,proper_case,MGnJEb4sXwM,your work. Thank you for joining us on the CIA report. Any last words?,20260920T071212Z_REBUILD,rebuild_all
clausewitz,Clausewitz,named_entity,,3,1,1,0,19,LOW,proper_case,eoeftpuyQXw,"that Clausewitz Uh so, for those who aren't familiar, uh Clausewitz wrote On",20260920T071212Z_REBUILD,rebuild_all
clausewitz uh,Clausewitz Uh,person_or_named_entity,,3,1,1,0,19,LOW,proper_case,eoeftpuyQXw,"best way to really think about it is that Clausewitz Uh so, for those who",20260920T071212Z_REBUILD,rebuild_all
cleveland,Cleveland,named_entity,,3,1,1,0,19,LOW,proper_case,j4rItIYZV_o,discovered in Cleveland during the last,20260920T071212Z_REBUILD,rebuild_all
close very,Close. Very,person_or_named_entity,,3,1,1,0,19,LOW,proper_case,MGnJEb4sXwM,market up. It's not to have an economic. >> Precisely. Yeah. [laughter] Close. Very,20260920T071212Z_REBUILD,rebuild_all
coinbase and the,Coinbase and the,person_or_named_entity,,3,1,1,0,19,LOW,proper_case,raxt96y9XFQ,"is you want them to to get on, you know, Coinbase and the",20260920T071212Z_REBUILD,rebuild_all
colby eldridge,Colby Eldridge,person_or_named_entity,,3,1,1,0,19,LOW,proper_case,MGnJEb4sXwM,"ago in the United States, seemingly authored mainly by Colby Eldridge. um",20260920T071212Z_REBUILD,rebuild_all
colt repo it s,Colt Repo. It's,product,,3,1,1,0,19,LOW,proper_case,mq7GSzwaGBw,>> It's called the Python documentary. It was it was produced by Colt Repo. It's,20260920T071212Z_REBUILD,rebuild_all
come and,Come and,person_or_named_entity,,3,1,1,0,19,LOW,proper_case,MGnJEb4sXwM,"human shield around their power stations and said, ""Come and get us if you want.",20260920T071212Z_REBUILD,rebuild_all
conflicts forum,Conflicts Forum,media_show,,3,1,1,0,19,LOW,proper_case,MGnJEb4sXwM,"you have a wonderful Substack called Conflicts Forum, which we hang out at",20260920T071212Z_REBUILD,rebuild_all
constitution,Constitution,named_entity,,3,1,1,0,19,LOW,proper_case,es1SX2TSqz8,">> Yeah. Right, because you know, well well if you got to suspend the Constitution",20260920T071212Z_REBUILD,rebuild_all
cook island,Cook Island,person_or_named_entity,,3,1,1,0,19,LOW,proper_case,eyItREqSFvA,"to Switzerland? Can I put my money in a Cook Island trust? Can I you know, they",20260920T071212Z_REBUILD,rebuild_all
copern,Copern,named_entity,,3,1,1,0,19,LOW,proper_case,oc8B5AqvkUE,"distinguished, weren't they? And so this is the still the Copern-",20260920T071212Z_REBUILD,rebuild_all
corey,Corey,named_entity,,3,1,1,0,19,LOW,proper_case,sSrRCNjcm5I,lucky cuz right now Corey Lynn who's got a great website Corey digs is I want to,20260920T071212Z_REBUILD,rebuild_all
correct correct,Correct. Correct,person_or_named_entity,,3,1,1,0,19,LOW,proper_case,mq7GSzwaGBw,starting to look very economic? >> Correct. Correct. right now and for the,20260920T071212Z_REBUILD,rebuild_all
correct correct and,Correct. Correct. And,person_or_named_entity,,3,1,1,0,19,LOW,proper_case,vR-o6IGspmU,recuse yourself. Good heavens. >> Correct. Correct. And unfortunately at,20260920T071212Z_REBUILD,rebuild_all
correct i,Correct. I,person_or_named_entity,,3,1,1,0,19,LOW,proper_case,mq7GSzwaGBw,>> There is that complaint. [laughter] >> Correct. I understand that because it's,20260920T071212Z_REBUILD,rebuild_all
correct it,Correct. It,person_or_named_entity,,3,1,1,0,19,LOW,proper_case,mq7GSzwaGBw,price. It has to be hugely subsidized. >> Correct. It is absolutely hugely,20260920T071212Z_REBUILD,rebuild_all
correct it s,Correct. It's,person_or_named_entity,,3,1,1,0,19,LOW,proper_case,vR-o6IGspmU,>> and it's a surprising number of people. >> Correct. It's about um what is it,20260920T071212Z_REBUILD,rebuild_all
correct no and i,Correct. No. And I,person_or_named_entity,,3,1,1,0,19,LOW,proper_case,mq7GSzwaGBw,"control, it's out of their control. >> Correct. No. And I believe because it is",20260920T071212Z_REBUILD,rebuild_all
correct so,Correct. So,person_or_named_entity,,3,1,1,0,19,LOW,proper_case,vR-o6IGspmU,"employees. >> Correct. So, what I showed is that the",20260920T071212Z_REBUILD,rebuild_all
correct that s,Correct. That's,person_or_named_entity,,3,1,1,0,19,LOW,proper_case,mq7GSzwaGBw,you away from being a scientist. >> Correct. That's exactly right. So in,20260920T071212Z_REBUILD,rebuild_all
correct yes it s,Correct. Yes. It's,person_or_named_entity,,3,1,1,0,19,LOW,proper_case,mq7GSzwaGBw,control it. >> Correct. Yes. It's not only out of our,20260920T071212Z_REBUILD,rebuild_all
council,Council,organization,,3,1,1,0,19,LOW,proper_case,ChdoKKB48CU,"Royal Institute of International Affairs, the Council on Foreign",20260920T071212Z_REBUILD,rebuild_all
covid 2 0,COVID-2.0,named_entity,,3,1,1,0,19,LOW,proper_case,Nx-vggrpYNw,"believe this war and and what's happening is COVID-2.0, which is what I",20260920T071212Z_REBUILD,rebuild_all
crazy horse crazy horse,Crazy Horse. Crazy Horse,person_or_named_entity,,3,1,1,0,19,LOW,proper_case,vR-o6IGspmU,"Rushmore, don't go without going to Crazy Horse. Crazy Horse is way better",20260920T071212Z_REBUILD,rebuild_all
crs,CRS,named_entity,,3,1,1,0,19,LOW,proper_case,MGnJEb4sXwM,"50,000 um CRS um the anti- riot people on the",20260920T071212Z_REBUILD,rebuild_all
cuba,Cuba,named_entity,,3,1,1,0,19,LOW,proper_case,MGnJEb4sXwM,So we saw this in Venezuela. We've seen it in Cuba taking place. Um we see it in,20260920T071212Z_REBUILD,rebuild_all
d c,D.C,named_entity,,3,1,1,0,19,LOW,proper_case,RRPA9FVZ2Ds,"back to Washington, D.C., but",20260920T071212Z_REBUILD,rebuild_all
daddy,Daddy,named_entity,,3,1,1,0,19,LOW,proper_case,eRQbIpPkxVE,"started to cry and I I said, ""What's the matter, Daddy?"" And he said uh",20260920T071212Z_REBUILD,rebuild_all
daoist,Daoist,named_entity,,3,1,1,0,19,LOW,proper_case,2FCT_uA2z5k,"Actually, the idea of the divine was largely came from the Daoist",20260920T071212Z_REBUILD,rebuild_all
david,David,named_entity,,3,1,1,0,19,LOW,proper_case,W4aWp1dC5ZU,I had another one back-to-back that dealt with part of what David was,20260920T071212Z_REBUILD,rebuild_all
david griffiths and,David Griffiths and,person_or_named_entity,,3,1,1,0,19,LOW,proper_case,m50hk1fyOYs,"people or any of the other 9/11 truth researchers, David Griffiths and so on,",20260920T071212Z_REBUILD,rebuild_all
december,December,named_entity,,3,1,1,0,19,LOW,proper_case,es1SX2TSqz8,to 26 will be automatically registered starting December 19th of this year. The,20260920T071212Z_REBUILD,rebuild_all
december and i,December and I,person_or_named_entity,,3,1,1,0,19,LOW,proper_case,MGnJEb4sXwM,point out because I was in China um in December and I was astonished. I I was,20260920T071212Z_REBUILD,rebuild_all
declaration of independence,Declaration of Independence,person_or_named_entity,,3,1,1,0,19,LOW,proper_case,eoeftpuyQXw,"means that we have inherent dignity. We have, as the Declaration of Independence",20260920T071212Z_REBUILD,rebuild_all
dei and the,DEI and the,person_or_named_entity,,3,1,1,0,19,LOW,proper_case,FXNfNrtGHlo,>> No. >> The The DEI and the transgender and all,20260920T071212Z_REBUILD,rebuild_all
deming and,Deming and,person_or_named_entity,,3,1,1,0,19,LOW,proper_case,RD8gcj5aP74,">> than they produce. You know, if you go to Wharton and you read Deming and",20260920T071212Z_REBUILD,rebuild_all
democrats i ll,Democrats. I'll,person_or_named_entity,,3,1,1,0,19,LOW,proper_case,vR-o6IGspmU,telling people when I go around and talk about cash. I'll talk to Democrats. I'll,20260920T071212Z_REBUILD,rebuild_all
denmark and,Denmark and,person_or_named_entity,,3,1,1,0,19,LOW,proper_case,hxQGwThmCD8,with me Gita Ben David or Brigita Ben David from Denmark and,20260920T071212Z_REBUILD,rebuild_all
department of justice,Department of Justice,government,,3,1,1,0,19,LOW,proper_case,WET6BjpHGkc,"very sarcastically. Department of Justice, the FBI, uh",20260920T071212Z_REBUILD,rebuild_all
deutsche banks,Deutsche Banks,person_or_named_entity,,3,1,1,0,19,LOW,proper_case,MGnJEb4sXwM,and we've seen Also um even banks like Deutsche Banks are now giving a debt in,20260920T071212Z_REBUILD,rebuild_all
district of kentucky,District of Kentucky,person_or_named_entity,,3,1,1,0,19,LOW,proper_case,zXpH1Lw08m0,and that's the unseating of Thomas Massie in the 4th District of Kentucky,20260920T071212Z_REBUILD,rebuild_all
doj,DOJ,government,,3,1,1,0,19,LOW,proper_case,v5Hdh0OeemA,They're not and he's going to have the DOJ investigate them. This this is the,20260920T071212Z_REBUILD,rebuild_all
don t,Don't,government,,3,1,1,0,19,LOW,proper_case,tK4hyAbE3rw,"Farrell said, uh ""Don't worry about the government. You",20260920T071212Z_REBUILD,rebuild_all
donald trump,Donald Trump,person_or_named_entity,,3,1,1,0,19,LOW,proper_case,INWRgXjwPXk,"Okay? On April 7th, right before Donald Trump",20260920T071212Z_REBUILD,rebuild_all
dss ai,DSS AI,person_or_named_entity,,3,1,1,0,19,LOW,proper_case,mq7GSzwaGBw,can be seen in the genocide in Gaza where Israel used several DSS AI,20260920T071212Z_REBUILD,rebuild_all
dss here s the,DSS. Here's the,person_or_named_entity,,3,1,1,0,19,LOW,proper_case,mq7GSzwaGBw,AIdriven decision support systems or DSS. Here's the process simplified.,20260920T071212Z_REBUILD,rebuild_all
dssis,DSSIs,named_entity,,3,1,1,0,19,LOW,proper_case,mq7GSzwaGBw,look at recent conflicts that implemented DSSIs in the US. One of the,20260920T071212Z_REBUILD,rebuild_all
dtm,DTM,named_entity,,3,1,1,0,19,LOW,proper_case,v4d389XfJbA,"stolen, not this number, 3410 DTM,",20260920T071212Z_REBUILD,rebuild_all
dtm and,DTM and,person_or_named_entity,,3,1,1,0,19,LOW,proper_case,v4d389XfJbA,don't care if the species is wrong. Flock just saw that 34 DTM and large,20260920T071212Z_REBUILD,rebuild_all
dubai s,Dubai's,named_entity,,3,1,1,0,19,LOW,proper_case,LTWifAkVVDg,>> You have people leaving. If you're If you're to Dubai's financial center and,20260920T071212Z_REBUILD,rebuild_all
during the,During the,person_or_named_entity,,3,1,1,0,19,LOW,proper_case,mq7GSzwaGBw,"Israel violates regulations. [music] During the current war, the Iranian",20260920T071212Z_REBUILD,rebuild_all
dutch i,Dutch. I,person_or_named_entity,,3,1,1,0,19,LOW,proper_case,eyItREqSFvA,back. But I thought like I feel very Dutch. I,20260920T071212Z_REBUILD,rebuild_all
earth based,Earth-based,named_entity,,3,1,1,0,19,LOW,proper_case,oc8B5AqvkUE,And that means that our science is an Earth-based science which is,20260920T071212Z_REBUILD,rebuild_all
east,East,named_entity,,3,1,1,0,19,LOW,proper_case,eyItREqSFvA,investing them in East Germany or something or East sorry East Europe and,20260920T071212Z_REBUILD,rebuild_all
east europe and,East Europe and,person_or_named_entity,,3,1,1,0,19,LOW,proper_case,eyItREqSFvA,investing them in East Germany or something or East sorry East Europe and,20260920T071212Z_REBUILD,rebuild_all
east germany,East Germany,person_or_named_entity,,3,1,1,0,19,LOW,proper_case,eyItREqSFvA,it's about like selling your assets and investing them in East Germany or,20260920T071212Z_REBUILD,rebuild_all
east tennessee and,East Tennessee and,person_or_named_entity,,3,1,1,0,19,LOW,proper_case,vR-o6IGspmU,literally in emergencies saves lives. So we saw in East Tennessee and western,20260920T071212Z_REBUILD,rebuild_all
eat the food,Eat the Food,organization,,3,1,1,0,19,LOW,proper_case,mq7GSzwaGBw,"company keeps under lock and key. You can use the final product, Eat the Food,",20260920T071212Z_REBUILD,rebuild_all
ehood barak this,Ehood Barak. This,person_or_named_entity,,3,1,1,0,19,LOW,proper_case,mq7GSzwaGBw,"Palanteer's founder, and former Israeli prime minister Ehood Barak. This is the",20260920T071212Z_REBUILD,rebuild_all
elbank,Elbank,named_entity,,3,1,1,0,19,LOW,proper_case,MGnJEb4sXwM,"was first trled by BIS, um the Lbridge, uh the Elbank, the Lbridge, um uh uh",20260920T071212Z_REBUILD,rebuild_all
elsa of of,Elsa of of,person_or_named_entity,,3,1,1,0,19,LOW,proper_case,SOADMgNpZr0,I'm waiting I'm waiting for that that instant Elsa of of critical mass when,20260920T071212Z_REBUILD,rebuild_all
elson hamlin,Elson Hamlin,person_or_named_entity,,3,1,1,0,19,LOW,proper_case,tK4hyAbE3rw,"save the culture."" And Elson Hamlin did a great interview",20260920T071212Z_REBUILD,rebuild_all
embridge,Embridge,product,,3,1,1,0,19,LOW,proper_case,MGnJEb4sXwM,"uh their own currency. So when the BIS moved out of the Embridge system, they",20260920T071212Z_REBUILD,rebuild_all
england,England,named_entity,,3,1,1,0,19,LOW,proper_case,ChdoKKB48CU,"Uh and to Russia, the Bolshevik Revolution. And Zionism into England,",20260920T071212Z_REBUILD,rebuild_all
england i,England. I,person_or_named_entity,,3,1,1,0,19,LOW,proper_case,ChdoKKB48CU,"say, ""I don't care who's on the throne in England. I wouldn't care who is the",20260920T071212Z_REBUILD,rebuild_all
english english,English English,person_or_named_entity,,3,1,1,0,19,LOW,proper_case,vR-o6IGspmU,bathrooms. And the movie has a fun uh English English accent to it that people,20260920T071212Z_REBUILD,rebuild_all
english all of,English. All of,person_or_named_entity,,3,1,1,0,19,LOW,proper_case,mq7GSzwaGBw,"experts. Well, with AI now you can actually just write English. All of a",20260920T071212Z_REBUILD,rebuild_all
enjoy,Enjoy,named_entity,,3,1,1,0,19,LOW,proper_case,WFgjKQU-yFE,"And from about 4 ft away, 4-5 ft away, he threw it at me and said, ""Enjoy your",20260920T071212Z_REBUILD,rebuild_all
entropic,Entropic,named_entity,,3,1,1,0,19,LOW,proper_case,mq7GSzwaGBw,"help them. >> Right. and code. In fact, Entropic",20260920T071212Z_REBUILD,rebuild_all
epstein epstein,Epstein Epstein,person_or_named_entity,,3,1,1,0,19,LOW,proper_case,Oxk8BAFUdBE,"political opportunity. So, I'm thinking of the Epstein Epstein release. Or in",20260920T071212Z_REBUILD,rebuild_all
eric hughes,Eric Hughes,person_or_named_entity,,3,1,1,0,19,LOW,proper_case,mq7GSzwaGBw,decentralists. >> Did you ever know Eric Hughes? He was,20260920T071212Z_REBUILD,rebuild_all
escape,Escape,named_entity,,3,1,1,0,19,LOW,proper_case,MaTz-usR3uo,things we're covering in Money and Markets is the Escape sub stack has a,20260920T071212Z_REBUILD,rebuild_all
etsy for,Etsy for,person_or_named_entity,,3,1,1,0,19,LOW,proper_case,v02RjgeEg7Y,looking at scarves like the kind I was I've been buying on Etsy for maybe 50 to,20260920T071212Z_REBUILD,rebuild_all
europe and,Europe and,person_or_named_entity,,3,1,1,0,19,LOW,proper_case,MGnJEb4sXwM,"find bits of opensource technology, technology from China, from Europe and",20260920T071212Z_REBUILD,rebuild_all
europe and i m,Europe and I'm,person_or_named_entity,,3,1,1,0,19,LOW,proper_case,MGnJEb4sXwM,uh controlling and and also in in in Europe and I'm talking because I see it.,20260920T071212Z_REBUILD,rebuild_all
europe the,Europe the,person_or_named_entity,,3,1,1,0,19,LOW,proper_case,MGnJEb4sXwM,"and things like that. I mean, it's going to decimate in Europe the middle class",20260920T071212Z_REBUILD,rebuild_all
everybody,Everybody,named_entity,,3,1,1,0,19,LOW,proper_case,vR-o6IGspmU,"have a better idea other than paying with cash every day?"" Everybody looks at",20260920T071212Z_REBUILD,rebuild_all
everything i,Everything. I,person_or_named_entity,,3,1,1,0,19,LOW,proper_case,vR-o6IGspmU,is there's a back door to everything. Everything. I don't I people come and,20260920T071212Z_REBUILD,rebuild_all
exactly data,Exactly. Data,person_or_named_entity,,3,1,1,0,19,LOW,proper_case,mq7GSzwaGBw,>> we always get back to data sovereignty. >> Exactly. Data sovereignty and then,20260920T071212Z_REBUILD,rebuild_all
exactly i,Exactly. I,person_or_named_entity,,3,1,1,0,19,LOW,proper_case,vR-o6IGspmU,they should use cash. >> Exactly. I tell them at the door uh pay,20260920T071212Z_REBUILD,rebuild_all
exactly in,Exactly. In,person_or_named_entity,,3,1,1,0,19,LOW,proper_case,mq7GSzwaGBw,"what you never ever do these things? >> Exactly. In fact, you brought up the",20260920T071212Z_REBUILD,rebuild_all
exactly it s,Exactly. It's,person_or_named_entity,,3,1,1,0,19,LOW,proper_case,vR-o6IGspmU,fighting. >> Exactly. It's a plan. Is it It's working,20260920T071212Z_REBUILD,rebuild_all
exactly now,Exactly. Now,product,,3,1,1,0,19,LOW,proper_case,mD_aE7ZCMoo,third lock system? >> Exactly. Now we have a complex,20260920T071212Z_REBUILD,rebuild_all
exactly that s,Exactly. That's,person_or_named_entity,,3,1,1,0,19,LOW,proper_case,mq7GSzwaGBw,interests. >> Exactly. That's what happens all all the,20260920T071212Z_REBUILD,rebuild_all
exactly the,Exactly. The,government,,3,1,1,0,19,LOW,proper_case,-YPhdbbhvv4,dangerous than the government. >> Exactly. The public-private thing is far,20260920T071212Z_REBUILD,rebuild_all
exactly this,Exactly. This,person_or_named_entity,,3,1,1,0,19,LOW,proper_case,mq7GSzwaGBw,easier to produce what you need. Exactly. This where I'm the big fan of,20260920T071212Z_REBUILD,rebuild_all
factory reset,Factory Reset,product,,3,1,1,0,19,LOW,proper_case,eoeftpuyQXw,"it's a basically a book. It's a very long. It's called The Factory Reset, uh",20260920T071212Z_REBUILD,rebuild_all
fasb,FASB,named_entity,,3,1,1,0,19,LOW,proper_case,tQjAGbYIw00,>> Um >> This is like FASB 56.,20260920T071212Z_REBUILD,rebuild_all
fda,FDA,government,,3,1,1,0,19,LOW,proper_case,vR-o6IGspmU,forth which is ridiculous because if the FDA updates you know food handling,20260920T071212Z_REBUILD,rebuild_all
febru i m,Febru- I'm,person_or_named_entity,,3,1,1,0,19,LOW,proper_case,Xu8_onfDCsQ,"cuz I just shared it with the mentors in our in our Febru- I'm sorry, with the",20260920T071212Z_REBUILD,rebuild_all
feder,Feder,organization,,3,1,1,0,19,LOW,proper_case,v4d389XfJbA,"at least according to Flock. But, when Feder got the company on on",20260920T071212Z_REBUILD,rebuild_all
feder s range rover,Feder's Range Rover,person_or_named_entity,,3,1,1,0,19,LOW,proper_case,v4d389XfJbA,The cops said the license plate on Feder's Range Rover had been reported,20260920T071212Z_REBUILD,rebuild_all
federal housing administration,Federal Housing Administration,government,,3,1,1,0,19,LOW,proper_case,RD8gcj5aP74,"I'll never forget when I first got to the Federal Housing Administration,",20260920T071212Z_REBUILD,rebuild_all
feds,Feds,media_show,,3,1,1,0,19,LOW,proper_case,9Td1lcX-Cno,"be in my channel. That was the fight I had, you know, with the Feds because I",20260920T071212Z_REBUILD,rebuild_all
flock and,Flock and,person_or_named_entity,,3,1,1,0,19,LOW,proper_case,v4d389XfJbA,>> Okay. >> about Flock and its cameras.,20260920T071212Z_REBUILD,rebuild_all
flock flock,Flock Flock,person_or_named_entity,,3,1,1,0,19,LOW,proper_case,v4d389XfJbA,>> about Flock and its cameras. Flock Flock cameras screw up swarm an,20260920T071212Z_REBUILD,rebuild_all
flock they,Flock. They,person_or_named_entity,,3,1,1,0,19,LOW,proper_case,v4d389XfJbA,"So, as long as you fit the genus, you know, that's good enough for Flock. They",20260920T071212Z_REBUILD,rebuild_all
florida b,Florida. B,organization,,3,1,1,0,19,LOW,proper_case,WET6BjpHGkc,creates a new anti-terrorism group in Florida. B- because nobody at the,20260920T071212Z_REBUILD,rebuild_all
food for the soul,Food for the Soul,person_or_named_entity,,3,1,1,0,19,LOW,proper_case,tK4hyAbE3rw,"You know, Nina Hyde who writes our uh Food for the Soul, her mom was",20260920T071212Z_REBUILD,rebuild_all
fourth amendment a,Fourth Amendment. A,person_or_named_entity,,3,1,1,0,19,LOW,proper_case,-YPhdbbhvv4,"But according to Supreme Court, they're subject to the Fourth Amendment. A",20260920T071212Z_REBUILD,rebuild_all
france and,France and,person_or_named_entity,,3,1,1,0,19,LOW,proper_case,ChdoKKB48CU,they did that to in France and fair in a different,20260920T071212Z_REBUILD,rebuild_all
franklin,Franklin,named_entity,,3,1,1,0,19,LOW,proper_case,vR-o6IGspmU,"The [sighs] Abraham Lincoln ice cream or the Franklin ice cream. Anyway, this ice",20260920T071212Z_REBUILD,rebuild_all
freedom caucus,Freedom Caucus,person_or_named_entity,,3,1,1,0,19,LOW,proper_case,vR-o6IGspmU,to eight. We went from 0 to 13 to 4 to8. The Freedom Caucus supported the bill,20260920T071212Z_REBUILD,rebuild_all
freezing below,Freezing. Below,person_or_named_entity,,3,1,1,0,19,LOW,proper_case,vR-o6IGspmU,January? I don't know. >> Freezing. Below freezing.,20260920T071212Z_REBUILD,rebuild_all
french and italian,French and Italian,person_or_named_entity,,3,1,1,0,19,LOW,proper_case,sSrRCNjcm5I,"good chunk of the time. Nevertheless, from French and Italian universities",20260920T071212Z_REBUILD,rebuild_all
friday,Friday,named_entity,,3,1,1,0,19,LOW,proper_case,MGnJEb4sXwM,"time till he goes to China is now days. It's next Friday, right? So I mean has",20260920T071212Z_REBUILD,rebuild_all
friday that friday,Friday. That Friday,person_or_named_entity,,3,1,1,0,19,LOW,proper_case,vR-o6IGspmU,"I think a Thursday. They don't they're not in session on Friday. That Friday,",20260920T071212Z_REBUILD,rebuild_all
fujara fujara,Fujara. Fujara,person_or_named_entity,,3,1,1,0,19,LOW,proper_case,MGnJEb4sXwM,Iran of its restricted area right up including Fujara. Fujara is a port,20260920T071212Z_REBUILD,rebuild_all
game of thrones,Game of Thrones,person_or_named_entity,,3,1,1,0,19,LOW,proper_case,MaTz-usR3uo,"you know, the that the the iron bank, if you've ever watched the Game of Thrones,",20260920T071212Z_REBUILD,rebuild_all
gaza in,Gaza. In,person_or_named_entity,,3,1,1,0,19,LOW,proper_case,MGnJEb4sXwM,"failed. Look, Hamas is still there. It's still largely controlling Gaza. In in",20260920T071212Z_REBUILD,rebuild_all
george friedman s,George Friedman's,product,,3,1,1,0,19,LOW,proper_case,aQYwmh0gCQo,"reading All right, I was sitting in the Jacuzzi reading George Friedman's book",20260920T071212Z_REBUILD,rebuild_all
george orwell,George Orwell,person_or_named_entity,,3,1,1,0,19,LOW,proper_case,r7POfIOIJd8,And this sounds like something out of a out of a uh George Orwell novel.,20260920T071212Z_REBUILD,rebuild_all
germany so,Germany. So,person_or_named_entity,,3,1,1,0,19,LOW,proper_case,qy-4MKNeDzU,"that were German, but there was no Germany. So, in other words,",20260920T071212Z_REBUILD,rebuild_all
get get,Get Get,person_or_named_entity,,3,1,1,0,19,LOW,proper_case,ad0pzcCcJ04,>> your own thing. >> Get Get them outdoors.,20260920T071212Z_REBUILD,rebuild_all
giordano bruno,Giordano Bruno,person_or_named_entity,,3,1,1,0,19,LOW,proper_case,oc8B5AqvkUE,after a few inconvenient things like Giordano Bruno in 1600 having been burnt,20260920T071212Z_REBUILD,rebuild_all
gita ben david,Gita Ben David,person_or_named_entity,,3,1,1,0,19,LOW,proper_case,hxQGwThmCD8,It's exciting day for me because I have with me Gita Ben David,20260920T071212Z_REBUILD,rebuild_all
gita s,Gita's,named_entity,,3,1,1,0,19,LOW,proper_case,hxQGwThmCD8,understanding of the human being. And so Gita's work is something that I,20260920T071212Z_REBUILD,rebuild_all
github,GitHub,named_entity,,3,1,1,0,19,LOW,proper_case,mq7GSzwaGBw,"modify. So, you can find it on websites like GitHub, where developers share",20260920T071212Z_REBUILD,rebuild_all
google where,Google. Where,person_or_named_entity,,3,1,1,0,19,LOW,proper_case,mq7GSzwaGBw,"Pi where Python came from. >> Okay, Google. Where was Pyon held in",20260920T071212Z_REBUILD,rebuild_all
google you re,Google. You're,person_or_named_entity,,3,1,1,0,19,LOW,proper_case,raxt96y9XFQ,going to reach them with Google. You're going to reach them,20260920T071212Z_REBUILD,rebuild_all
gospel,Gospel,named_entity,,3,1,1,0,19,LOW,proper_case,mq7GSzwaGBw,"where Israel used several DSS AI systems. Lavender, Gospel, and Where's",20260920T071212Z_REBUILD,rebuild_all
great that,Great. That,person_or_named_entity,,3,1,1,0,19,LOW,proper_case,mq7GSzwaGBw,who would work would interact with? >> Great. That is a great question. We we,20260920T071212Z_REBUILD,rebuild_all
greenland and,Greenland and,person_or_named_entity,,3,1,1,0,19,LOW,proper_case,YItOkNjS4OY,>> Yes. shutting off the Russian >> and Greenland and all the things he,20260920T071212Z_REBUILD,rebuild_all
guido,Guido,named_entity,,3,1,1,0,19,LOW,proper_case,mq7GSzwaGBw,"Really? >> So, the story goes that Guido invented",20260920T071212Z_REBUILD,rebuild_all
gulf states,Gulf States,person_or_named_entity,,3,1,1,0,19,LOW,proper_case,MGnJEb4sXwM,"that, um, uh, aside from the UAE, the states, most of the Gulf States, but",20260920T071212Z_REBUILD,rebuild_all
gulf so,Gulf. So,person_or_named_entity,,3,1,1,0,19,LOW,proper_case,MGnJEb4sXwM,oil directly by passing the hormuz um into the Persian uh uh Gulf. So that was,20260920T071212Z_REBUILD,rebuild_all
halloween dollars,Halloween. Dollars,person_or_named_entity,,3,1,1,0,19,LOW,proper_case,vR-o6IGspmU,That's all I need. You don't need to give out stickers at Halloween. Dollars,20260920T071212Z_REBUILD,rebuild_all
halloween so,Halloween. So,person_or_named_entity,,3,1,1,0,19,LOW,proper_case,vR-o6IGspmU,"things I've done has actually been Halloween cash at Halloween. So, I have",20260920T071212Z_REBUILD,rebuild_all
halloween we,Halloween. We,product,,3,1,1,0,19,LOW,proper_case,vR-o6IGspmU,for us. And then we of course give out cash at the door for Halloween. We give,20260920T071212Z_REBUILD,rebuild_all
halloween you,Halloween. You,person_or_named_entity,,3,1,1,0,19,LOW,proper_case,vR-o6IGspmU,give out stickers at Halloween. Dollars with stickers at Halloween. You just,20260920T071212Z_REBUILD,rebuild_all
heaven,Heaven,named_entity,,3,1,1,0,19,LOW,proper_case,mq7GSzwaGBw,about eight weeks ago called Chillings from Heaven.,20260920T071212Z_REBUILD,rebuild_all
here s,Here's,named_entity,,3,1,1,0,19,LOW,proper_case,mq7GSzwaGBw,"it's it's wonderful for your ego because you're like, ""Here's an idea I have.",20260920T071212Z_REBUILD,rebuild_all
hermetic,Hermetic,named_entity,,3,1,1,0,19,LOW,proper_case,2FCT_uA2z5k,uh thinking and the Hermetic thinking.,20260920T071212Z_REBUILD,rebuild_all
hispanics,Hispanics,named_entity,,3,1,1,0,19,LOW,proper_case,vR-o6IGspmU,overall is 6% but 13% of blacks are unbanked. 12% of Hispanics are unbanked.,20260920T071212Z_REBUILD,rebuild_all
hitler,Hitler,named_entity,,3,1,1,0,19,LOW,proper_case,m50hk1fyOYs,attack on the United States. It's kind of like Hitler saying that the Poles,20260920T071212Z_REBUILD,rebuild_all
hitler and,Hitler and,person_or_named_entity,,3,1,1,0,19,LOW,proper_case,tK4hyAbE3rw,"Union period. You know, they came out of Hitler and then went right into Stalin.",20260920T071212Z_REBUILD,rebuild_all
homo strait,Homo Strait,person_or_named_entity,,3,1,1,0,19,LOW,proper_case,MGnJEb4sXwM,the Omani side o of the entrance to the Homo Strait in attempt to make a dash,20260920T071212Z_REBUILD,rebuild_all
hong kong,Hong Kong,person_or_named_entity,,3,1,1,0,19,LOW,proper_case,MGnJEb4sXwM,Chinese um if you like um capital restrictions areas in Hong Kong or in,20260920T071212Z_REBUILD,rebuild_all
hong kong hong kong,Hong Kong Hong Kong,person_or_named_entity,,3,1,1,0,19,LOW,proper_case,MGnJEb4sXwM,Canal has two ports on it which formerly were owned by Hong Kong Hong Kong entity,20260920T071212Z_REBUILD,rebuild_all
hopefully i ll,Hopefully I'll,product,,3,1,1,0,19,LOW,proper_case,vR-o6IGspmU,cash messages um taped on. So that's that's next year. Hopefully I'll report,20260920T071212Z_REBUILD,rebuild_all
hormuz and,Hormuz. and,person_or_named_entity,,3,1,1,0,19,LOW,proper_case,MGnJEb4sXwM,It's a funny little extra part of the UAE that is outside of the Hormuz. and,20260920T071212Z_REBUILD,rebuild_all
house bill,House Bill,person_or_named_entity,,3,1,1,0,19,LOW,proper_case,WET6BjpHGkc,"authority, period. But beyond that, House Bill 945",20260920T071212Z_REBUILD,rebuild_all
houthies,Houthies,named_entity,,3,1,1,0,19,LOW,proper_case,mq7GSzwaGBw,"Yemen. Between 2023 and 2025, US operations against the Houthies caused",20260920T071212Z_REBUILD,rebuild_all
huahei and,Huahei and,event,,3,1,1,0,19,LOW,proper_case,MGnJEb4sXwM,conference taking place in Beijing when I was there with Huahei and all these,20260920T071212Z_REBUILD,rebuild_all
huawei,Huawei,media_show,,3,1,1,0,19,LOW,proper_case,9Td1lcX-Cno,"Right, and I want everything coming through my channel. So, if a a Huawei",20260920T071212Z_REBUILD,rebuild_all
huawei and,Huawei and,event,,3,1,1,0,19,LOW,proper_case,vVa6h4WYlOw,conference taking place in Beijing when I was there with Huawei and all these uh,20260920T071212Z_REBUILD,rebuild_all
hud,HUD,named_entity,,3,1,1,0,19,LOW,proper_case,9Td1lcX-Cno,And and they were using money out of the back door of HUD to do that. Okay. So So,20260920T071212Z_REBUILD,rebuild_all
huh oh,Huh. Oh,person_or_named_entity,,3,1,1,0,19,LOW,proper_case,p0mDiJCUXWc,"are now in a partnership in Washington. >> Huh. Oh, joy.",20260920T071212Z_REBUILD,rebuild_all
hum,Hum,named_entity,,3,1,1,0,19,LOW,proper_case,MGnJEb4sXwM,remember correctly one very large um tanker uh passed through Hum through the,20260920T071212Z_REBUILD,rebuild_all
hummus and,Hummus and,person_or_named_entity,,3,1,1,0,19,LOW,proper_case,MGnJEb4sXwM,in order to try and break the siege in Hummus and is in favor of further,20260920T071212Z_REBUILD,rebuild_all
hummus it s,Hummus. It's,person_or_named_entity,,3,1,1,0,19,LOW,proper_case,MGnJEb4sXwM,dependence China is on supply lines of um oil from Hummus. It's only 7% of of,20260920T071212Z_REBUILD,rebuild_all
humus,Humus,named_entity,,3,1,1,0,19,LOW,proper_case,MGnJEb4sXwM,"much energy. Even though it's 40% of the total oils exported from Humus, it's",20260920T071212Z_REBUILD,rebuild_all
humus and,Humus and,person_or_named_entity,,3,1,1,0,19,LOW,proper_case,MGnJEb4sXwM,with the United States will coordinate a mass um breaking o of Humus and not,20260920T071212Z_REBUILD,rebuild_all
hungary,Hungary,named_entity,,3,1,1,0,19,LOW,proper_case,XBdxRddutME,"Eastern Europe. For Poland, for Hungary, Romania, and so",20260920T071212Z_REBUILD,rebuild_all
hungary and sloan slovenia,Hungary and Sloan Slovenia,person_or_named_entity,,3,1,1,0,19,LOW,proper_case,MGnJEb4sXwM,the one market um for European uh states that's Hungary and Sloan Slovenia are,20260920T071212Z_REBUILD,rebuild_all
hunter,Hunter,named_entity,,3,1,1,0,19,LOW,proper_case,6Mg0q_IyWgY,Street Journal and the New York Times. I'm I'm on their feeds about the Hunter,20260920T071212Z_REBUILD,rebuild_all
hus,HUS,named_entity,,3,1,1,0,19,LOW,proper_case,MGnJEb4sXwM,China is not being squeezed as people see by by what's happening in HUS,20260920T071212Z_REBUILD,rebuild_all
i ll i i ll,I'll I I'll,person_or_named_entity,,3,1,1,0,19,LOW,proper_case,MGnJEb4sXwM,"financial center going forward? >> Well, I I'll I I'll come to that, but I",20260920T071212Z_REBUILD,rebuild_all
i m i,I'm I,person_or_named_entity,,3,1,1,0,19,LOW,proper_case,mq7GSzwaGBw,>> A lot more than that. >> I need a lot more than that. I'm I just,20260920T071212Z_REBUILD,rebuild_all
i m i m i m,I'm I'm I'm,person_or_named_entity,,3,1,1,0,19,LOW,proper_case,KKxQfBk1zBY,here he is. I need this money. I'm I'm I'm,20260920T071212Z_REBUILD,rebuild_all
i m the south dakota,I'm the South Dakota,person_or_named_entity,,3,1,1,0,19,LOW,proper_case,vR-o6IGspmU,by cash? When people hear me talk about cash or hear I'm the South Dakota cash,20260920T071212Z_REBUILD,rebuild_all
ibm,IBM,named_entity,,3,1,1,0,19,LOW,proper_case,mq7GSzwaGBw,answer so in the evolution of computing it's why Microsoft showed up because IBM,20260920T071212Z_REBUILD,rebuild_all
id so,ID. So,person_or_named_entity,,3,1,1,0,19,LOW,proper_case,SAT9VaizQiY,"so well, they'll be able to give you cash without an ID. So, so I think it's",20260920T071212Z_REBUILD,rebuild_all
idfs,IDFs,named_entity,,3,1,1,0,19,LOW,proper_case,MGnJEb4sXwM,wanted to do this we would need six or seven IDFs not one six or seven it's,20260920T071212Z_REBUILD,rebuild_all
ids and and,IDs and and,person_or_named_entity,,3,1,1,0,19,LOW,proper_case,vR-o6IGspmU,backed up with the data centers and with digital IDs and and what that means is,20260920T071212Z_REBUILD,rebuild_all
illuminati,Illuminati,named_entity,,3,1,1,0,19,LOW,proper_case,71DIp8e2mXk,is actually what Adam Weishaupt said that he modeled the Illuminati off of,20260920T071212Z_REBUILD,rebuild_all
illuminist,Illuminist,named_entity,,3,1,1,0,19,LOW,proper_case,tUE5vpNZDtU,">> [clears throat] >> uh to move towards this Illuminist um,",20260920T071212Z_REBUILD,rebuild_all
in europe,In Europe,person_or_named_entity,,3,1,1,0,19,LOW,proper_case,KKxQfBk1zBY,"Now, there was a catch. In Europe until 300 and",20260920T071212Z_REBUILD,rebuild_all
in montreal,In Montreal,person_or_named_entity,,3,1,1,0,19,LOW,proper_case,mq7GSzwaGBw,2015? >> In Montreal.,20260920T071212Z_REBUILD,rebuild_all
in the west,In the West,government,,3,1,1,0,19,LOW,proper_case,Oxk8BAFUdBE,"That was the government. In the West, our target is is",20260920T071212Z_REBUILD,rebuild_all
in the west bank,In the West Bank,person_or_named_entity,,3,1,1,0,19,LOW,proper_case,mq7GSzwaGBw,"300 people with collateral damage. >> In the West Bank, AI systems like",20260920T071212Z_REBUILD,rebuild_all
in utah for,In Utah for,person_or_named_entity,,3,1,1,0,19,LOW,proper_case,mq7GSzwaGBw,planet. Way way more. Yeah. Okay. >> In Utah for sure.,20260920T071212Z_REBUILD,rebuild_all
in utah in utah yeah yeah,In Utah. In Utah. Yeah. Yeah,named_entity,,3,1,1,0,19,LOW,proper_case,mq7GSzwaGBw,>> in Utah. >> In Utah. In Utah. Yeah. Yeah. Not on the,20260920T071212Z_REBUILD,rebuild_all
incorrect china,Incorrect. China,person_or_named_entity,,3,1,1,0,19,LOW,proper_case,tXxuSX7iNeM,"it's hurt uh hurting us. Incorrect. China is fine, as we've seen.",20260920T071212Z_REBUILD,rebuild_all
indonesia,Indonesia,named_entity,,3,1,1,0,19,LOW,proper_case,MGnJEb4sXwM,>> Uh we just saw sort of new negotiations with Indonesia on the Straits of Mala.,20260920T071212Z_REBUILD,rebuild_all
intentional right,Intentional. Right,person_or_named_entity,,3,1,1,0,19,LOW,proper_case,tdcH4dZ12vQ,inducement. Intentional. Right.,20260920T071212Z_REBUILD,rebuild_all
ipo,IPO,product,,3,1,1,0,19,LOW,proper_case,mq7GSzwaGBw,traded. We had a software tool called IPO in a box. Wow. And you could click,20260920T071212Z_REBUILD,rebuild_all
iran and for,Iran and for,person_or_named_entity,,3,1,1,0,19,LOW,proper_case,MztMjj6LxXk,What Operation Economic Outcast means for Iran and for everyone,20260920T071212Z_REBUILD,rebuild_all
iran and india,Iran and India,person_or_named_entity,,3,1,1,0,19,LOW,proper_case,MGnJEb4sXwM,"China, Russia um taking place for some time in the Gulf with Iran and India",20260920T071212Z_REBUILD,rebuild_all
iran and iran,Iran and Iran,person_or_named_entity,,3,1,1,0,19,LOW,proper_case,MGnJEb4sXwM,that they're nonsense. They were never agreed by by Iran and Iran said no way,20260920T071212Z_REBUILD,rebuild_all
iran and saudi arabia,Iran and Saudi Arabia,person_or_named_entity,,3,1,1,0,19,LOW,proper_case,MGnJEb4sXwM,"recall it was China who first, you know, um brought Iran and Saudi Arabia",20260920T071212Z_REBUILD,rebuild_all
iran for the,Iran for the,person_or_named_entity,,3,1,1,0,19,LOW,proper_case,MGnJEb4sXwM,or uh your idea of of what you stand for. What is the vision of Iran for the,20260920T071212Z_REBUILD,rebuild_all
iran related,Iran-related,named_entity,,3,1,1,0,19,LOW,proper_case,MztMjj6LxXk,between primary and secondary sanctions. Primary sanctions bar Iran-related,20260920T071212Z_REBUILD,rebuild_all
iran even the israeli,Iran. Even the Israeli,person_or_named_entity,,3,1,1,0,19,LOW,proper_case,MGnJEb4sXwM,not been destroyed. There was no uprising in Iran. Even the Israeli,20260920T071212Z_REBUILD,rebuild_all
iran just,Iran. Just,person_or_named_entity,,3,1,1,0,19,LOW,proper_case,MGnJEb4sXwM,Chinese banks and Chinese oil companies trading uh trading with Iran. Just to,20260920T071212Z_REBUILD,rebuild_all
iran nothing,Iran. Nothing,person_or_named_entity,,3,1,1,0,19,LOW,proper_case,MGnJEb4sXwM,happened. You achieved none of the goals you wanted in Iran. Nothing has,20260920T071212Z_REBUILD,rebuild_all
iran right right so,Iran. Right. Right. So,person_or_named_entity,,3,1,1,0,19,LOW,proper_case,tXxuSX7iNeM,"I mean, they they've prepared for this. It's so is Iran. Right. Right. So, so",20260920T071212Z_REBUILD,rebuild_all
iran they ve,Iran. They've,person_or_named_entity,,3,1,1,0,19,LOW,proper_case,MGnJEb4sXwM,Hummus and is in favor of further conflict with Iran. They've made that,20260920T071212Z_REBUILD,rebuild_all
iran well,Iran. Well,person_or_named_entity,,3,1,1,0,19,LOW,proper_case,MGnJEb4sXwM,"do, you know, to pursue the war against Iran. Well, this is their last chance to",20260920T071212Z_REBUILD,rebuild_all
iranians,Iranians,named_entity,,3,1,1,0,19,LOW,proper_case,FXNfNrtGHlo,"And now we're seeing what's happening with the Iranians, with the engineers,",20260920T071212Z_REBUILD,rebuild_all
iraq and syria,Iraq and Syria,person_or_named_entity,,3,1,1,0,19,LOW,proper_case,mq7GSzwaGBw,by Palanteer. It was first deployed in Iraq and Syria during the war on the,20260920T071212Z_REBUILD,rebuild_all
iras,IRAs,named_entity,,3,1,1,0,19,LOW,proper_case,wfpVe_F_0UE,is out of people's out of the pension funds and retirement funds and IRAs.,20260920T071212Z_REBUILD,rebuild_all
ireland,Ireland,named_entity,,3,1,1,0,19,LOW,proper_case,37qD1Jj3NOc,there are first ministers in Scotland and Wales and in the north of Ireland,20260920T071212Z_REBUILD,rebuild_all
iron curtain and,Iron Curtain. And,person_or_named_entity,,3,1,1,0,19,LOW,proper_case,tK4hyAbE3rw,>> So So we had all these Poles get out from uh behind the Iron Curtain. And,20260920T071212Z_REBUILD,rebuild_all
irs,IRS,named_entity,,3,1,1,0,19,LOW,proper_case,es1SX2TSqz8,"to start saying, ""Oh, we need to reach into IRS data and all this other data.""",20260920T071212Z_REBUILD,rebuild_all
islamabad,Islamabad,named_entity,,3,1,1,0,19,LOW,proper_case,MGnJEb4sXwM,"from Beijing. He didn't stop, by the way, in Islamabad, as some people are",20260920T071212Z_REBUILD,rebuild_all
islamic,Islamic,named_entity,,3,1,1,0,19,LOW,proper_case,2FCT_uA2z5k,"to follow the old religion. The old if you like pre-Islamic, pre-Christian",20260920T071212Z_REBUILD,rebuild_all
islamic state,Islamic State,organization,,3,1,1,0,19,LOW,proper_case,mq7GSzwaGBw,Iraq and Syria during the war on the Islamic State group in 2017.,20260920T071212Z_REBUILD,rebuild_all
isn t,Isn't,named_entity,,3,1,1,0,19,LOW,proper_case,vR-o6IGspmU,"That's his argument. And so I email in the email I said, ""Isn't that is not",20260920T071212Z_REBUILD,rebuild_all
israel for the,Israel for the,person_or_named_entity,,3,1,1,0,19,LOW,proper_case,mq7GSzwaGBw,signed a deal with the Pentagon. Amazon and Google partnered with Israel for the,20260920T071212Z_REBUILD,rebuild_all
israelis and,Israelis and,person_or_named_entity,,3,1,1,0,19,LOW,proper_case,MGnJEb4sXwM,optic control drones. It's devastating the Israelis and they are fearful that,20260920T071212Z_REBUILD,rebuild_all
it s for,It's for,person_or_named_entity,,3,1,1,0,19,LOW,proper_case,vR-o6IGspmU,"There's one in every home, in every room. It's for our own good. Jack,",20260920T071212Z_REBUILD,rebuild_all
it s i,It's I,person_or_named_entity,,3,1,1,0,19,LOW,proper_case,mq7GSzwaGBw,artificial intelligence. It's really it's really a tool. It's I call them,20260920T071212Z_REBUILD,rebuild_all
it s it s it s,It's It's It's,person_or_named_entity,,3,1,1,0,19,LOW,proper_case,FXNfNrtGHlo,>> Yeah. >> Right. It did It's It's It's calculated.,20260920T071212Z_REBUILD,rebuild_all
italy and,Italy and,person_or_named_entity,,3,1,1,0,19,LOW,proper_case,MGnJEb4sXwM,sector that 80% has been sinking and sinking. I live in Italy and since Italy,20260920T071212Z_REBUILD,rebuild_all
italy and i m,Italy. And I'm,product,,3,1,1,0,19,LOW,proper_case,MGnJEb4sXwM,second course. We're going to have a wonderful event in Italy. And I'm hoping,20260920T071212Z_REBUILD,rebuild_all
jack we,Jack. We,person_or_named_entity,,3,1,1,0,19,LOW,proper_case,vR-o6IGspmU,">> I'm your brother, Frank. >> I can't fight it anymore, Jack. We hate",20260920T071212Z_REBUILD,rebuild_all
jack what the,Jack. What the,person_or_named_entity,,3,1,1,0,19,LOW,proper_case,vR-o6IGspmU,">> Why? >> $2,000 in fines, Jack. What the hell",20260920T071212Z_REBUILD,rebuild_all
january of,January of,person_or_named_entity,,3,1,1,0,19,LOW,proper_case,zXpH1Lw08m0,>> You remember Massie's term doesn't end until January of 2027.,20260920T071212Z_REBUILD,rebuild_all
jeffrey epstein,Jeffrey Epstein,person_or_named_entity,,3,1,1,0,19,LOW,proper_case,mq7GSzwaGBw,"did we get here? Surprise, surprise. Jeffrey Epstein was involved in this",20260920T071212Z_REBUILD,rebuild_all
jesuit,Jesuit,product,,3,1,1,0,19,LOW,proper_case,71DIp8e2mXk,that he modeled the Illuminati off of the Jesuit rings on rings model. And he,20260920T071212Z_REBUILD,rebuild_all
jewish,Jewish,named_entity,,3,1,1,0,19,LOW,proper_case,tUE5vpNZDtU,Um the Jacobite war was financed uh also actually that by Jewish by um,20260920T071212Z_REBUILD,rebuild_all
joel feder,Joel Feder,person_or_named_entity,,3,1,1,0,19,LOW,proper_case,v4d389XfJbA,"So, this guy, he's an automotive journalist named Joel Feder,",20260920T071212Z_REBUILD,rebuild_all
john padfield,John Padfield,person_or_named_entity,,3,1,1,0,19,LOW,proper_case,vR-o6IGspmU,We're just about to publish an interview with John Padfield about how all the new,20260920T071212Z_REBUILD,rebuild_all
john sharta a,John Sharta. A,person_or_named_entity,,3,1,1,0,19,LOW,proper_case,vR-o6IGspmU,that brings our cash legislation. His name is John Sharta. A fantastic local,20260920T071212Z_REBUILD,rebuild_all
judeo christian,Judeo-Christian,named_entity,,3,1,1,0,19,LOW,proper_case,eoeftpuyQXw,"historically, the worldview was this uh Judeo-Christian concept of Imago Dei.",20260920T071212Z_REBUILD,rebuild_all
kalshi and polymarket,Kalshi and Polymarket,person_or_named_entity,,3,1,1,0,19,LOW,proper_case,INWRgXjwPXk,Look at this. Kalshi and Polymarket uh,20260920T071212Z_REBUILD,rebuild_all
karen house s,Karen House's,person_or_named_entity,,3,1,1,0,19,LOW,proper_case,WCezIGm3Cp4,the best reads of so far that I've read in the last 12 months is Karen House's,20260920T071212Z_REBUILD,rebuild_all
karl denninger,Karl Denninger,person_or_named_entity,,3,1,1,0,19,LOW,proper_case,tdcH4dZ12vQ,>> Yeah. You got to remember um one thing that Karl Denninger told me when I was,20260920T071212Z_REBUILD,rebuild_all
kasam island and larak island,Kasam Island and Larak Island,person_or_named_entity,,3,1,1,0,19,LOW,proper_case,MGnJEb4sXwM,protocols of which passage they use between Kasam Island and Larak Island in,20260920T071212Z_REBUILD,rebuild_all
katherine and i,Katherine and I,person_or_named_entity,,3,1,1,0,19,LOW,proper_case,vR-o6IGspmU,saw in the Utopia movie or the control grid that Katherine and I think is,20260920T071212Z_REBUILD,rebuild_all
katherine i m,Katherine. I'm,person_or_named_entity,,3,1,1,0,19,LOW,proper_case,mq7GSzwaGBw,I'm going to have a conversation about with Katherine. I'm going to use,20260920T071212Z_REBUILD,rebuild_all
kerbal,Kerbal,named_entity,,3,1,1,0,19,LOW,proper_case,MGnJEb4sXwM,can't just go back to Kerbala and you can't say well you know Kerbal is our,20260920T071212Z_REBUILD,rebuild_all
kerbala and,Kerbala and,person_or_named_entity,,3,1,1,0,19,LOW,proper_case,MGnJEb4sXwM,with senior leadership about saying you can't just go back to Kerbala and you,20260920T071212Z_REBUILD,rebuild_all
kier starmer,Kier Starmer,person_or_named_entity,,3,1,1,0,19,LOW,proper_case,mq7GSzwaGBw,providing services to the [music] UK after Kier Starmer was introduced to,20260920T071212Z_REBUILD,rebuild_all
kor so,KOR. So,person_or_named_entity,,3,1,1,0,19,LOW,proper_case,SR4Myof7g0Q,"in a Polish is abbreviated KOR. So, if we start all",20260920T071212Z_REBUILD,rebuild_all
kuwait,Kuwait,named_entity,,3,1,1,0,19,LOW,proper_case,MGnJEb4sXwM,altogether. >> And so did And so did Kuwait.,20260920T071212Z_REBUILD,rebuild_all
kuwait okay both,Kuwait. Okay. Both,person_or_named_entity,,3,1,1,0,19,LOW,proper_case,MGnJEb4sXwM,>> And so did And so did Kuwait. >> So did Kuwait. Okay. Both all both of,20260920T071212Z_REBUILD,rebuild_all
larry,Larry,named_entity,,3,1,1,0,19,LOW,proper_case,DS3LfI1HbjI,"you get So, I tell the story, there's a commentary it's Larry called Turtle",20260920T071212Z_REBUILD,rebuild_all
larry fink,Larry Fink,person_or_named_entity,,3,1,1,0,19,LOW,proper_case,wfpVe_F_0UE,funds and retirement funds and IRAs. >> It's already happened. Uh Larry Fink,20260920T071212Z_REBUILD,rebuild_all
latis,Latis,named_entity,,3,1,1,0,19,LOW,proper_case,mq7GSzwaGBw,Palunteer technologies using AI systems like Latis which quote accelerates,20260920T071212Z_REBUILD,rebuild_all
lavro,Lavro,named_entity,,3,1,1,0,19,LOW,proper_case,MGnJEb4sXwM,it was their technology and that's what is being used and that's what Lavro is,20260920T071212Z_REBUILD,rebuild_all
lavrov,Lavrov,named_entity,,3,1,1,0,19,LOW,proper_case,MGnJEb4sXwM,whole lot of those uh things are are are happening and um uh uh Lavrov just the,20260920T071212Z_REBUILD,rebuild_all
lebanon we,Lebanon. We,person_or_named_entity,,3,1,1,0,19,LOW,proper_case,MGnJEb4sXwM,"take, you know, Syria. We're going to take Lebanon, part of Lebanon. We are",20260920T071212Z_REBUILD,rebuild_all
legends global,Legends Global,person_or_named_entity,,3,1,1,0,19,LOW,proper_case,vR-o6IGspmU,"Premier Center Concessions is operated by Legends Global based in Los Angeles,",20260920T071212Z_REBUILD,rebuild_all
let s let s,Let's Let's,person_or_named_entity,,3,1,1,0,19,LOW,proper_case,mq7GSzwaGBw,"move to Utah all the time. >> No, I know. Let's Let's put a goal.",20260920T071212Z_REBUILD,rebuild_all
like the,Like the,person_or_named_entity,,3,1,1,0,19,LOW,proper_case,WCezIGm3Cp4,control. Like the solutions may may the the,20260920T071212Z_REBUILD,rebuild_all
linkedin,LinkedIn,named_entity,,3,1,1,0,19,LOW,proper_case,mq7GSzwaGBw,>> Uh you can find me. You can also find me on LinkedIn personally. Uh uh you can,20260920T071212Z_REBUILD,rebuild_all
listen,Listen,named_entity,,3,1,1,0,19,LOW,proper_case,KKxQfBk1zBY,"at some stage will have said to us, ""Listen, guys, we're missing a a trick",20260920T071212Z_REBUILD,rebuild_all
lng so,LNG. So,person_or_named_entity,,3,1,1,0,19,LOW,proper_case,wnz7NM7h9R4,"cyclone hit uh Australia, and that shut their LNG. So essentially, the US is",20260920T071212Z_REBUILD,rebuild_all
local boys got rolled,Local Boys Got Rolled,person_or_named_entity,,3,1,1,0,19,LOW,proper_case,mq7GSzwaGBw,"from World War II on, it would be called How the Local Boys Got Rolled.",20260920T071212Z_REBUILD,rebuild_all
long bear and i,Long Bear and I,person_or_named_entity,,3,1,1,0,19,LOW,proper_case,mq7GSzwaGBw,"Python over a Christmas holiday. [music] >> I showed it to Long Bear and I said,",20260920T071212Z_REBUILD,rebuild_all
main street,Main Street,person_or_named_entity,,3,1,1,0,19,LOW,proper_case,Nx-vggrpYNw,But if you think that Americans American in Main Street or some somehow exempt,20260920T071212Z_REBUILD,rebuild_all
malaysia,Malaysia,named_entity,,3,1,1,0,19,LOW,proper_case,MGnJEb4sXwM,vessels from Pakistan and from India and I think even from Malaysia have been,20260920T071212Z_REBUILD,rebuild_all
mammoth holdings,Mammoth Holdings,person_or_named_entity,,3,1,1,0,19,LOW,proper_case,vR-o6IGspmU,locations in South Dakota. They're not now part of Mammoth Holdings based out,20260920T071212Z_REBUILD,rebuild_all
manhattan so,Manhattan. So,person_or_named_entity,,3,1,1,0,19,LOW,proper_case,tK4hyAbE3rw,"know, I'd get I had to go all over Manhattan. So we were always stuck in",20260920T071212Z_REBUILD,rebuild_all
manuel,Manuel,named_entity,,3,1,1,0,19,LOW,proper_case,vR-o6IGspmU,"part of a ground game and knocked on you and Manuel have knocked on 2,000 doors.",20260920T071212Z_REBUILD,rebuild_all
march now,March. Now,person_or_named_entity,,3,1,1,0,19,LOW,proper_case,vR-o6IGspmU,"her $10 to use her debit card um 20 times in the month of March. Now, is",20260920T071212Z_REBUILD,rebuild_all
margaret nice,Margaret. Nice,person_or_named_entity,,3,1,1,0,19,LOW,proper_case,vR-o6IGspmU,"day, >> Margaret. Nice to",20260920T071212Z_REBUILD,rebuild_all
marie callender,Marie Callender,person_or_named_entity,,3,1,1,0,19,LOW,proper_case,ZW6Lf7iQV3Q,"makes Birds Eye frozen vegetables and Marie Callender meals,",20260920T071212Z_REBUILD,rebuild_all
marlo oaks and,Marlo Oaks and,person_or_named_entity,,3,1,1,0,19,LOW,proper_case,mq7GSzwaGBw,"the Netherlands, I kept saying, ""You have to meet Marlo Oaks and his wife",20260920T071212Z_REBUILD,rebuild_all
massie,Massie,named_entity,,3,1,1,0,19,LOW,proper_case,MGnJEb4sXwM,your approval rating is down in in the depths what happens to Massie is going,20260920T071212Z_REBUILD,rebuild_all
massie s,Massie's,named_entity,,3,1,1,0,19,LOW,proper_case,zXpH1Lw08m0,member of an evangelical church. >> You remember Massie's term doesn't end,20260920T071212Z_REBUILD,rebuild_all
mastercard i,Mastercard. I,person_or_named_entity,,3,1,1,0,19,LOW,proper_case,vR-o6IGspmU,"senator's slides, Mr. Freeman, pirate money, Glint, Mastercard. I traced the",20260920T071212Z_REBUILD,rebuild_all
mayo clinic and i,Mayo Clinic and I,person_or_named_entity,,3,1,1,0,19,LOW,proper_case,mq7GSzwaGBw,sensing. I was studying medical imaging at the Mayo Clinic and I encountered,20260920T071212Z_REBUILD,rebuild_all
mcdonald s,McDonald's,named_entity,,3,1,1,0,19,LOW,proper_case,W4aWp1dC5ZU,time. I meet people in town here at McDonald's all the time.,20260920T071212Z_REBUILD,rebuild_all
medicare,Medicare,named_entity,,3,1,1,0,19,LOW,proper_case,eRQbIpPkxVE,>> But my father came home when they passed the Medicare bill and sat down. It's the,20260920T071212Z_REBUILD,rebuild_all
meister efkols,Meister Efkols,person_or_named_entity,,3,1,1,0,19,LOW,proper_case,71DIp8e2mXk,special. And so you're appealing to people This is the whole Meister Efkols,20260920T071212Z_REBUILD,rebuild_all
menard s,Menard's,named_entity,,3,1,1,0,19,LOW,proper_case,vR-o6IGspmU,"a smart camera light bulb on sale at our local Menard's, our local sort of",20260920T071212Z_REBUILD,rebuild_all
messianic,Messianic,named_entity,,3,1,1,0,19,LOW,proper_case,ChdoKKB48CU,"Frankfurt, that were connected to the Messianic movement of",20260920T071212Z_REBUILD,rebuild_all
meta,Meta,named_entity,,3,1,1,0,19,LOW,proper_case,mq7GSzwaGBw,>> For sure. Yeah. There's there's several people. It's actually somebody at Meta,20260920T071212Z_REBUILD,rebuild_all
meta we,Meta. We,person_or_named_entity,,3,1,1,0,19,LOW,proper_case,mq7GSzwaGBw,"And so, uh, it's I partner with uh we partner with with Meta. We partner with",20260920T071212Z_REBUILD,rebuild_all
mexico and canada,Mexico and Canada,person_or_named_entity,,3,1,1,0,19,LOW,proper_case,MGnJEb4sXwM,"imports, China's gone from being number one to number three. Mexico and Canada",20260920T071212Z_REBUILD,rebuild_all
mhm and,Mhm. And,person_or_named_entity,,3,1,1,0,19,LOW,proper_case,MaTz-usR3uo,"you've ever watched the Game of Thrones, is on top. Mhm. And it's um one of the",20260920T071212Z_REBUILD,rebuild_all
mhm which,Mhm. Which,person_or_named_entity,,3,1,1,0,19,LOW,proper_case,taUQwaop3Ro,"things are like here, that's what things are like everywhere. Mhm. Which is weak",20260920T071212Z_REBUILD,rebuild_all
mhm you,Mhm. You,person_or_named_entity,,3,1,1,0,19,LOW,proper_case,MaTz-usR3uo,"control grids that the BIS envisions. Mhm. You know, so so and",20260920T071212Z_REBUILD,rebuild_all
microsoft and amazon,Microsoft and Amazon,person_or_named_entity,,3,1,1,0,19,LOW,proper_case,MGnJEb4sXwM,have reliance and paying huge rents to Microsoft and Amazon because we'll be,20260920T071212Z_REBUILD,rebuild_all
microsoft word,Microsoft Word,product,,3,1,1,0,19,LOW,proper_case,mq7GSzwaGBw,"made. So, most of the software we use daily, like Microsoft Word or Adobe",20260920T071212Z_REBUILD,rebuild_all
microwave the,Microwave the,person_or_named_entity,,3,1,1,0,19,LOW,proper_case,Xu8_onfDCsQ,"Open the box. Microwave the plastic. Peel the plastic,",20260920T071212Z_REBUILD,rebuild_all
middle east but,Middle East. But,person_or_named_entity,,3,1,1,0,19,LOW,proper_case,MGnJEb4sXwM,proxy wars whether in the Ukraine or the Middle East. But what is the goal? And,20260920T071212Z_REBUILD,rebuild_all
middle east um,Middle East. Um,person_or_named_entity,,3,1,1,0,19,LOW,proper_case,MGnJEb4sXwM,"variety of ways understand what's going on in the world in the Middle East. Um,",20260920T071212Z_REBUILD,rebuild_all
midwest there s,Midwest. There's,person_or_named_entity,,3,1,1,0,19,LOW,proper_case,vR-o6IGspmU,of Atlanta with 67 car washes across the Midwest. There's four more here. I'm not,20260920T071212Z_REBUILD,rebuild_all
mit,MIT,named_entity,,3,1,1,0,19,LOW,proper_case,mq7GSzwaGBw,"that explain how you can use it. Some licenses, like the MIT license, which is",20260920T071212Z_REBUILD,rebuild_all
mit and,MIT and,organization,,3,1,1,0,19,LOW,proper_case,mq7GSzwaGBw,wonderful group of the leader of our team cash is a PhD from MIT and used to,20260920T071212Z_REBUILD,rebuild_all
modric,Modric,named_entity,,3,1,1,0,19,LOW,proper_case,MGnJEb4sXwM,you know that uh you're missing the point these people and I've heard Modric,20260920T071212Z_REBUILD,rebuild_all
monday so,Monday. So,person_or_named_entity,,3,1,1,0,19,LOW,proper_case,vR-o6IGspmU,"bill, reconsider, they were just going to revote on it on Monday. So, one of",20260920T071212Z_REBUILD,rebuild_all
more and,More and,person_or_named_entity,,3,1,1,0,19,LOW,proper_case,oGWf3g8iYLA,trying to build out. More and more now the opposition to,20260920T071212Z_REBUILD,rebuild_all
moscow,Moscow,named_entity,,3,1,1,0,19,LOW,proper_case,MGnJEb4sXwM,and he came there from having had talks in Moscow to in St. Petersburg with with,20260920T071212Z_REBUILD,rebuild_all
mr freeman,Mr. Freeman,person_or_named_entity,,3,1,1,0,19,LOW,proper_case,vR-o6IGspmU,"Mastercard."" So the money train is the senator's slides, Mr. Freeman, pirate",20260920T071212Z_REBUILD,rebuild_all
mr globalist they re,Mr. Globalist. They're,person_or_named_entity,,3,1,1,0,19,LOW,proper_case,LCbpnzlLKg8,"universities, everywhere. There isn't a Mr. Globalist. They're everywhere. This",20260920T071212Z_REBUILD,rebuild_all
mr globaloney,Mr. Globaloney,person_or_named_entity,,3,1,1,0,19,LOW,proper_case,9Td1lcX-Cno,uh to Mr. Globaloney and something. I don't think it's Mr. Globaloney behind,20260920T071212Z_REBUILD,rebuild_all
mr globaloney and,Mr. Globaloney and,person_or_named_entity,,3,1,1,0,19,LOW,proper_case,9Td1lcX-Cno,of message uh to Mr. Globaloney and something. I,20260920T071212Z_REBUILD,rebuild_all
mr kevin freeman,Mr. Kevin Freeman,person_or_named_entity,,3,1,1,0,19,LOW,proper_case,vR-o6IGspmU,"said, ""The prime sponsor slides were made by Mr. Kevin Freeman from Pirate",20260920T071212Z_REBUILD,rebuild_all
mr trump the,Mr. Trump the,person_or_named_entity,,3,1,1,0,19,LOW,proper_case,MGnJEb4sXwM,now this is my words but this is my paraphrase of it. Um Mr. Trump the road,20260920T071212Z_REBUILD,rebuild_all
mr trump and i i,Mr. Trump. And I I,person_or_named_entity,,3,1,1,0,19,LOW,proper_case,MGnJEb4sXwM,And that was a very tough statement uh to Mr. Trump. And I I think that we if,20260920T071212Z_REBUILD,rebuild_all
murphy,Murphy,named_entity,,3,1,1,0,19,LOW,proper_case,mq7GSzwaGBw,>> something go wrong at will. >> Right. O'Brien Slow was Murphy was an,20260920T071212Z_REBUILD,rebuild_all
murphy s,Murphy's,named_entity,,3,1,1,0,19,LOW,proper_case,mq7GSzwaGBw,>> I don't. >> Do you know what Murphy's law was?,20260920T071212Z_REBUILD,rebuild_all
national counterterrorism center,National Counterterrorism Center,government,,3,1,1,0,19,LOW,proper_case,WET6BjpHGkc,"Department of Justice, the FBI, uh National Counterterrorism Center, I",20260920T071212Z_REBUILD,rebuild_all
national league of cities,National League of Cities,event,,3,1,1,0,19,LOW,proper_case,87SJi_DDbt4,"They were joined by the US Conference of Mayors, the National League of Cities,",20260920T071212Z_REBUILD,rebuild_all
nautical bowls they re,Nautical Bowls. They're,person_or_named_entity,,3,1,1,0,19,LOW,proper_case,vR-o6IGspmU,"billion in 2024. Okay, the next one, Nautical Bowls. They're not a small",20260920T071212Z_REBUILD,rebuild_all
nazi,Nazi,named_entity,,3,1,1,0,19,LOW,proper_case,Oxk8BAFUdBE,"deep state, whatever you want to call I call it the Nazi international because",20260920T071212Z_REBUILD,rebuild_all
neocon,Neocon,named_entity,,3,1,1,0,19,LOW,proper_case,ChdoKKB48CU,Trotskyism to America that ultimately became the Neocon groups.,20260920T071212Z_REBUILD,rebuild_all
netherlands and,Netherlands and,person_or_named_entity,,3,1,1,0,19,LOW,proper_case,mq7GSzwaGBw,time spent a lot of time in the Netherlands and she's talked a lot about,20260920T071212Z_REBUILD,rebuild_all
netherlands i,Netherlands I,person_or_named_entity,,3,1,1,0,19,LOW,proper_case,eyItREqSFvA,then we sure are going to lose. But here in the Netherlands I also with knowing,20260920T071212Z_REBUILD,rebuild_all
netherlands we,Netherlands. We,person_or_named_entity,,3,1,1,0,19,LOW,proper_case,mq7GSzwaGBw,"special person, Travis Olivon, who came to visit in the Netherlands. We had an",20260920T071212Z_REBUILD,rebuild_all
nevada,Nevada,named_entity,,3,1,1,0,19,LOW,proper_case,INWRgXjwPXk,both They they were temporarily banned. Kalshi was temporarily banned in Nevada,20260920T071212Z_REBUILD,rebuild_all
new york times,New York Times,person_or_named_entity,,3,1,1,0,19,LOW,proper_case,MGnJEb4sXwM,now reported in the I think it was in the New York Times showed how how,20260920T071212Z_REBUILD,rebuild_all
nimbus,Nimbus,organization,,3,1,1,0,19,LOW,proper_case,mq7GSzwaGBw,and Google partnered with Israel for the project Nimbus contract which obliges,20260920T071212Z_REBUILD,rebuild_all
nina hyde,Nina Hyde,person_or_named_entity,,3,1,1,0,19,LOW,proper_case,tK4hyAbE3rw,"finds it very interesting, and I do too. You know, Nina Hyde who writes our",20260920T071212Z_REBUILD,rebuild_all
nist,NIST,named_entity,,3,1,1,0,19,LOW,proper_case,m50hk1fyOYs,"truth community researchers, be it Dr. Wood or the national NIST",20260920T071212Z_REBUILD,rebuild_all
none it s,None. It's,person_or_named_entity,,3,1,1,0,19,LOW,proper_case,MGnJEb4sXwM,you're right. Most people have no idea what's coming. None. It's shocking.,20260920T071212Z_REBUILD,rebuild_all
nope uh,Nope. Uh,person_or_named_entity,,3,1,1,0,19,LOW,proper_case,vR-o6IGspmU,">> You're kidding. >> Nope. Uh, and people do not realize",20260920T071212Z_REBUILD,rebuild_all
north carolina,North Carolina,person_or_named_entity,,3,1,1,0,19,LOW,proper_case,vR-o6IGspmU,"we saw in East Tennessee and western North Carolina, the people who had cash",20260920T071212Z_REBUILD,rebuild_all
nothing that s,Nothing. That's,person_or_named_entity,,3,1,1,0,19,LOW,proper_case,SkLWbV2A-aI,you see Nothing. That's a string That's a string,20260920T071212Z_REBUILD,rebuild_all
november and,November and,person_or_named_entity,,3,1,1,0,19,LOW,proper_case,vR-o6IGspmU,days and uh we're on the ballot in November and um we're going to work,20260920T071212Z_REBUILD,rebuild_all
november um,November. Um,person_or_named_entity,,3,1,1,0,19,LOW,proper_case,vR-o6IGspmU,"have it right across the street from our schools, God willing, in November. Um",20260920T071212Z_REBUILD,rebuild_all
nra,NRA,named_entity,,3,1,1,0,19,LOW,proper_case,WET6BjpHGkc,">> Uh because depending on who the governor is, you know, the the NRA, clearly",20260920T071212Z_REBUILD,rebuild_all
nso,NSO,named_entity,,3,1,1,0,19,LOW,proper_case,mD_aE7ZCMoo,"computer programs and sold as security services by companies such as NSO,",20260920T071212Z_REBUILD,rebuild_all
nvidia for,Nvidia for,person_or_named_entity,,3,1,1,0,19,LOW,proper_case,mq7GSzwaGBw,builders >> like uh Nvidia for example does not want,20260920T071212Z_REBUILD,rebuild_all
october,October,named_entity,,3,1,1,0,19,LOW,proper_case,mq7GSzwaGBw,paid our salaries every 2 weeks and then suddenly in late October we weren't. It,20260920T071212Z_REBUILD,rebuild_all
october he,October. He,person_or_named_entity,,3,1,1,0,19,LOW,proper_case,MGnJEb4sXwM,have to do it. And Netanyahu broke this pattern after the 7th of October. He,20260920T071212Z_REBUILD,rebuild_all
oh oh,Oh. Oh,person_or_named_entity,,3,1,1,0,19,LOW,proper_case,mq7GSzwaGBw,"Chip. >> Oh. Oh,",20260920T071212Z_REBUILD,rebuild_all
oh oh and,Oh. Oh. and,person_or_named_entity,,3,1,1,0,19,LOW,proper_case,mq7GSzwaGBw,Sou Falls. >> Oh. Oh. and we're working with a,20260920T071212Z_REBUILD,rebuild_all
okay and,Okay. And,person_or_named_entity,,3,1,1,0,19,LOW,proper_case,vR-o6IGspmU,"have more credit card debt, right? >> Okay. And then it kind of goes down. As",20260920T071212Z_REBUILD,rebuild_all
okay i,Okay. I,person_or_named_entity,,3,1,1,0,19,LOW,proper_case,mq7GSzwaGBw,the world works. Yeah. >> Okay. I was one of those people once,20260920T071212Z_REBUILD,rebuild_all
okay must,Okay. Must,person_or_named_entity,,3,1,1,0,19,LOW,proper_case,vR-o6IGspmU,gift shop. >> In the gift shop. Okay. Must be the gift,20260920T071212Z_REBUILD,rebuild_all
okay people,Okay. People,person_or_named_entity,,3,1,1,0,19,LOW,proper_case,vR-o6IGspmU,corporations would pay someone to lead the opposition. Okay. People here in,20260920T071212Z_REBUILD,rebuild_all
okay so murphy s,Okay. So Murphy's,person_or_named_entity,,3,1,1,0,19,LOW,proper_case,mq7GSzwaGBw,>> I do. Yes. >> Okay. So Murphy's law was,20260920T071212Z_REBUILD,rebuild_all
okay yes so,Okay. Yes. So,person_or_named_entity,,3,1,1,0,19,LOW,proper_case,vR-o6IGspmU,">> Yeah. >> Okay. Yes. So, it it failed four to",20260920T071212Z_REBUILD,rebuild_all
oman oman of,Oman. Oman of,product,,3,1,1,0,19,LOW,proper_case,MGnJEb4sXwM,>> Saudi and Qatar is moving that way too and Oman. Oman of course has a a sort of,20260920T071212Z_REBUILD,rebuild_all
omani,Omani,named_entity,,3,1,1,0,19,LOW,proper_case,MGnJEb4sXwM,moving its vessels closer and closer to the Omani side o of the entrance to the,20260920T071212Z_REBUILD,rebuild_all
omas,Omas,named_entity,,3,1,1,0,19,LOW,proper_case,RRPA9FVZ2Ds,"flew to Offutt Air Force Base in Omas,",20260920T071212Z_REBUILD,rebuild_all
omni war,Omni War,person_or_named_entity,,3,1,1,0,19,LOW,proper_case,mq7GSzwaGBw,everything. So we have a wonderful wrap-up called Omni War which is the,20260920T071212Z_REBUILD,rebuild_all
omniwor,Omniwor,named_entity,,3,1,1,0,19,LOW,proper_case,WCezIGm3Cp4,"everything. So, we have a wonderful wrap-up called Omniwor, which is the",20260920T071212Z_REBUILD,rebuild_all
on april,On April,person_or_named_entity,,3,1,1,0,19,LOW,proper_case,INWRgXjwPXk,"Okay? On April 7th, right before Donald Trump",20260920T071212Z_REBUILD,rebuild_all
on february,On February,person_or_named_entity,,3,1,1,0,19,LOW,proper_case,1q3O8KbUHfU,"Beijing draws a line on digital dollars. On February 6th, 2026, People's Bank of",20260920T071212Z_REBUILD,rebuild_all
on new jersey,On New Jersey,person_or_named_entity,,3,1,1,0,19,LOW,proper_case,v4d389XfJbA,"middle digits. Okay? On New Jersey plates, the middle",20260920T071212Z_REBUILD,rebuild_all
once once,Once Once,person_or_named_entity,,3,1,1,0,19,LOW,proper_case,ad0pzcCcJ04,">> Yeah, it's the that's that's the tough road. Once Once you found your own",20260920T071212Z_REBUILD,rebuild_all
opec,OPEC,named_entity,,3,1,1,0,19,LOW,proper_case,MGnJEb4sXwM,>> How does that relate to their dropping out of OPEC at the same time?,20260920T071212Z_REBUILD,rebuild_all
open ai,Open AI,person_or_named_entity,,3,1,1,0,19,LOW,proper_case,WCezIGm3Cp4,conversations where all these brilliant people are sitting around in Open AI,20260920T071212Z_REBUILD,rebuild_all
open ai i,Open AI. I,product,,3,1,1,0,19,LOW,proper_case,WCezIGm3Cp4,in the last 12 months is Karen House's book on Open AI. I don't know if you've,20260920T071212Z_REBUILD,rebuild_all
open the,Open the,person_or_named_entity,,3,1,1,0,19,LOW,proper_case,Xu8_onfDCsQ,a sterile environment. Open the box.,20260920T071212Z_REBUILD,rebuild_all
orient express,Orient Express,person_or_named_entity,,3,1,1,0,19,LOW,proper_case,m50hk1fyOYs,is you're dealing with a kind of Agatha Christie murder on the Orient Express,20260920T071212Z_REBUILD,rebuild_all
pakistan and,Pakistan and,person_or_named_entity,,3,1,1,0,19,LOW,proper_case,MGnJEb4sXwM,um to China. So have others some other vessels from Pakistan and from India and,20260920T071212Z_REBUILD,rebuild_all
palanteer iran,Palanteer. Iran,person_or_named_entity,,3,1,1,0,19,LOW,proper_case,mq7GSzwaGBw,"targets."" then listing a series of companies including Palanteer. Iran also",20260920T071212Z_REBUILD,rebuild_all
palanteer it,Palanteer. It,organization,,3,1,1,0,19,LOW,proper_case,mq7GSzwaGBw,"main systems is Project Maven, developed by Palanteer. It was first deployed in",20260920T071212Z_REBUILD,rebuild_all
palestinians and,Palestinians and,person_or_named_entity,,3,1,1,0,19,LOW,proper_case,mq7GSzwaGBw,Wolfpack have been used to categorize and track Palestinians and were linked,20260920T071212Z_REBUILD,rebuild_all
panopticon,Panopticon,named_entity,,3,1,1,0,19,LOW,proper_case,LTWifAkVVDg,"their financial side is not as strong as it was, particularly with the Panopticon",20260920T071212Z_REBUILD,rebuild_all
part of the,Part of the,person_or_named_entity,,3,1,1,0,19,LOW,proper_case,FXNfNrtGHlo,way that keeps you coherent. So. >> Part of the madness and really sort of a,20260920T071212Z_REBUILD,rebuild_all
patriot act,Patriot Act,person_or_named_entity,,3,1,1,0,19,LOW,proper_case,mD_aE7ZCMoo,"laundering laws, and you know, with the Patriot Act, you",20260920T071212Z_REBUILD,rebuild_all
pattern of,Pattern of,person_or_named_entity,,3,1,1,0,19,LOW,proper_case,WET6BjpHGkc,on is called pattern of life data. Pattern of life data is,20260920T071212Z_REBUILD,rebuild_all
paul wolfowitz,Paul Wolfowitz,organization,,3,1,1,0,19,LOW,proper_case,m50hk1fyOYs,"project for the new American Century under the direction of Paul Wolfowitz, a",20260920T071212Z_REBUILD,rebuild_all
pcs,PCs,named_entity,,3,1,1,0,19,LOW,proper_case,mq7GSzwaGBw,>> and lo and behold actually the demand for PCs was enormous I think there's the,20260920T071212Z_REBUILD,rebuild_all
pearl harbor,Pearl Harbor,person_or_named_entity,,3,1,1,0,19,LOW,proper_case,m50hk1fyOYs,"we would need a galvanizing event, which they called a new Pearl Harbor,",20260920T071212Z_REBUILD,rebuild_all
peel the,Peel the,person_or_named_entity,,3,1,1,0,19,LOW,proper_case,Xu8_onfDCsQ,"Open the box. Microwave the plastic. Peel the plastic,",20260920T071212Z_REBUILD,rebuild_all
pennsylvania i m,Pennsylvania. I'm,person_or_named_entity,,3,1,1,0,19,LOW,proper_case,MGnJEb4sXwM,"live half the year in the Netherlands, but I'm in Pennsylvania. I'm in the",20260920T071212Z_REBUILD,rebuild_all
people,People,named_entity,,3,1,1,0,19,LOW,proper_case,vR-o6IGspmU,"organizers about this. I sent multiple emails. I said, ""People need to know how",20260920T071212Z_REBUILD,rebuild_all
persian,Persian,named_entity,,3,1,1,0,19,LOW,proper_case,MGnJEb4sXwM,oil directly by passing the hormuz um into the Persian uh uh Gulf. So that was,20260920T071212Z_REBUILD,rebuild_all
persian gulf,Persian Gulf,person_or_named_entity,,3,1,1,0,19,LOW,proper_case,MGnJEb4sXwM,"tanker war taking place off the po Persian Gulf, but we saw it off",20260920T071212Z_REBUILD,rebuild_all
peter theel,Peter Theel,person_or_named_entity,,3,1,1,0,19,LOW,proper_case,mq7GSzwaGBw,"too. 10 years ago, the sex offender coordinated lunches between Peter Theel,",20260920T071212Z_REBUILD,rebuild_all
phds,PhDs,named_entity,,3,1,1,0,19,LOW,proper_case,tK4hyAbE3rw,And so I had all these drivers who were PhDs from Poland. They were university,20260920T071212Z_REBUILD,rebuild_all
phoenix and las vegas and los,Phoenix and Las Vegas and Los,named_entity,,3,1,1,0,19,LOW,proper_case,9Td1lcX-Cno,Salt Lake City's air traffic had to be shunted to Phoenix and Las Vegas and Los,20260920T071212Z_REBUILD,rebuild_all
pirate money he,Pirate Money. He,product,,3,1,1,0,19,LOW,proper_case,vR-o6IGspmU,"Freeman, who is Pirate Money. Okay, he's from Pirate Money. He wrote a book",20260920T071212Z_REBUILD,rebuild_all
pirate money okay,Pirate Money. Okay,person_or_named_entity,,3,1,1,0,19,LOW,proper_case,vR-o6IGspmU,"turns out he used slides from Kevin Freeman, who is Pirate Money. Okay, he's",20260920T071212Z_REBUILD,rebuild_all
pirate pirate money and i,Pirate Pirate Money and I,product,,3,1,1,0,19,LOW,proper_case,vR-o6IGspmU,from Pirate Money. He wrote a book called Pirate Pirate Money and I believe,20260920T071212Z_REBUILD,rebuild_all
poland and,Poland. And,person_or_named_entity,,3,1,1,0,19,LOW,proper_case,tK4hyAbE3rw,Chinese and her dad was Polish. She grew up in Poland. And so,20260920T071212Z_REBUILD,rebuild_all
poland see,Poland. See,media_show,,3,1,1,0,19,LOW,proper_case,m50hk1fyOYs,"of people in radio station in Germany, we're invading Poland. See, okay?",20260920T071212Z_REBUILD,rebuild_all
poland so,Poland. So,person_or_named_entity,,3,1,1,0,19,LOW,proper_case,SR4Myof7g0Q,"also talking to other committees like this throughout Poland. So, there was a",20260920T071212Z_REBUILD,rebuild_all
poland they,Poland. They,person_or_named_entity,,3,1,1,0,19,LOW,proper_case,tK4hyAbE3rw,And so I had all these drivers who were PhDs from Poland. They were university,20260920T071212Z_REBUILD,rebuild_all
poland well,Poland. Well,person_or_named_entity,,3,1,1,0,19,LOW,proper_case,RRdQPuFQCik,"who was a national figure and a national hero in Poland. Well, Wyszynski, if you",20260920T071212Z_REBUILD,rebuild_all
polish i,Polish. I,person_or_named_entity,,3,1,1,0,19,LOW,proper_case,tK4hyAbE3rw,>> But two of the smartest people I ever met were were Polish. I met them in,20260920T071212Z_REBUILD,rebuild_all
polish she,Polish. She,person_or_named_entity,,3,1,1,0,19,LOW,proper_case,tK4hyAbE3rw,"uh Food for the Soul, her mom was Chinese and her dad was Polish. She grew",20260920T071212Z_REBUILD,rebuild_all
ponzi,Ponzi,named_entity,,3,1,1,0,19,LOW,proper_case,C-nY_mj1XtE,"this right now, health insurance is the biggest Ponzi scheme there ever was or",20260920T071212Z_REBUILD,rebuild_all
popes,Popes,named_entity,,3,1,1,0,19,LOW,proper_case,2FCT_uA2z5k,Europe completely electrified it and the Popes got excited about it,20260920T071212Z_REBUILD,rebuild_all
precisely yeah,Precisely. Yeah,person_or_named_entity,,3,1,1,0,19,LOW,proper_case,MGnJEb4sXwM,market up. It's not to have an economic. >> Precisely. Yeah. [laughter] Close. Very,20260920T071212Z_REBUILD,rebuild_all
prince sultan,Prince Sultan,person_or_named_entity,,3,1,1,0,19,LOW,proper_case,MGnJEb4sXwM,result has been very important. Saudi Arabia shut the use of its Prince Sultan,20260920T071212Z_REBUILD,rebuild_all
project maven,Project Maven,organization,,3,1,1,0,19,LOW,proper_case,mq7GSzwaGBw,"implemented DSSIs in the US. One of the main systems is Project Maven, developed",20260920T071212Z_REBUILD,rebuild_all
ps4,PS4,media_show,,3,1,1,0,19,LOW,proper_case,r7POfIOIJd8,"may be something from over-the-air broadcast, cable. It could be your PS4,",20260920T071212Z_REBUILD,rebuild_all
ps5,PS5,media_show,,3,1,1,0,19,LOW,proper_case,r7POfIOIJd8,"broadcast, cable. It could be your PS4, your PS5 if you're into gaming. It could",20260920T071212Z_REBUILD,rebuild_all
public citizen,Public Citizen,government,,3,1,1,0,19,LOW,proper_case,INWRgXjwPXk,"Holman, a government affairs lobbyist for Public Citizen,",20260920T071212Z_REBUILD,rebuild_all
putin so,Putin. So,person_or_named_entity,,3,1,1,0,19,LOW,proper_case,MGnJEb4sXwM,"in Moscow to in St. Petersburg with with Putin. So, I think",20260920T071212Z_REBUILD,rebuild_all
pyon,Pyon,named_entity,,3,1,1,0,19,LOW,proper_case,mq7GSzwaGBw,"Pi where Python came from. >> Okay, Google. Where was Pyon held in",20260920T071212Z_REBUILD,rebuild_all
python and i,Python and I,person_or_named_entity,,3,1,1,0,19,LOW,proper_case,mq7GSzwaGBw,me do that and I found [clears throat] Python and I started to contribute to,20260920T071212Z_REBUILD,rebuild_all
python s,Python's,named_entity,,3,1,1,0,19,LOW,proper_case,mq7GSzwaGBw,was. How much of Python's success in AI can,20260920T071212Z_REBUILD,rebuild_all
python so,Python. So,organization,,3,1,1,0,19,LOW,proper_case,mq7GSzwaGBw,>> So it's the foundation of array computing in Python. So that's one,20260920T071212Z_REBUILD,rebuild_all
python so i,Python. So I,person_or_named_entity,,3,1,1,0,19,LOW,proper_case,mq7GSzwaGBw,Python and I started to contribute to Python. So I started to do a lot of just,20260920T071212Z_REBUILD,rebuild_all
qatar s lng,Qatar's LNG,person_or_named_entity,,3,1,1,0,19,LOW,proper_case,wnz7NM7h9R4,"bombed that big field, they shut down half of Qatar's LNG, and then we had the",20260920T071212Z_REBUILD,rebuild_all
quansite,Quansite,named_entity,,3,1,1,0,19,LOW,proper_case,mq7GSzwaGBw,"how do I get that done? Well, >> so Quansite becomes a we so Quite",20260920T071212Z_REBUILD,rebuild_all
quansite and,Quansite and,organization,,3,1,1,0,19,LOW,proper_case,mq7GSzwaGBw,consult another consulting company called Quansite and a venture fund. So,20260920T071212Z_REBUILD,rebuild_all
really they,Really. They,person_or_named_entity,,3,1,1,0,19,LOW,proper_case,oc8B5AqvkUE,universe. But then they didn't want to understand the universe. Really. They,20260920T071212Z_REBUILD,rebuild_all
red sea again,Red Sea. Again,person_or_named_entity,,3,1,1,0,19,LOW,proper_case,9Td1lcX-Cno,"Okay? It actually goes around into the Red Sea. Again, very tight pass.",20260920T071212Z_REBUILD,rebuild_all
reluctantly,Reluctantly,named_entity,,3,1,1,0,19,LOW,proper_case,oc8B5AqvkUE,"Earth going around the Sun and they said, ""Okay, okay."" Reluctantly they all",20260920T071212Z_REBUILD,rebuild_all
remember the,Remember the,person_or_named_entity,,3,1,1,0,19,LOW,proper_case,vR-o6IGspmU,"looked at him and I said, ""Do you want to live in utopia?"" Remember the horror",20260920T071212Z_REBUILD,rebuild_all
remnant health care,Remnant Health Care,person_or_named_entity,,3,1,1,0,19,LOW,proper_case,DrGmCAQxBig,"We wanted to do something different here at Remnant Health Care, and I think we",20260920T071212Z_REBUILD,rebuild_all
republican republicans,Republican Republicans,person_or_named_entity,,3,1,1,0,19,LOW,proper_case,vR-o6IGspmU,their Republican brothers and sisters. And I hope the Republican Republicans,20260920T071212Z_REBUILD,rebuild_all
republican and,Republican. And,person_or_named_entity,,3,1,1,0,19,LOW,proper_case,vR-o6IGspmU,come out of their couch and put aside Democrat versus Republican. And what,20260920T071212Z_REBUILD,rebuild_all
republicans this,Republicans. This,person_or_named_entity,,3,1,1,0,19,LOW,proper_case,vR-o6IGspmU,about cash. I'll talk to Democrats. I'll talk to Republicans. This is a corpos,20260920T071212Z_REBUILD,rebuild_all
republicans um,Republicans. Um,person_or_named_entity,,3,1,1,0,19,LOW,proper_case,vR-o6IGspmU,"all kinds of things. And then the old conservative grandma Republicans. Um,",20260920T071212Z_REBUILD,rebuild_all
richard medhurst,Richard Medhurst,person_or_named_entity,,3,1,1,0,19,LOW,proper_case,YItOkNjS4OY,down other oil going to China and someone pointed out Richard Medhurst,20260920T071212Z_REBUILD,rebuild_all
right actually,Right. Actually,person_or_named_entity,,3,1,1,0,19,LOW,proper_case,wfpVe_F_0UE,"prices at once the capital is destroyed. >> Right. Actually, if you look at the tax",20260920T071212Z_REBUILD,rebuild_all
right ai,Right. AI,person_or_named_entity,,3,1,1,0,19,LOW,proper_case,mq7GSzwaGBw,why I want to get the word out that it doesn't have to be that way. Right. AI,20260920T071212Z_REBUILD,rebuild_all
right and and,Right. And And,person_or_named_entity,,3,1,1,0,19,LOW,proper_case,FXNfNrtGHlo,that leaves no doubt on that issue. >> Right. And And part of the madness is,20260920T071212Z_REBUILD,rebuild_all
right and and i,Right. And And I,person_or_named_entity,,3,1,1,0,19,LOW,proper_case,FXNfNrtGHlo,">> Yeah. >> Right. And And I think you know, because",20260920T071212Z_REBUILD,rebuild_all
right and i i,Right. And I I,person_or_named_entity,,3,1,1,0,19,LOW,proper_case,Xu8_onfDCsQ,this modern crazy world. >> Right. And I I think that,20260920T071212Z_REBUILD,rebuild_all
right because,Right. Because,person_or_named_entity,,3,1,1,0,19,LOW,proper_case,mq7GSzwaGBw,centralized compute to people. Right. >> Right. Because you this notion of,20260920T071212Z_REBUILD,rebuild_all
right but,Right. But,person_or_named_entity,,3,1,1,0,19,LOW,proper_case,tdcH4dZ12vQ,"defaulting, it's a plan. >> Right. But, when they were when they",20260920T071212Z_REBUILD,rebuild_all
right do,Right. Do,person_or_named_entity,,3,1,1,0,19,LOW,proper_case,RD8gcj5aP74,>> Right. >> Right. Do everything you can to keep,20260920T071212Z_REBUILD,rebuild_all
right exactly,Right. Exactly,person_or_named_entity,,3,1,1,0,19,LOW,proper_case,vR-o6IGspmU,encroaching on freedom. >> Right. Exactly.,20260920T071212Z_REBUILD,rebuild_all
right exactly exactly so,Right. Exactly. Exactly. So,person_or_named_entity,,3,1,1,0,19,LOW,proper_case,vR-o6IGspmU,">> Right. >> Right. Exactly. Exactly. So, we're",20260920T071212Z_REBUILD,rebuild_all
right for,Right. For,organization,,3,1,1,0,19,LOW,proper_case,mq7GSzwaGBw,"make it a company. >> Right. For me, this controversy started",20260920T071212Z_REBUILD,rebuild_all
right from afghanistan,Right. From Afghanistan,person_or_named_entity,,3,1,1,0,19,LOW,proper_case,vVa6h4WYlOw,"appropriation. >> Right. From Afghanistan, from Iraq, um",20260920T071212Z_REBUILD,rebuild_all
right is,Right. Is,person_or_named_entity,,3,1,1,0,19,LOW,proper_case,INWRgXjwPXk,federal district court judges? Right. Is that is it is you you are you,20260920T071212Z_REBUILD,rebuild_all
right it,Right. It,person_or_named_entity,,3,1,1,0,19,LOW,proper_case,FXNfNrtGHlo,>> Yeah. >> Right. It did It's It's It's calculated.,20260920T071212Z_REBUILD,rebuild_all
right now,Right. Now,person_or_named_entity,,3,1,1,0,19,LOW,proper_case,mD_aE7ZCMoo,">> Yeah. >> Right. Now,",20260920T071212Z_REBUILD,rebuild_all
right o brien slow,Right. O'Brien Slow,person_or_named_entity,,3,1,1,0,19,LOW,proper_case,mq7GSzwaGBw,>> something go wrong at will. >> Right. O'Brien Slow was Murphy was an,20260920T071212Z_REBUILD,rebuild_all
right okay,Right. Okay,person_or_named_entity,,3,1,1,0,19,LOW,proper_case,eyItREqSFvA,">> Yes, yes. >> Right. Okay, so for those of you who who",20260920T071212Z_REBUILD,rebuild_all
right right and,Right. Right. And,person_or_named_entity,,3,1,1,0,19,LOW,proper_case,vR-o6IGspmU,need to know how the perfect example. >> Right. Right. And at that point when I,20260920T071212Z_REBUILD,rebuild_all
right right not not,Right. Right. Not Not,person_or_named_entity,,3,1,1,0,19,LOW,proper_case,LTWifAkVVDg,Right? >> Right. Right. Not Not putting a target,20260920T071212Z_REBUILD,rebuild_all
right right so,Right. Right. So,person_or_named_entity,,3,1,1,0,19,LOW,proper_case,vR-o6IGspmU,>> I bet. >> Right. Right. So it depends on where you,20260920T071212Z_REBUILD,rebuild_all
right right there s,Right. Right. There's,person_or_named_entity,,3,1,1,0,19,LOW,proper_case,vR-o6IGspmU,information. >> Right. Right. There's that and just kind,20260920T071212Z_REBUILD,rebuild_all
right there s,Right. There's,person_or_named_entity,,3,1,1,0,19,LOW,proper_case,-YPhdbbhvv4,"transparency. >> Right. There's not only a no privacy,",20260920T071212Z_REBUILD,rebuild_all
right they re,Right. They're,person_or_named_entity,,3,1,1,0,19,LOW,proper_case,1q3O8KbUHfU,>> It's their money. Right. They're not going to have Jeff,20260920T071212Z_REBUILD,rebuild_all
right which,Right. Which,person_or_named_entity,,3,1,1,0,19,LOW,proper_case,mq7GSzwaGBw,>> Exactly. Exactly. And and I I share those concerns. Right. Which is partly,20260920T071212Z_REBUILD,rebuild_all
riia,RIIA,organization,,3,1,1,0,19,LOW,proper_case,ChdoKKB48CU,"Affairs, the Council on Foreign Relations, the CFR, and the RIIA, and",20260920T071212Z_REBUILD,rebuild_all
robert kennedy,Robert Kennedy,person_or_named_entity,,3,1,1,0,19,LOW,proper_case,Oxk8BAFUdBE,>> And um perhaps you can count Robert Kennedy,20260920T071212Z_REBUILD,rebuild_all
rockefeller,Rockefeller,named_entity,,3,1,1,0,19,LOW,proper_case,C-nY_mj1XtE,he's talking about because he's so deeply indoctrinated by Rockefeller,20260920T071212Z_REBUILD,rebuild_all
rogue foods and i m,Rogue Foods and I'm,person_or_named_entity,,3,1,1,0,19,LOW,proper_case,vR-o6IGspmU,happened was Katherine sent was sent me to Rogue Foods and I'm blessed for that,20260920T071212Z_REBUILD,rebuild_all
rogue foods i,Rogue Foods I,person_or_named_entity,,3,1,1,0,19,LOW,proper_case,vR-o6IGspmU,year it's doubled in size I believe. Um at Rogue Foods I got a bunch of new,20260920T071212Z_REBUILD,rebuild_all
roi,ROI,named_entity,,3,1,1,0,19,LOW,proper_case,wfpVe_F_0UE,announced CapEx increases recently are getting punished because there are ROI,20260920T071212Z_REBUILD,rebuild_all
romania,Romania,named_entity,,3,1,1,0,19,LOW,proper_case,XBdxRddutME,"Eastern Europe. For Poland, for Hungary, Romania, and so",20260920T071212Z_REBUILD,rebuild_all
ron desantis i,Ron DeSantis. I,person_or_named_entity,,3,1,1,0,19,LOW,proper_case,WET6BjpHGkc,I don't like that. And and this is not a slam on Ron DeSantis. I don't think,20260920T071212Z_REBUILD,rebuild_all
rothschild,Rothschild,named_entity,,3,1,1,0,19,LOW,proper_case,mD_aE7ZCMoo,">> PayPal Mafia, here we go. The architecture of power and the Rothschild",20260920T071212Z_REBUILD,rebuild_all
rushmore and,Rushmore. And,person_or_named_entity,,3,1,1,0,19,LOW,proper_case,vR-o6IGspmU,Crazy Horse. Crazy Horse is way better than Rushmore. And it's a way better,20260920T071212Z_REBUILD,rebuild_all
rushmore first of,Rushmore. First of,person_or_named_entity,,3,1,1,0,19,LOW,proper_case,vR-o6IGspmU,"things about if we can diverge about Rushmore. First of all, I don't like ice",20260920T071212Z_REBUILD,rebuild_all
rushmore um,Rushmore. Um,person_or_named_entity,,3,1,1,0,19,LOW,proper_case,vR-o6IGspmU,">> Yeah. By the way, if you come to South Dakota, okay, you go to Rushmore. Um two",20260920T071212Z_REBUILD,rebuild_all
russia and i,Russia and I,person_or_named_entity,,3,1,1,0,19,LOW,proper_case,MGnJEb4sXwM,very close relationship both with Iran and with Russia and I think the Russians,20260920T071212Z_REBUILD,rebuild_all
russia for,Russia. For,person_or_named_entity,,3,1,1,0,19,LOW,proper_case,MGnJEb4sXwM,"rest of the world, but the the the tanker war against Russia. For example,",20260920T071212Z_REBUILD,rebuild_all
sabbatean frankist,Sabbatean Frankist,person_or_named_entity,,3,1,1,0,19,LOW,proper_case,ChdoKKB48CU,connected to the Messianic movement of Sabbatean Frankist circles in Frankfurt,20260920T071212Z_REBUILD,rebuild_all
salary report and,Salary Report and,product,,3,1,1,0,19,LOW,proper_case,vR-o6IGspmU,"Ladies and gentlemen, welcome to the Salary Report and welcome to Sou Falls,",20260920T071212Z_REBUILD,rebuild_all
sallie mae,Sallie Mae,person_or_named_entity,,3,1,1,0,19,LOW,proper_case,tdcH4dZ12vQ,"remember I used to be on the board of Sallie Mae, right?",20260920T071212Z_REBUILD,rebuild_all
salt lake city,Salt Lake City,person_or_named_entity,,3,1,1,0,19,LOW,proper_case,9Td1lcX-Cno,by yet another internet cable being cut that brought down the Salt Lake City air,20260920T071212Z_REBUILD,rebuild_all
salt lake city i,Salt Lake City I,person_or_named_entity,,3,1,1,0,19,LOW,proper_case,mq7GSzwaGBw,>> So let me uh get back to I was when I on my way to Salt Lake City I came through,20260920T071212Z_REBUILD,rebuild_all
salt lake city s,Salt Lake City's,person_or_named_entity,,3,1,1,0,19,LOW,proper_case,9Td1lcX-Cno,because Salt Lake City's air traffic had to be,20260920T071212Z_REBUILD,rebuild_all
salt lake city i ve,Salt Lake City. I've,product,,3,1,1,0,19,LOW,proper_case,mq7GSzwaGBw,Celeria Report. This is Katherine Austin Fitz. I am in Salt Lake City. I've had,20260920T071212Z_REBUILD,rebuild_all
samsung,Samsung,named_entity,,3,1,1,0,19,LOW,proper_case,r7POfIOIJd8,"It's going to send that back to the mothership, LG, uh Samsung, whoever,",20260920T071212Z_REBUILD,rebuild_all
satan um,Satan. Um,person_or_named_entity,,3,1,1,0,19,LOW,proper_case,71DIp8e2mXk,at it as like a one puppet master. I think things are less maybe Satan. Um,20260920T071212Z_REBUILD,rebuild_all
saudi,Saudi,named_entity,,3,1,1,0,19,LOW,proper_case,MGnJEb4sXwM,>> And who who do you think will lead that in the Gulf? Will it be Saudi?,20260920T071212Z_REBUILD,rebuild_all
saudi and qatar,Saudi and Qatar,person_or_named_entity,,3,1,1,0,19,LOW,proper_case,MGnJEb4sXwM,">> Yes, Saudi. Yeah, >> Saudi and Qatar is moving that way too",20260920T071212Z_REBUILD,rebuild_all
saudi arabia and,Saudi Arabia and,person_or_named_entity,,3,1,1,0,19,LOW,proper_case,MGnJEb4sXwM,think it's going to be led partly by Saudi Arabia and um and um with Russia,20260920T071212Z_REBUILD,rebuild_all
saudi yeah,Saudi. Yeah,person_or_named_entity,,3,1,1,0,19,LOW,proper_case,MGnJEb4sXwM,"in the Gulf? Will it be Saudi? >> Yes, Saudi. Yeah,",20260920T071212Z_REBUILD,rebuild_all
scott bosun,Scott Bosun,person_or_named_entity,,3,1,1,0,19,LOW,proper_case,mD_aE7ZCMoo,"and you've got to deal with them one by one. So, if you're a Scott Bosun who",20260920T071212Z_REBUILD,rebuild_all
sec and the sec,SEC and the SEC,government,,3,1,1,0,19,LOW,proper_case,tQjAGbYIw00,SEC said? This is my favorite. It got to the SEC and the SEC,20260920T071212Z_REBUILD,rebuild_all
selective service service system,Selective Service Service System,product,,3,1,1,0,19,LOW,proper_case,es1SX2TSqz8,starting December 19th of this year. The Selective Service Service System will,20260920T071212Z_REBUILD,rebuild_all
senate and,Senate and,government,,3,1,1,0,19,LOW,proper_case,vR-o6IGspmU,and then basically we fumbled it in the Senate and this was kind of my fault. We,20260920T071212Z_REBUILD,rebuild_all
senate and round,Senate and Round,government,,3,1,1,0,19,LOW,proper_case,vR-o6IGspmU,enforced. uh Thoon shouldn't be uh where he is in the Senate and Round shouldn't,20260920T071212Z_REBUILD,rebuild_all
september so,September. So,person_or_named_entity,,3,1,1,0,19,LOW,proper_case,ZW6Lf7iQV3Q,"on a range of goods effective late September. So, we haven't seen these",20260920T071212Z_REBUILD,rebuild_all
shakespeare,Shakespeare,named_entity,,3,1,1,0,19,LOW,proper_case,LCbpnzlLKg8,of what was right and wrong that I described sort of Shakespeare,20260920T071212Z_REBUILD,rebuild_all
si siamese,Si Siamese,person_or_named_entity,,3,1,1,0,19,LOW,proper_case,MGnJEb4sXwM,always say that fighting with China is like two Si Siamese twins fighting and,20260920T071212Z_REBUILD,rebuild_all
silicon valley and,Silicon Valley. And,person_or_named_entity,,3,1,1,0,19,LOW,proper_case,vR-o6IGspmU,"it, but that is kind of the attitude um in Silicon Valley. And uh we just saw",20260920T071212Z_REBUILD,rebuild_all
sioux falls,Sioux Falls,person_or_named_entity,,3,1,1,0,19,LOW,proper_case,RRPA9FVZ2Ds,"Nebraska, and I'm from Sioux Falls, South",20260920T071212Z_REBUILD,rebuild_all
social security,Social Security,person_or_named_entity,,3,1,1,0,19,LOW,proper_case,vR-o6IGspmU,"of cash movement that's sort of worldwide. Um, Social Security is going",20260920T071212Z_REBUILD,rebuild_all
solar,Solar,named_entity,,3,1,1,0,19,LOW,proper_case,mq7GSzwaGBw,we do ourselves too. >> So my number one goal at Solar is first,20260920T071212Z_REBUILD,rebuild_all
solari report your,Solari Report. Your,product,,3,1,1,0,19,LOW,proper_case,KiRtjIh2kjc,"So, welcome [snorts] Mr. Temple to the Solari Report. Your book has made waves",20260920T071212Z_REBUILD,rebuild_all
solarians and,Solarians and,person_or_named_entity,,3,1,1,0,19,LOW,proper_case,hxQGwThmCD8,something that I for a long time wanted to bring across to the Solarians and to,20260920T071212Z_REBUILD,rebuild_all
soleri,Soleri,named_entity,,3,1,1,0,19,LOW,proper_case,vR-o6IGspmU,thing handout I gave them is this Solary business flyer that Soleri did for us.,20260920T071212Z_REBUILD,rebuild_all
some of the,Some of the,person_or_named_entity,,3,1,1,0,19,LOW,proper_case,Xu8_onfDCsQ,added to my skill set if I chose to. Some of the,20260920T071212Z_REBUILD,rebuild_all
some of the some of,Some of the Some of,person_or_named_entity,,3,1,1,0,19,LOW,proper_case,WGn_E_9ZS2Q,>> Just just outright grab the wallets. Some of the Some of them may be like,20260920T071212Z_REBUILD,rebuild_all
sorry,Sorry,named_entity,,3,1,1,0,19,LOW,proper_case,MGnJEb4sXwM,">> So did Kuwait. Okay. Both all both of those states said, ""Sorry, we are with",20260920T071212Z_REBUILD,rebuild_all
sou falls and,Sou Falls and,person_or_named_entity,,3,1,1,0,19,LOW,proper_case,vR-o6IGspmU,going to sneaky annex some land on the edge of town between Sou Falls and,20260920T071212Z_REBUILD,rebuild_all
souf falls,Souf Falls,person_or_named_entity,,3,1,1,0,19,LOW,proper_case,vR-o6IGspmU,and I showed them some pictures of them. Flock cameras. Souf Falls has a ton of,20260920T071212Z_REBUILD,rebuild_all
south dakota it,South Dakota. It,person_or_named_entity,,3,1,1,0,19,LOW,proper_case,vR-o6IGspmU,resonate. We need a natural disaster in South Dakota. It did not re that that,20260920T071212Z_REBUILD,rebuild_all
south dakota it s,South Dakota. It's,person_or_named_entity,,3,1,1,0,19,LOW,proper_case,vR-o6IGspmU,>> continued to circulate and multiply within South Dakota. It's amazing in,20260920T071212Z_REBUILD,rebuild_all
south dakota that s,South Dakota. That's,person_or_named_entity,,3,1,1,0,19,LOW,proper_case,vR-o6IGspmU,businesses on it in the whole state of South Dakota. That's what I could come,20260920T071212Z_REBUILD,rebuild_all
south dakota we,South Dakota. We,person_or_named_entity,,3,1,1,0,19,LOW,proper_case,vR-o6IGspmU,"trust. I mean, we live in a world of trust here in South Dakota. We all leave",20260920T071212Z_REBUILD,rebuild_all
south dotans,South Dotans,person_or_named_entity,,3,1,1,0,19,LOW,proper_case,vR-o6IGspmU,New York or Visa headquartered in San Francisco. Do we as South Dotans really,20260920T071212Z_REBUILD,rebuild_all
southeast united states,Southeast United States,person_or_named_entity,,3,1,1,0,19,LOW,proper_case,9Td1lcX-Cno,that messed up air traffic control in the entire Southeast United States,20260920T071212Z_REBUILD,rebuild_all
st nevis s so,St. Nevis's. So,person_or_named_entity,,3,1,1,0,19,LOW,proper_case,tUE5vpNZDtU,"to the Americans um through um the Caribbean, through St. Nevis's. So they",20260920T071212Z_REBUILD,rebuild_all
st petersburg,St. Petersburg,person_or_named_entity,,3,1,1,0,19,LOW,proper_case,MGnJEb4sXwM,and he came there from having had talks in Moscow to in St. Petersburg with with,20260920T071212Z_REBUILD,rebuild_all
stalin s,Stalin's,named_entity,,3,1,1,0,19,LOW,proper_case,RRdQPuFQCik,Polish history when they're under the boot heel of Stalin's uh Warsaw Pact,20260920T071212Z_REBUILD,rebuild_all
straits of malika,Straits of Malika,person_or_named_entity,,3,1,1,0,19,LOW,proper_case,MGnJEb4sXwM,Do you think that the US is going to try and squeeze on the Straits of Malika as,20260920T071212Z_REBUILD,rebuild_all
substack it s,Substack. It's,media_show,,3,1,1,0,19,LOW,proper_case,MGnJEb4sXwM,everyone that they check out conflicts forum Substack. It's an invaluable,20260920T071212Z_REBUILD,rebuild_all
sun and,Sun and,person_or_named_entity,,3,1,1,0,19,LOW,proper_case,oc8B5AqvkUE,way on the actual physical act of the Earth going around the Sun and they,20260920T071212Z_REBUILD,rebuild_all
sun although,Sun. Although,person_or_named_entity,,3,1,1,0,19,LOW,proper_case,oc8B5AqvkUE,at the stake for saying that the Earth went round the Sun. Although there were,20260920T071212Z_REBUILD,rebuild_all
susan and,Susan and,person_or_named_entity,,3,1,1,0,19,LOW,proper_case,vR-o6IGspmU,"have to tell you, spending 24 hours with Susan and her family is always an",20260920T071212Z_REBUILD,rebuild_all
susan lucha so,Susan Lucha. So,person_or_named_entity,,3,1,1,0,19,LOW,proper_case,vR-o6IGspmU,"hero of the year and the head of team cash, Susan Lucha. So, you need no",20260920T071212Z_REBUILD,rebuild_all
susan luchas,Susan Luchas,person_or_named_entity,,3,1,1,0,19,LOW,proper_case,vR-o6IGspmU,"Okay, great. You've inspired me. >> Susan Luchas, thank you so much. Ladies",20260920T071212Z_REBUILD,rebuild_all
suv,SUV,product,,3,1,1,0,19,LOW,proper_case,v4d389XfJbA,photos taken by the cameras in the Flock app showing his SUV,20260920T071212Z_REBUILD,rebuild_all
switzerland,Switzerland,named_entity,,3,1,1,0,19,LOW,proper_case,eyItREqSFvA,"And everybody would you know, can I go to Switzerland? Can I put my money in a",20260920T071212Z_REBUILD,rebuild_all
syria we re,Syria. We're,person_or_named_entity,,3,1,1,0,19,LOW,proper_case,MGnJEb4sXwM,"bust that and said, ""No, we're going to take, you know, Syria. We're going to",20260920T071212Z_REBUILD,rebuild_all
t bills i,T-bills. I,person_or_named_entity,,3,1,1,0,19,LOW,proper_case,4L0_mfIwTzY,">> well, a default option for some people is T-bills. I know you have the reasons",20260920T071212Z_REBUILD,rebuild_all
t old,T-old,named_entity,,3,1,1,0,19,LOW,proper_case,vR-o6IGspmU,to 10. So that was good. And the next bill we had was a T-old bill. It was a,20260920T071212Z_REBUILD,rebuild_all
t word,T-word,named_entity,,3,1,1,0,19,LOW,proper_case,WET6BjpHGkc,"intelligence entity. So, they're not using the T-word,",20260920T071212Z_REBUILD,rebuild_all
take,Take,named_entity,,3,1,1,0,19,LOW,proper_case,MGnJEb4sXwM,but he said look I have all these [clears throat] factories Take one for,20260920T071212Z_REBUILD,rebuild_all
take the,Take the,person_or_named_entity,,3,1,1,0,19,LOW,proper_case,zXpH1Lw08m0,">> Yeah. And if you're Thomas Massie, you got nothing to lose now, pal. Take the",20260920T071212Z_REBUILD,rebuild_all
tarquin and,Tarquin and,person_or_named_entity,,3,1,1,0,19,LOW,proper_case,LCbpnzlLKg8,described sort of Shakespeare illustrating with Tarquin and um,20260920T071212Z_REBUILD,rebuild_all
te olifphant,TE Olifphant,person_or_named_entity,,3,1,1,0,19,LOW,proper_case,mq7GSzwaGBw,>> So at open teams.com obviously go there. I'm on X at TE Olifphant.,20260920T071212Z_REBUILD,rebuild_all
temu and i,Temu and I,person_or_named_entity,,3,1,1,0,19,LOW,proper_case,v02RjgeEg7Y,">> I mean phenomenally. And so, I went to Temu and I thought,",20260920T071212Z_REBUILD,rebuild_all
texas and,Texas and,person_or_named_entity,,3,1,1,0,19,LOW,proper_case,mq7GSzwaGBw,but kind of maybe sort of summarize it quickly. I I first went to Texas and,20260920T071212Z_REBUILD,rebuild_all
texas for,Texas for,person_or_named_entity,,3,1,1,0,19,LOW,proper_case,mq7GSzwaGBw,here grew up in Utah but I've been in Texas for 20 years,20260920T071212Z_REBUILD,rebuild_all
thank,Thank,organization,,3,1,1,0,19,LOW,proper_case,vR-o6IGspmU,"were a bunch of committee members that said, ""Thank you for the statistics and",20260920T071212Z_REBUILD,rebuild_all
that s that s,That's That's,person_or_named_entity,,3,1,1,0,19,LOW,proper_case,FXNfNrtGHlo,>> Yeah. >> That's That's my takeaway from that,20260920T071212Z_REBUILD,rebuild_all
there s there s,There's There's,person_or_named_entity,,3,1,1,0,19,LOW,proper_case,OfkOHFgjZek,>> They're never going to be economic. There's There's no economic viability,20260920T071212Z_REBUILD,rebuild_all
they re,They're,named_entity,,3,1,1,0,19,LOW,proper_case,WCezIGm3Cp4,another story? Because there's no real They're not going to,20260920T071212Z_REBUILD,rebuild_all
they re the,They're the,person_or_named_entity,,3,1,1,0,19,LOW,proper_case,tXxuSX7iNeM,"know about the Chinese, they plan. They're the most",20260920T071212Z_REBUILD,rebuild_all
they re they re,They're They're,person_or_named_entity,,3,1,1,0,19,LOW,proper_case,1q3O8KbUHfU,"in China, if you allow this. They're They're not going to allow that.",20260920T071212Z_REBUILD,rebuild_all
thierry meyssan,Thierry Meyssan,person_or_named_entity,,3,1,1,0,19,LOW,proper_case,m50hk1fyOYs,"researchers, David Griffiths and so on, uh Thierry Meyssan in France, all of",20260920T071212Z_REBUILD,rebuild_all
think of,Think of,person_or_named_entity,,3,1,1,0,19,LOW,proper_case,mq7GSzwaGBw,"side, closed source code is private. Think of it like a secret recipe that a",20260920T071212Z_REBUILD,rebuild_all
think of think of the iran,Think of Think of the Iran,named_entity,,3,1,1,0,19,LOW,proper_case,oGWf3g8iYLA,>> Right. >> Or in a Think of Think of the Iran,20260920T071212Z_REBUILD,rebuild_all
thirdey systems,Thirdey Systems,person_or_named_entity,,3,1,1,0,19,LOW,proper_case,mq7GSzwaGBw,"[music] in an Israeli drone firm, Thirdey Systems, and partnered with the",20260920T071212Z_REBUILD,rebuild_all
thoon,Thoon,named_entity,,3,1,1,0,19,LOW,proper_case,vR-o6IGspmU,our constitution that is not being enforced. uh Thoon shouldn't be uh where,20260920T071212Z_REBUILD,rebuild_all
thran um,Thran. Um,person_or_named_entity,,3,1,1,0,19,LOW,proper_case,MGnJEb4sXwM,"reporting. He went straight back to Thran. Um, he had talks in China. Um,",20260920T071212Z_REBUILD,rebuild_all
thursday they,Thursday. They,person_or_named_entity,,3,1,1,0,19,LOW,proper_case,vR-o6IGspmU,four. The bill tied four to four. It was I think a Thursday. They don't they're,20260920T071212Z_REBUILD,rebuild_all
tiffany ciance,Tiffany Ciance,person_or_named_entity,,3,1,1,0,19,LOW,proper_case,mq7GSzwaGBw,to visit in the Netherlands. We had an amazing time with Tiffany Ciance who,20260920T071212Z_REBUILD,rebuild_all
tik tok,Tik Tok,person_or_named_entity,,3,1,1,0,19,LOW,proper_case,vR-o6IGspmU,developers who intentionally lie. And they're now even Tik Tok videos about,20260920T071212Z_REBUILD,rebuild_all
tim of,Tim of,person_or_named_entity,,3,1,1,0,19,LOW,proper_case,YItOkNjS4OY,So I may was making a list for money and markets tomorrow Tim of all the,20260920T071212Z_REBUILD,rebuild_all
tim woo,Tim Woo,person_or_named_entity,,3,1,1,0,19,LOW,proper_case,mq7GSzwaGBw,sort of the war. So let me step back and say it this way. Tim Woo wrote a,20260920T071212Z_REBUILD,rebuild_all
travis olive in,Travis Olive. In,person_or_named_entity,,3,1,1,0,19,LOW,proper_case,mq7GSzwaGBw,"on LinkedIn personally. Uh uh you can find me Travis Olive. In fact, if you",20260920T071212Z_REBUILD,rebuild_all
travis olivon,Travis Olivon,person_or_named_entity,,3,1,1,0,19,LOW,proper_case,mq7GSzwaGBw,"an amazing time and I'm joined by a very special person, Travis Olivon, who came",20260920T071212Z_REBUILD,rebuild_all
treasury but i,Treasury. But I,person_or_named_entity,,3,1,1,0,19,LOW,proper_case,MGnJEb4sXwM,me because the UAE is now trying to negotiate with Treasury. But I believe,20260920T071212Z_REBUILD,rebuild_all
trilateral commission,Trilateral Commission,government,,3,1,1,0,19,LOW,proper_case,ChdoKKB48CU,spawned the Bilderberg Group in 1954 and the Trilateral Commission in 7 1973. All,20260920T071212Z_REBUILD,rebuild_all
trump it,Trump. It,person_or_named_entity,,3,1,1,0,19,LOW,proper_case,MGnJEb4sXwM,Chinese said something very fierce very strong to to Trump. It was hidden in the,20260920T071212Z_REBUILD,rebuild_all
trump trump s,Trump. Trump's,person_or_named_entity,,3,1,1,0,19,LOW,proper_case,FXNfNrtGHlo,">> Right. And And I think you know, because you look at somebody like Trump. Trump's",20260920T071212Z_REBUILD,rebuild_all
tvs,TVs,named_entity,,3,1,1,0,19,LOW,proper_case,r7POfIOIJd8,"out of a uh George Orwell novel. Modern smart TVs,",20260920T071212Z_REBUILD,rebuild_all
tweedle b you,Tweedle B. You,person_or_named_entity,,3,1,1,0,19,LOW,proper_case,MGnJEb4sXwM,vote and you vote for Tweedle D or Tweedle B. You get the same whichever,20260920T071212Z_REBUILD,rebuild_all
tweedle d,Tweedle D,person_or_named_entity,,3,1,1,0,19,LOW,proper_case,MGnJEb4sXwM,you know what's the alternative? You vote and you vote for Tweedle D or,20260920T071212Z_REBUILD,rebuild_all
twin towers,Twin Towers,person_or_named_entity,,3,1,1,0,19,LOW,proper_case,m50hk1fyOYs,"accomplished the galvanizing action by doing serious damage to the Twin Towers,",20260920T071212Z_REBUILD,rebuild_all
uae and i,UAE and I,person_or_named_entity,,3,1,1,0,19,LOW,proper_case,LTWifAkVVDg,>> Right. >> And I think Iran targeted the UAE and I,20260920T071212Z_REBUILD,rebuild_all
uae s,UAE's,named_entity,,3,1,1,0,19,LOW,proper_case,MGnJEb4sXwM,"got direct evidence, but it seems to me very likely this was the UAE's",20260920T071212Z_REBUILD,rebuild_all
ucc,UCC,named_entity,,3,1,1,0,19,LOW,proper_case,W4aWp1dC5ZU,back-to-back with that that changed the UCC to protect Tennessee people and,20260920T071212Z_REBUILD,rebuild_all
ukraine,Ukraine,named_entity,,3,1,1,0,19,LOW,proper_case,MGnJEb4sXwM,relationship is trying to understand the proxy wars whether in the Ukraine or the,20260920T071212Z_REBUILD,rebuild_all
ukraine and iran,Ukraine and Iran,person_or_named_entity,,3,1,1,0,19,LOW,proper_case,MGnJEb4sXwM,"way they've won the kind of war that they're in in the Ukraine and Iran, they",20260920T071212Z_REBUILD,rebuild_all
union pacific,Union Pacific,person_or_named_entity,,3,1,1,0,19,LOW,proper_case,4L0_mfIwTzY,">> Mhm. >> You know, I dare say Union Pacific is",20260920T071212Z_REBUILD,rebuild_all
united kingdom,United Kingdom,person_or_named_entity,,3,1,1,0,19,LOW,proper_case,XBdxRddutME,I look at I look at how quickly the United Kingdom has fallen apart. Our our,20260920T071212Z_REBUILD,rebuild_all
united kingdom hooray,United Kingdom. Hooray,person_or_named_entity,,3,1,1,0,19,LOW,proper_case,37qD1Jj3NOc,"who are all committed to independence from the United Kingdom. Hooray, hooray.",20260920T071212Z_REBUILD,rebuild_all
united states it s,United States. It's,person_or_named_entity,,3,1,1,0,19,LOW,proper_case,m50hk1fyOYs,create 9/11 and an and a false flag attack on the United States. It's kind,20260920T071212Z_REBUILD,rebuild_all
united states so i,United States. So I,person_or_named_entity,,3,1,1,0,19,LOW,proper_case,MGnJEb4sXwM,"link, the Israeli first uh elements. in the United States. So I mean that is",20260920T071212Z_REBUILD,rebuild_all
united states so the chinese,United States. So the Chinese,person_or_named_entity,,3,1,1,0,19,LOW,proper_case,MGnJEb4sXwM,time they have dropped by many% um to the United States. So the Chinese have,20260920T071212Z_REBUILD,rebuild_all
up and,Up and,person_or_named_entity,,3,1,1,0,19,LOW,proper_case,IERDRFLdgbw,a ceasefire. Up and down up and down up. This is,20260920T071212Z_REBUILD,rebuild_all
us and,US and,person_or_named_entity,,3,1,1,0,19,LOW,proper_case,YItOkNjS4OY,the cost of capital of China right now I believe is lower than the US and you,20260920T071212Z_REBUILD,rebuild_all
us china,US China,person_or_named_entity,,3,1,1,0,19,LOW,proper_case,MGnJEb4sXwM,challenges of looking at the unwinding of the US China economic and trade,20260920T071212Z_REBUILD,rebuild_all
us one of the,US. One of the,person_or_named_entity,,3,1,1,0,19,LOW,proper_case,mq7GSzwaGBw,look at recent conflicts that implemented DSSIs in the US. One of the,20260920T071212Z_REBUILD,rebuild_all
us since,US. Since,person_or_named_entity,,3,1,1,0,19,LOW,proper_case,ZW6Lf7iQV3Q,Uh get this. Here's where you see the reality what's going on in the US. Since,20260920T071212Z_REBUILD,rebuild_all
utopia for i,Utopia for I,person_or_named_entity,,3,1,1,0,19,LOW,proper_case,vR-o6IGspmU,about is about someone who went away from his city called Utopia for I think,20260920T071212Z_REBUILD,rebuild_all
utopia and,Utopia. And,person_or_named_entity,,3,1,1,0,19,LOW,proper_case,vR-o6IGspmU,horror movie. I call it a horror movie called Utopia. And what this movie is,20260920T071212Z_REBUILD,rebuild_all
utopia the,Utopia. The,person_or_named_entity,,3,1,1,0,19,LOW,proper_case,vR-o6IGspmU,sale at Christmas. And this is what they use in the movie Utopia. The light,20260920T071212Z_REBUILD,rebuild_all
venezuela we ve,Venezuela. We've,person_or_named_entity,,3,1,1,0,19,LOW,proper_case,MGnJEb4sXwM,through all the accesses um for China. So we saw this in Venezuela. We've seen,20260920T071212Z_REBUILD,rebuild_all
venezuelan,Venezuelan,named_entity,,3,1,1,0,19,LOW,proper_case,YItOkNjS4OY,the Chinese refineries are set up to combine the Venezuelan heavy,20260920T071212Z_REBUILD,rebuild_all
visa,Visa,named_entity,,3,1,1,0,19,LOW,proper_case,vR-o6IGspmU,Mastercard that's head headquartered in New York or Visa headquartered in San,20260920T071212Z_REBUILD,rebuild_all
wales and scotland,Wales and Scotland,person_or_named_entity,,3,1,1,0,19,LOW,proper_case,37qD1Jj3NOc,"matters. In other words, electing those poodles in in Wales and Scotland or",20260920T071212Z_REBUILD,rebuild_all
wall street,Wall Street,person_or_named_entity,,3,1,1,0,19,LOW,proper_case,mq7GSzwaGBw,">> Yes, totally agreed. >> Uh you know, I I can't on Wall Street, I",20260920T071212Z_REBUILD,rebuild_all
wall street we,Wall Street. We,person_or_named_entity,,3,1,1,0,19,LOW,proper_case,mq7GSzwaGBw,how >> I'm from Wall Street. We don't,20260920T071212Z_REBUILD,rebuild_all
warsaw pact,Warsaw Pact,person_or_named_entity,,3,1,1,0,19,LOW,proper_case,RRdQPuFQCik,Polish history when they're under the boot heel of Stalin's uh Warsaw Pact,20260920T071212Z_REBUILD,rebuild_all
welcome gita,Welcome Gita,person_or_named_entity,,3,1,1,0,19,LOW,proper_case,hxQGwThmCD8,about and that is why we are talking today. Welcome Gita.,20260920T071212Z_REBUILD,rebuild_all
wells fargo and sony and,Wells Fargo and Sony and,person_or_named_entity,,3,1,1,0,19,LOW,proper_case,9Td1lcX-Cno,in addition to the hacks that we saw against Wells Fargo and Sony and so on,20260920T071212Z_REBUILD,rebuild_all
wesley clark,Wesley Clark,person_or_named_entity,,3,1,1,0,19,LOW,proper_case,tXxuSX7iNeM,"the of the figures that were reported. China has known since Wesley Clark,",20260920T071212Z_REBUILD,rebuild_all
west bank and,West Bank and,person_or_named_entity,,3,1,1,0,19,LOW,proper_case,MGnJEb4sXwM,"take Lebanon, part of Lebanon. We are going to take the West Bank and we are",20260920T071212Z_REBUILD,rebuild_all
west but,West. But,person_or_named_entity,,3,1,1,0,19,LOW,proper_case,vVa6h4WYlOw,1/6 of the price if you can get it in the West. But we have it at 1/6 of the,20260920T071212Z_REBUILD,rebuild_all
west that s the,West. That's the,person_or_named_entity,,3,1,1,0,19,LOW,proper_case,Oxk8BAFUdBE,embedded very deeply in in the networks of power in the West. That's the second,20260920T071212Z_REBUILD,rebuild_all
wharton and,Wharton and,person_or_named_entity,,3,1,1,0,19,LOW,proper_case,RD8gcj5aP74,">> than they produce. You know, if you go to Wharton and you read Deming and",20260920T071212Z_REBUILD,rebuild_all
what s the,What's the,person_or_named_entity,,3,1,1,0,19,LOW,proper_case,eRQbIpPkxVE,"first time I ever saw him cry. And he started to cry and I I said, ""What's the",20260920T071212Z_REBUILD,rebuild_all
where s the,Where's the,person_or_named_entity,,3,1,1,0,19,LOW,proper_case,KKxQfBk1zBY,"While at the same time, everyone knows they've got all the gold. Where's the",20260920T071212Z_REBUILD,rebuild_all
workers defense committee,Workers' Defense Committee,organization,,3,1,1,0,19,LOW,proper_case,SR4Myof7g0Q,key event in in modern Polish history that the Workers' Defense Committee was,20260920T071212Z_REBUILD,rebuild_all
world war,World War,person_or_named_entity,,3,1,1,0,19,LOW,proper_case,r7POfIOIJd8,"if you like nature documentaries, if you like World War documentaries, if you",20260920T071212Z_REBUILD,rebuild_all
world war ii,World War II,product,,3,1,1,0,19,LOW,proper_case,mq7GSzwaGBw,"Utah, if I wrote a book about America from World War II on, it would be called",20260920T071212Z_REBUILD,rebuild_all
wow and,Wow. And,product,,3,1,1,0,19,LOW,proper_case,mq7GSzwaGBw,traded. We had a software tool called IPO in a box. Wow. And you could click,20260920T071212Z_REBUILD,rebuild_all
wow so,Wow. So,person_or_named_entity,,3,1,1,0,19,LOW,proper_case,vR-o6IGspmU,"in January in South Dakota. >> Wow. So,",20260920T071212Z_REBUILD,rebuild_all
wyoming and i,Wyoming and I,person_or_named_entity,,3,1,1,0,19,LOW,proper_case,vR-o6IGspmU,a dollar one of my dollar bills in Wyoming and I said you did and he's like,20260920T071212Z_REBUILD,rebuild_all
wyszynski,Wyszynski,named_entity,,3,1,1,0,19,LOW,proper_case,RRdQPuFQCik,"who was a national figure and a national hero in Poland. Well, Wyszynski, if you",20260920T071212Z_REBUILD,rebuild_all
yeah although,Yeah. Although,person_or_named_entity,,3,1,1,0,19,LOW,proper_case,mq7GSzwaGBw,have to orient it. >> Yeah. Although you you have to be,20260920T071212Z_REBUILD,rebuild_all
yeah and i,Yeah. And I,person_or_named_entity,,3,1,1,0,19,LOW,proper_case,H0v8c7WingM,>> Yes. >> Yeah. And I have to say this is coming,20260920T071212Z_REBUILD,rebuild_all
yeah by the,Yeah. By the,person_or_named_entity,,3,1,1,0,19,LOW,proper_case,vR-o6IGspmU,"shop. >> Yeah. By the way, if you come to South",20260920T071212Z_REBUILD,rebuild_all
yeah exactly so,Yeah. Exactly. So,person_or_named_entity,,3,1,1,0,19,LOW,proper_case,vR-o6IGspmU,>> Exactly. >> Yeah. Exactly. So this I'm going to tie,20260920T071212Z_REBUILD,rebuild_all
yeah now,Yeah. Now,person_or_named_entity,,3,1,1,0,19,LOW,proper_case,tXxuSX7iNeM,"secret societies. Or the Rothschilds, who plan centuries ahead. Yeah. Now, I",20260920T071212Z_REBUILD,rebuild_all
yeah okay,Yeah. Okay,person_or_named_entity,,3,1,1,0,19,LOW,proper_case,mq7GSzwaGBw,>> In Utah. In Utah. Yeah. Yeah. Not on the planet. Way way more. Yeah. Okay.,20260920T071212Z_REBUILD,rebuild_all
yeah right and,Yeah. Right. And,person_or_named_entity,,3,1,1,0,19,LOW,proper_case,SkLWbV2A-aI,shutdown of the global economy. Yeah. Right. And don't tell me the house,20260920T071212Z_REBUILD,rebuild_all
yeah that s,Yeah. That's,person_or_named_entity,,3,1,1,0,19,LOW,proper_case,87SJi_DDbt4,who will vote. Yeah. Right? Yeah. That's,20260920T071212Z_REBUILD,rebuild_all
yeah the,Yeah. The,person_or_named_entity,,3,1,1,0,19,LOW,proper_case,mq7GSzwaGBw,controls. >> Yeah. The challenge is it's that it's,20260920T071212Z_REBUILD,rebuild_all
yeah there s,Yeah. There's,person_or_named_entity,,3,1,1,0,19,LOW,proper_case,mq7GSzwaGBw,destroyed all their data. >> For sure. Yeah. There's there's several,20260920T071212Z_REBUILD,rebuild_all
yeah yeah i,Yeah. Yeah. I,person_or_named_entity,,3,1,1,0,19,LOW,proper_case,MGnJEb4sXwM,[laughter] Yeah. Yeah. I think unfortunately it's,20260920T071212Z_REBUILD,rebuild_all
yeah yeah totally i,Yeah. Yeah. Totally. I,person_or_named_entity,,3,1,1,0,19,LOW,proper_case,MGnJEb4sXwM,war. Right. >> Yeah. Yeah. Totally. I mean this is it's,20260920T071212Z_REBUILD,rebuild_all
yemen between,Yemen. Between,person_or_named_entity,,3,1,1,0,19,LOW,proper_case,mq7GSzwaGBw,"intelligence. Maven was later used in Yemen. Between 2023 and 2025, US",20260920T071212Z_REBUILD,rebuild_all
yep absolutely,Yep. Absolutely,person_or_named_entity,,3,1,1,0,19,LOW,proper_case,vR-o6IGspmU,base and just local business. >> Yep. Absolutely.,20260920T071212Z_REBUILD,rebuild_all
yep over,Yep. Over,person_or_named_entity,,3,1,1,0,19,LOW,proper_case,vR-o6IGspmU,"and Manuel have knocked on 2,000 doors. >> Yep. Over 2,000 doors for his campaign,",20260920T071212Z_REBUILD,rebuild_all
yep so i,Yep. So I,person_or_named_entity,,3,1,1,0,19,LOW,proper_case,vR-o6IGspmU,>> Right. >> Yep. So I think it's time for the peeps,20260920T071212Z_REBUILD,rebuild_all
yep the,Yep. The,person_or_named_entity,,3,1,1,0,19,LOW,proper_case,vR-o6IGspmU,">> So, you've been campaigning? >> We have been campaigning. Yep. The",20260920T071212Z_REBUILD,rebuild_all
yes absolutely,Yes. Absolutely,person_or_named_entity,,3,1,1,0,19,LOW,proper_case,mq7GSzwaGBw,connect to some other people. >> Yes. Absolutely.,20260920T071212Z_REBUILD,rebuild_all
yes and and,Yes. and and,person_or_named_entity,,3,1,1,0,19,LOW,proper_case,mq7GSzwaGBw,competitive up against the big guy. >> Yes. and and we were doing a whole,20260920T071212Z_REBUILD,rebuild_all
yes ex it s,Yes. Ex. It's,person_or_named_entity,,3,1,1,0,19,LOW,proper_case,mq7GSzwaGBw,money. >> Yes. Ex. It's amazing and and I want,20260920T071212Z_REBUILD,rebuild_all
yes no,Yes. No,person_or_named_entity,,3,1,1,0,19,LOW,proper_case,mq7GSzwaGBw,"wire. >> Yes. No, I did not know him, but",20260920T071212Z_REBUILD,rebuild_all
yes so i,Yes. So I,person_or_named_entity,,3,1,1,0,19,LOW,proper_case,vR-o6IGspmU,they revoted and the final bill failed one to seven. Yes. So I don't know if it,20260920T071212Z_REBUILD,rebuild_all
yes uh,Yes. Uh,person_or_named_entity,,3,1,1,0,19,LOW,proper_case,xIZYuhJjYAQ,a little more about that? >> Yes. Uh,20260920T071212Z_REBUILD,rebuild_all
yes yeah,Yes. Yeah,person_or_named_entity,,3,1,1,0,19,LOW,proper_case,MztMjj6LxXk,"Right? >> Yes. Yeah, that's a very good point.",20260920T071212Z_REBUILD,rebuild_all
yes yes yes but,Yes. Yes. Yes. But,person_or_named_entity,,3,1,1,0,19,LOW,proper_case,mq7GSzwaGBw,telling each other things we didn't want to hear. Yes. Yes. Yes. But,20260920T071212Z_REBUILD,rebuild_all
you re all up,YOU'RE ALL UP,government,,3,1,1,0,19,LOW,proper_case,vR-o6IGspmU,Your government up. Your rules are up. YOU'RE ALL UP.,20260920T071212Z_REBUILD,rebuild_all
youtube you,YouTube. You,media_show,,3,1,1,0,19,LOW,proper_case,mq7GSzwaGBw,was it was produced by Colt Repo. It's on YouTube. You just go watch it. It,20260920T071212Z_REBUILD,rebuild_all
aai,AAI,named_entity,,2,1,1,0,17,LOW,proper_case,mq7GSzwaGBw,past 2 years um the uh VC market the the investors have been subsidizing open AAI,20260920T071212Z_REBUILD,rebuild_all
admissions they re,Admissions. They're,person_or_named_entity,,2,1,1,0,17,LOW,proper_case,vR-o6IGspmU,Admissions. They're not a small,20260920T071212Z_REBUILD,rebuild_all
adobe,Adobe,product,,2,1,1,0,17,LOW,proper_case,mq7GSzwaGBw,"made. So, most of the software we use daily, like Microsoft Word or Adobe",20260920T071212Z_REBUILD,rebuild_all
agatha,Agatha,named_entity,,2,1,1,0,17,LOW,proper_case,m50hk1fyOYs,The point [snorts] I'm driving at here is you're dealing with a kind of Agatha,20260920T071212Z_REBUILD,rebuild_all
ai adjacent,AI-adjacent,named_entity,,2,1,1,0,17,LOW,proper_case,wfpVe_F_0UE,They don't know there's a problem. >> 45% of the S&P 500 is AI or AI-adjacent.,20260920T071212Z_REBUILD,rebuild_all
alcoa and,Alcoa. And,government,,2,1,1,0,17,LOW,proper_case,OnEOcaUnBg0,and sort of come out of government and the board chose him to run Alcoa. And,20260920T071212Z_REBUILD,rebuild_all
amsterdam,Amsterdam,named_entity,,2,1,1,0,17,LOW,proper_case,tUE5vpNZDtU,wars going back in fact to the English Civil War was financed out of Amsterdam.,20260920T071212Z_REBUILD,rebuild_all
anderil industries,Anderil Industries,organization,,2,1,1,0,17,LOW,proper_case,mq7GSzwaGBw,"Thirdey Systems, and partnered with the US defense company, Anderil Industries.",20260920T071212Z_REBUILD,rebuild_all
asia and,Asia and,person_or_named_entity,,2,1,1,0,17,LOW,proper_case,wnz7NM7h9R4,and Asia and keep it low in the United,20260920T071212Z_REBUILD,rebuild_all
atlantic,Atlantic,named_entity,,2,1,1,0,17,LOW,proper_case,MGnJEb4sXwM,of the Mediterranean to the Atlantic.,20260920T071212Z_REBUILD,rebuild_all
atm and,ATM and,person_or_named_entity,,2,1,1,0,17,LOW,proper_case,SAT9VaizQiY,of a pain in the butt to use cash because you have to go to the ATM and,20260920T071212Z_REBUILD,rebuild_all
bahrain and,Bahrain and,person_or_named_entity,,2,1,1,0,17,LOW,proper_case,mq7GSzwaGBw,companies including Palanteer. Iran also hit [music] Amazon hubs in Bahrain and,20260920T071212Z_REBUILD,rebuild_all
blackrock and wall,BlackRock and Wall,person_or_named_entity,,2,1,1,0,17,LOW,proper_case,p0jPh9KrCgc,"You know, but if you look at who owns their stock, it's BlackRock and Wall",20260920T071212Z_REBUILD,rebuild_all
bloomberg news,Bloomberg News,organization,,2,1,1,0,17,LOW,proper_case,ZW6Lf7iQV3Q,"price increases yet, according to memos viewed by Bloomberg News.",20260920T071212Z_REBUILD,rebuild_all
bolshevik,Bolshevik,named_entity,,2,1,1,0,17,LOW,proper_case,ChdoKKB48CU,"became the Neocon groups. Uh and to Russia, the Bolshevik",20260920T071212Z_REBUILD,rebuild_all
brandon and,Brandon and,person_or_named_entity,,2,1,1,0,17,LOW,proper_case,vR-o6IGspmU,Brandon and we're going to annex it and,20260920T071212Z_REBUILD,rebuild_all
bud one of the,Bud. One of the,person_or_named_entity,,2,1,1,0,17,LOW,proper_case,p0jPh9KrCgc,"Two questions for you, Bud. One of the",20260920T071212Z_REBUILD,rebuild_all
burlington,Burlington,named_entity,,2,1,1,0,17,LOW,proper_case,raxt96y9XFQ,countries to start taxing >> Google is the same as the Burlington,20260920T071212Z_REBUILD,rebuild_all
campbell s and conagra,Campbell's and Conagra,person_or_named_entity,,2,1,1,0,17,LOW,proper_case,ZW6Lf7iQV3Q,Campbell's and Conagra warn higher food,20260920T071212Z_REBUILD,rebuild_all
cardinal archbishop,Cardinal Archbishop,person_or_named_entity,,2,1,1,0,17,LOW,proper_case,RRdQPuFQCik,">> And you've got you've got Stefan Cardinal Wyszynski, Cardinal Archbishop",20260920T071212Z_REBUILD,rebuild_all
cardinal wyszynski,Cardinal Wyszynski,person_or_named_entity,,2,1,1,0,17,LOW,proper_case,RRdQPuFQCik,"Cardinal Wyszynski, Cardinal Archbishop",20260920T071212Z_REBUILD,rebuild_all
catherine austin fitts this,Catherine Austin Fitts. This,person_or_named_entity,,2,1,1,0,17,LOW,proper_case,FXNfNrtGHlo,Catherine Austin Fitts. This is money,20260920T071212Z_REBUILD,rebuild_all
catherine the great s,Catherine the Great's,person_or_named_entity,,2,1,1,0,17,LOW,proper_case,ChdoKKB48CU,Um and we are still deeply enmeshed in the consequence of Catherine the Great's,20260920T071212Z_REBUILD,rebuild_all
celer report,Celer Report,product,,2,1,1,0,17,LOW,proper_case,MGnJEb4sXwM,">> Okay, ladies and gentlemen, thank you for joining us on the Celer Report.",20260920T071212Z_REBUILD,rebuild_all
cellebrite,Cellebrite,named_entity,,2,1,1,0,17,LOW,proper_case,mD_aE7ZCMoo,"services by companies such as NSO, Paragon, and Cellebrite.",20260920T071212Z_REBUILD,rebuild_all
ceo of open,CEO of Open,person_or_named_entity,,2,1,1,0,17,LOW,proper_case,mq7GSzwaGBw,amazing time with Tiffany Ciance who works for you. He is the CEO of Open,20260920T071212Z_REBUILD,rebuild_all
china and russia,China and Russia,person_or_named_entity,,2,1,1,0,17,LOW,proper_case,tXxuSX7iNeM,"So, China and Russia have spent",20260920T071212Z_REBUILD,rebuild_all
city council so the,City Council. So the,organization,,2,1,1,0,17,LOW,proper_case,vR-o6IGspmU,City Council. So the resident the homes,20260920T071212Z_REBUILD,rebuild_all
civil war,Civil War,person_or_named_entity,,2,1,1,0,17,LOW,proper_case,tUE5vpNZDtU,Civil War was financed out of Amsterdam.,20260920T071212Z_REBUILD,rebuild_all
clipper,Clipper,named_entity,,2,1,1,0,17,LOW,proper_case,mq7GSzwaGBw,from Utah. >> I didn't. He was the guy who had Clipper,20260920T071212Z_REBUILD,rebuild_all
community,Community,media_show,,2,1,1,0,17,LOW,proper_case,mq7GSzwaGBw,radio dots and spit out your prospectus. We had another tool called Community,20260920T071212Z_REBUILD,rebuild_all
congress,Congress,event,,2,1,1,0,17,LOW,proper_case,MGnJEb4sXwM,haven't seen the latest statistics. We have one campaign between Congress,20260920T071212Z_REBUILD,rebuild_all
constitution of the,Constitution of the,person_or_named_entity,,2,1,1,0,17,LOW,proper_case,v-BQUZFqnRc,you you take at every level you take an oath to defend the Constitution of the,20260920T071212Z_REBUILD,rebuild_all
crazy,Crazy,named_entity,,2,1,1,0,17,LOW,proper_case,vR-o6IGspmU,"incredible. So, I love Mount Rushmore, but I apparently have to go to Crazy",20260920T071212Z_REBUILD,rebuild_all
daddy yes,Daddy. Yes,person_or_named_entity,,2,1,1,0,17,LOW,proper_case,mq7GSzwaGBw,"Daddy. Yes, these are the names the",20260920T071212Z_REBUILD,rebuild_all
dakota so,Dakota. So,person_or_named_entity,,2,1,1,0,17,LOW,proper_case,vR-o6IGspmU,Dakota. So just because they're passing,20260920T071212Z_REBUILD,rebuild_all
dakota they,Dakota. They,person_or_named_entity,,2,1,1,0,17,LOW,proper_case,vR-o6IGspmU,Dakota. They have 174 locations,20260920T071212Z_REBUILD,rebuild_all
dakota they re,Dakota. They're,person_or_named_entity,,2,1,1,0,17,LOW,proper_case,vR-o6IGspmU,Dakota. They're owned by Sanford Health.,20260920T071212Z_REBUILD,rebuild_all
dna,DNA,named_entity,,2,1,1,0,17,LOW,proper_case,Xu8_onfDCsQ,"of that is is being, you know, transmuted into their DNA.",20260920T071212Z_REBUILD,rebuild_all
dylan reed,Dylan Reed,product,,2,1,1,0,17,LOW,proper_case,tK4hyAbE3rw,they would work for the car service that drove for Dylan Reed.,20260920T071212Z_REBUILD,rebuild_all
eastern europe,Eastern Europe,person_or_named_entity,,2,1,1,0,17,LOW,proper_case,XBdxRddutME,difficult. It's less difficult for Eastern Europe.,20260920T071212Z_REBUILD,rebuild_all
edge,Edge,named_entity,,2,1,1,0,17,LOW,proper_case,mq7GSzwaGBw,"hit [music] Amazon hubs in Bahrain and the UAE. Speaking of the UAE, Edge",20260920T071212Z_REBUILD,rebuild_all
english,English,named_entity,,2,1,1,0,17,LOW,proper_case,tUE5vpNZDtU,involved in the financing. All of these wars going back in fact to the English,20260920T071212Z_REBUILD,rebuild_all
english channel,English Channel,media_show,,2,1,1,0,17,LOW,proper_case,MGnJEb4sXwM,Britain is trying to stop um tankers sailing through the English Channel.,20260920T071212Z_REBUILD,rebuild_all
europe and the,Europe and the,person_or_named_entity,,2,1,1,0,17,LOW,proper_case,qy-4MKNeDzU,"So, in other words, we we are used to thinking, especially in Europe and the",20260920T071212Z_REBUILD,rebuild_all
european and american because,European and American. Because,person_or_named_entity,,2,1,1,0,17,LOW,proper_case,Oxk8BAFUdBE,European and American. Because in,20260920T071212Z_REBUILD,rebuild_all
falls a,Falls. A,person_or_named_entity,,2,1,1,0,17,LOW,proper_case,vR-o6IGspmU,"Falls. A lot of people at the talk, by",20260920T071212Z_REBUILD,rebuild_all
falls but,Falls. But,person_or_named_entity,,2,1,1,0,17,LOW,proper_case,vR-o6IGspmU,"Falls. But us moms, cell phone tower",20260920T071212Z_REBUILD,rebuild_all
falls so,Falls. So,person_or_named_entity,,2,1,1,0,17,LOW,proper_case,vR-o6IGspmU,"Falls. So first off, the cell phone",20260920T071212Z_REBUILD,rebuild_all
falls turns,Falls. Turns,person_or_named_entity,,2,1,1,0,17,LOW,proper_case,vR-o6IGspmU,Falls. Turns out all of our current,20260920T071212Z_REBUILD,rebuild_all
first dakota,First Dakota,person_or_named_entity,,2,1,1,0,17,LOW,proper_case,vR-o6IGspmU,to qualify. Simply make at least 20 transactions on your First Dakota,20260920T071212Z_REBUILD,rebuild_all
first the,First the,person_or_named_entity,,2,1,1,0,17,LOW,proper_case,KKxQfBk1zBY,"First the goldsmiths realized, well, we",20260920T071212Z_REBUILD,rebuild_all
fitz i,Fitz. I,person_or_named_entity,,2,1,1,0,17,LOW,proper_case,mq7GSzwaGBw,Fitz. I am in Salt Lake City. I've had,20260920T071212Z_REBUILD,rebuild_all
flagstaff and,Flagstaff and,person_or_named_entity,,2,1,1,0,17,LOW,proper_case,9Td1lcX-Cno,That was followed by the cutting of an internet cable between Flagstaff and,20260920T071212Z_REBUILD,rebuild_all
foods well,Foods. Well,person_or_named_entity,,2,1,1,0,17,LOW,proper_case,vR-o6IGspmU,"Foods. Well, he just didn't put in any",20260920T071212Z_REBUILD,rebuild_all
foreign,Foreign,organization,,2,1,1,0,17,LOW,proper_case,ChdoKKB48CU,"Royal Institute of International Affairs, the Council on Foreign",20260920T071212Z_REBUILD,rebuild_all
forth and i,Forth. And I,person_or_named_entity,,2,1,1,0,17,LOW,proper_case,DS3LfI1HbjI,Forth. And I tell the story when things,20260920T071212Z_REBUILD,rebuild_all
fourth,Fourth,named_entity,,2,1,1,0,17,LOW,proper_case,-YPhdbbhvv4,Supreme Court 6-3 ruling Geofence warrant warrants trigger Fourth,20260920T071212Z_REBUILD,rebuild_all
fox,Fox,named_entity,,2,1,1,0,17,LOW,proper_case,zXpH1Lw08m0,everyone under 65 has had it. If you're not sitting around retired watching Fox,20260920T071212Z_REBUILD,rebuild_all
francisco do,Francisco. Do,person_or_named_entity,,2,1,1,0,17,LOW,proper_case,vR-o6IGspmU,Francisco. Do we as South Dotans really,20260920T071212Z_REBUILD,rebuild_all
gata,Gata,named_entity,,2,1,1,0,17,LOW,proper_case,MGnJEb4sXwM,there is a major split between the UAE and Saudi Arabia and Pakistan and Gata,20260920T071212Z_REBUILD,rebuild_all
general,General,named_entity,,2,1,1,0,17,LOW,proper_case,RRdQPuFQCik,"too, and started to identify And what happened as a result was you had General",20260920T071212Z_REBUILD,rebuild_all
glint and,Glint and,organization,,2,1,1,0,17,LOW,proper_case,vR-o6IGspmU,"Mastercard via Glint, an outofcountry company. Okay, so the Glint and",20260920T071212Z_REBUILD,rebuild_all
hamilton,Hamilton,named_entity,,2,1,1,0,17,LOW,proper_case,mq7GSzwaGBw,"but I remember right after he got on the front page of wire, he came to Hamilton",20260920T071212Z_REBUILD,rebuild_all
homos,Homos,named_entity,,2,1,1,0,17,LOW,proper_case,MGnJEb4sXwM,paraphrase of it. Um Mr. Trump the road to Beijing passes through Homos.,20260920T071212Z_REBUILD,rebuild_all
hormuz for the uae,Hormuz for the UAE,person_or_named_entity,,2,1,1,0,17,LOW,proper_case,MGnJEb4sXwM,"dollar shortage. you know, even the food has to come through Hormuz for the UAE.",20260920T071212Z_REBUILD,rebuild_all
imago dei,Imago Dei,person_or_named_entity,,2,1,1,0,17,LOW,proper_case,eoeftpuyQXw,"historically, the worldview was this uh Judeo-Christian concept of Imago Dei.",20260920T071212Z_REBUILD,rebuild_all
india and,India and,person_or_named_entity,,2,1,1,0,17,LOW,proper_case,MGnJEb4sXwM,um to China. So have others some other vessels from Pakistan and from India and,20260920T071212Z_REBUILD,rebuild_all
investment screen,Investment Screen,person_or_named_entity,,2,1,1,0,17,LOW,proper_case,OnEOcaUnBg0,these companies have a Paul We call at the Investment Screen,20260920T071212Z_REBUILD,rebuild_all
ireland they,Ireland. They,person_or_named_entity,,2,1,1,0,17,LOW,proper_case,37qD1Jj3NOc,Ireland. They have a memorandum of,20260920T071212Z_REBUILD,rebuild_all
irgc,IRGC,named_entity,,2,1,1,0,17,LOW,proper_case,MGnJEb4sXwM,the risk of going through against the advice of the IRGC.,20260920T071212Z_REBUILD,rebuild_all
irgc and,IRGC and,person_or_named_entity,,2,1,1,0,17,LOW,proper_case,MGnJEb4sXwM,"and uh was attacked and was uh badly damaged, set on fire um by the IRGC and",20260920T071212Z_REBUILD,rebuild_all
iron,Iron,named_entity,,2,1,1,0,17,LOW,proper_case,SkLWbV2A-aI,"view of the house always wins. You know, I'm looking this from the Iron",20260920T071212Z_REBUILD,rebuild_all
it s margaret s,It's Margaret's,person_or_named_entity,,2,1,1,0,17,LOW,proper_case,vR-o6IGspmU,How about this one? It's Margaret's.,20260920T071212Z_REBUILD,rebuild_all
j d,J.D,named_entity,,2,1,1,0,17,LOW,proper_case,58byubq4VLQ,"the thing, if you want to implement stablecoins and digital tokens with J.D.",20260920T071212Z_REBUILD,rebuild_all
j p,J.P,product,,2,1,1,0,17,LOW,proper_case,oGWf3g8iYLA,system. And the story is always told that J.P.,20260920T071212Z_REBUILD,rebuild_all
jeff,Jeff,named_entity,,2,1,1,0,17,LOW,proper_case,1q3O8KbUHfU,>> It's their money. Right. They're not going to have Jeff,20260920T071212Z_REBUILD,rebuild_all
john titus and,John Titus and,product,,2,1,1,0,17,LOW,proper_case,FXNfNrtGHlo,"Ladies and gentlemen, welcome to the Solari Report with John Titus and",20260920T071212Z_REBUILD,rebuild_all
kalshi,Kalshi,named_entity,,2,1,1,0,17,LOW,proper_case,INWRgXjwPXk,"Arizona, as we know from money markets, filed criminal charges against Kalshi",20260920T071212Z_REBUILD,rebuild_all
karen,Karen,named_entity,,2,1,1,0,17,LOW,proper_case,mq7GSzwaGBw,the best reads of so far uh that I've read in the last 12 months is Karen,20260920T071212Z_REBUILD,rebuild_all
katherine austin,Katherine Austin,product,,2,1,1,0,17,LOW,proper_case,mq7GSzwaGBw,"Ladies and gentlemen, welcome to the Celeria Report. This is Katherine Austin",20260920T071212Z_REBUILD,rebuild_all
kevin,Kevin,named_entity,,2,1,1,0,17,LOW,proper_case,vR-o6IGspmU,"somewhere before. And sure enough, it turns out he used slides from Kevin",20260920T071212Z_REBUILD,rebuild_all
lines run becoming,Lines Run Becoming,person_or_named_entity,,2,1,1,0,17,LOW,proper_case,MaTz-usR3uo,Uh Lines Run Becoming is the sub stack,20260920T071212Z_REBUILD,rebuild_all
london stock exchange,London Stock Exchange,person_or_named_entity,,2,1,1,0,17,LOW,proper_case,mD_aE7ZCMoo,about the Battle of Waterloo to trade on the London Stock Exchange.,20260920T071212Z_REBUILD,rebuild_all
lord alfred milner,Lord Alfred Milner,person_or_named_entity,,2,1,1,0,17,LOW,proper_case,ChdoKKB48CU,It set up what was called the Round Table. It was run by Lord Alfred Milner.,20260920T071212Z_REBUILD,rebuild_all
mandolen clearly,Mandolen. Clearly,person_or_named_entity,,2,1,1,0,17,LOW,proper_case,mq7GSzwaGBw,"Mandolen. Clearly, this isn't just about",20260920T071212Z_REBUILD,rebuild_all
manuel luchas,Manuel Luchas,person_or_named_entity,,2,1,1,0,17,LOW,proper_case,vR-o6IGspmU,"Manuel Luchas, you can check it out. I",20260920T071212Z_REBUILD,rebuild_all
master,Master,named_entity,,2,1,1,0,17,LOW,proper_case,ilzuEH2Enr4,think I asked you in the Netherlands if you'd read it. It's called um The Master,20260920T071212Z_REBUILD,rebuild_all
microsoft the,Microsoft the,person_or_named_entity,,2,1,1,0,17,LOW,proper_case,mq7GSzwaGBw,mainframe >> and so they kind of gave Microsoft the,20260920T071212Z_REBUILD,rebuild_all
minab girl,Minab Girl,person_or_named_entity,,2,1,1,0,17,LOW,proper_case,mq7GSzwaGBw,"the war on Iran, strikes on civilian infrastructure, like the Minab Girl",20260920T071212Z_REBUILD,rebuild_all
mish,Mish,named_entity,,2,1,1,0,17,LOW,proper_case,ZW6Lf7iQV3Q,prices are coming for the rest of the year. This is Mish.,20260920T071212Z_REBUILD,rebuild_all
money pirate money partners,Money. Pirate Money Partners,person_or_named_entity,,2,1,1,0,17,LOW,proper_case,vR-o6IGspmU,"Money. Pirate Money Partners with Glint,",20260920T071212Z_REBUILD,rebuild_all
money so,Money. So,person_or_named_entity,,2,1,1,0,17,LOW,proper_case,vR-o6IGspmU,"Money. So from Pirate Money, I was able",20260920T071212Z_REBUILD,rebuild_all
montreal,Montreal,named_entity,,2,1,1,0,17,LOW,proper_case,mq7GSzwaGBw,">> In Montreal. >> Oh, it was Montreal.",20260920T071212Z_REBUILD,rebuild_all
mount,Mount,named_entity,,2,1,1,0,17,LOW,proper_case,vR-o6IGspmU,ice cream at Mount Rushmore if you go. Second thing is if you go to Mount,20260920T071212Z_REBUILD,rebuild_all
mr temple,Mr. Temple,person_or_named_entity,,2,1,1,0,17,LOW,proper_case,KiRtjIh2kjc,"So, welcome [snorts] Mr. Temple to the",20260920T071212Z_REBUILD,rebuild_all
multiples of,Multiples of,person_or_named_entity,,2,1,1,0,17,LOW,proper_case,tXxuSX7iNeM,lot more of our aircraft than anybody ever imagined. Multiples of,20260920T071212Z_REBUILD,rebuild_all
nathan mayer,Nathan Mayer,person_or_named_entity,,2,1,1,0,17,LOW,proper_case,mD_aE7ZCMoo,connection. The history of that goes back to 1815 when Nathan Mayer,20260920T071212Z_REBUILD,rebuild_all
national bank,National Bank,person_or_named_entity,,2,1,1,0,17,LOW,proper_case,vR-o6IGspmU,National Bank debit card in March. valid,20260920T071212Z_REBUILD,rebuild_all
new york and san,New York and San,person_or_named_entity,,2,1,1,0,17,LOW,proper_case,vR-o6IGspmU,Francisco. Do we as South Dotans really want to fund people in New York and San,20260920T071212Z_REBUILD,rebuild_all
north america,North America,person_or_named_entity,,2,1,1,0,17,LOW,proper_case,H0v8c7WingM,Canada right now but I spent the last 6 weeks here going around North America,20260920T071212Z_REBUILD,rebuild_all
northern railroad that s,Northern Railroad. That's,person_or_named_entity,,2,1,1,0,17,LOW,proper_case,raxt96y9XFQ,Northern Railroad. That's what you're,20260920T071212Z_REBUILD,rebuild_all
offutt air force base and,Offutt Air Force Base. And,person_or_named_entity,,2,1,1,0,17,LOW,proper_case,RRPA9FVZ2Ds,underground complex at Offutt Air Force Base. And,20260920T071212Z_REBUILD,rebuild_all
okay and and,Okay. And and,person_or_named_entity,,2,1,1,0,17,LOW,proper_case,YItOkNjS4OY,So Okay. And and energy is important cuz,20260920T071212Z_REBUILD,rebuild_all
okay so so,Okay. So So,person_or_named_entity,,2,1,1,0,17,LOW,proper_case,9Td1lcX-Cno,And and they were using money out of the back door of HUD to do that. Okay. So So,20260920T071212Z_REBUILD,rebuild_all
operation economic outcast,Operation Economic Outcast,person_or_named_entity,,2,1,1,0,17,LOW,proper_case,MztMjj6LxXk,What Operation Economic Outcast means,20260920T071212Z_REBUILD,rebuild_all
paul,Paul,named_entity,,2,1,1,0,17,LOW,proper_case,OnEOcaUnBg0,at all these companies and I'm thinking these companies have a Paul,20260920T071212Z_REBUILD,rebuild_all
pentagon amazon,Pentagon. Amazon,person_or_named_entity,,2,1,1,0,17,LOW,proper_case,mq7GSzwaGBw,development. [music] Chad GPT recently signed a deal with the Pentagon. Amazon,20260920T071212Z_REBUILD,rebuild_all
people s bank of,People's Bank of,person_or_named_entity,,2,1,1,0,17,LOW,proper_case,1q3O8KbUHfU,"Beijing draws a line on digital dollars. On February 6th, 2026, People's Bank of",20260920T071212Z_REBUILD,rebuild_all
peter,Peter,named_entity,,2,1,1,0,17,LOW,proper_case,mq7GSzwaGBw,after Kier Starmer was introduced to Theo through no other than Peter,20260920T071212Z_REBUILD,rebuild_all
premier center concessions,Premier Center Concessions,person_or_named_entity,,2,1,1,0,17,LOW,proper_case,vR-o6IGspmU,Premier Center Concessions is operated,20260920T071212Z_REBUILD,rebuild_all
president,President,named_entity,,2,1,1,0,17,LOW,proper_case,MGnJEb4sXwM,"sure, but if we're in a hiatus, part of that is because I think um uh President",20260920T071212Z_REBUILD,rebuild_all
processing gps,Processing GPS,person_or_named_entity,,2,1,1,0,17,LOW,proper_case,vR-o6IGspmU,>> What a beautiful day. >> Processing GPS coordinates confirmed.,20260920T071212Z_REBUILD,rebuild_all
revolution and zionism,Revolution. And Zionism,person_or_named_entity,,2,1,1,0,17,LOW,proper_case,ChdoKKB48CU,"Revolution. And Zionism into England,",20260920T071212Z_REBUILD,rebuild_all
revolutionary guard corp,Revolutionary Guard Corp,organization,,2,1,1,0,17,LOW,proper_case,mq7GSzwaGBw,"Revolutionary Guard Corp stated, ""Since",20260920T071212Z_REBUILD,rebuild_all
right mr,Right. Mr,person_or_named_entity,,2,1,1,0,17,LOW,proper_case,SkLWbV2A-aI,"doesn't want that. It does, or it wouldn't be happening. So, Right. Mr.",20260920T071212Z_REBUILD,rebuild_all
right yep,Right. Yep,person_or_named_entity,,2,1,1,0,17,LOW,proper_case,vR-o6IGspmU,>> Yeah. >> Right. Yep.,20260920T071212Z_REBUILD,rebuild_all
road,Road,named_entity,,2,1,1,0,17,LOW,proper_case,vR-o6IGspmU,my turn to testify so I can get back to the talks I want to listen to at Road,20260920T071212Z_REBUILD,rebuild_all
ross,Ross,named_entity,,2,1,1,0,17,LOW,proper_case,j4rItIYZV_o,"be elected president in 2028. You know, people forget that a guy named Ross",20260920T071212Z_REBUILD,rebuild_all
round,Round,named_entity,,2,1,1,0,17,LOW,proper_case,ChdoKKB48CU,directly. They It set up what was called the Round,20260920T071212Z_REBUILD,rebuild_all
round table,Round Table,person_or_named_entity,,2,1,1,0,17,LOW,proper_case,ChdoKKB48CU,And the Round Table worked behind the,20260920T071212Z_REBUILD,rebuild_all
royal institute of international,Royal Institute of International,organization,,2,1,1,0,17,LOW,proper_case,ChdoKKB48CU,at that point. uh and uh and spawned the Royal Institute of International,20260920T071212Z_REBUILD,rebuild_all
rushmore,Rushmore,named_entity,,2,1,1,0,17,LOW,proper_case,vR-o6IGspmU,>> for I think the parking does. You're only paying for parking at Rushmore.,20260920T071212Z_REBUILD,rebuild_all
said craig,Said Craig,person_or_named_entity,,2,1,1,0,17,LOW,proper_case,INWRgXjwPXk,"had insider knowledge and placed very substantial bets on it."" Said Craig",20260920T071212Z_REBUILD,rebuild_all
san,San,named_entity,,2,1,1,0,17,LOW,proper_case,vR-o6IGspmU,Mastercard that's head headquartered in New York or Visa headquartered in San,20260920T071212Z_REBUILD,rebuild_all
sanford health,Sanford Health,person_or_named_entity,,2,1,1,0,17,LOW,proper_case,vR-o6IGspmU,business. They are based in South Dakota. They're owned by Sanford Health.,20260920T071212Z_REBUILD,rebuild_all
sanford pentagon,Sanford Pentagon,person_or_named_entity,,2,1,1,0,17,LOW,proper_case,vR-o6IGspmU,"worldwide, headquartered in Minnesota. The next one, Sanford Pentagon",20260920T071212Z_REBUILD,rebuild_all
saudi arabia and pakistan and gata,Saudi Arabia and Pakistan and Gata,named_entity,,2,1,1,0,17,LOW,proper_case,MGnJEb4sXwM,and Saudi Arabia and Pakistan and Gata,20260920T071212Z_REBUILD,rebuild_all
scotland and,Scotland and,person_or_named_entity,,2,1,1,0,17,LOW,proper_case,37qD1Jj3NOc,Scotland and then Wales and Northern,20260920T071212Z_REBUILD,rebuild_all
secretary,Secretary,named_entity,,2,1,1,0,17,LOW,proper_case,WGn_E_9ZS2Q,"the worst marketing job of the year, it would be this one for Secretary",20260920T071212Z_REBUILD,rebuild_all
secretary of,Secretary of,person_or_named_entity,,2,1,1,0,17,LOW,proper_case,aQYwmh0gCQo,>> I told you this story before. 1988 I'm in the dining room for the Secretary of,20260920T071212Z_REBUILD,rebuild_all
selective service,Selective Service,product,,2,1,1,0,17,LOW,proper_case,es1SX2TSqz8,range have been required to register with the Selective Service.,20260920T071212Z_REBUILD,rebuild_all
silicon,Silicon,named_entity,,2,1,1,0,17,LOW,proper_case,vR-o6IGspmU,>> You don't have to fight with Mr. Global. You don't have to fight with Silicon,20260920T071212Z_REBUILD,rebuild_all
silverstar car wash,Silverstar Car Wash,person_or_named_entity,,2,1,1,0,17,LOW,proper_case,vR-o6IGspmU,"was 1 billion in 2025. The next one, Silverstar Car Wash.",20260920T071212Z_REBUILD,rebuild_all
since,Since,organization,,2,1,1,0,17,LOW,proper_case,mq7GSzwaGBw,"During the current war, the Iranian Revolutionary Guard Corp stated, ""Since",20260920T071212Z_REBUILD,rebuild_all
south dakota denny sanford,South Dakota. Denny Sanford,person_or_named_entity,,2,1,1,0,17,LOW,proper_case,vR-o6IGspmU,They're not a small business. They're not based in South Dakota. Denny Sanford,20260920T071212Z_REBUILD,rebuild_all
south dakota so,South Dakota. So,person_or_named_entity,,2,1,1,0,17,LOW,proper_case,vR-o6IGspmU,"uncommon. I mean, we see this in South Dakota. So just because they're passing",20260920T071212Z_REBUILD,rebuild_all
soviet,Soviet,named_entity,,2,1,1,0,17,LOW,proper_case,tK4hyAbE3rw,how culture how Poland did manage to keep its culture alive during the Soviet,20260920T071212Z_REBUILD,rebuild_all
stefan,Stefan,named_entity,,2,1,1,0,17,LOW,proper_case,RRdQPuFQCik,>> Mhm. >> And you've got you've got Stefan,20260920T071212Z_REBUILD,rebuild_all
stephen,Stephen,named_entity,,2,1,1,0,17,LOW,proper_case,j4rItIYZV_o,I'm I'm standing on the shoulders of a giant here by the name of Stephen,20260920T071212Z_REBUILD,rebuild_all
straits of mala,Straits of Mala,person_or_named_entity,,2,1,1,0,17,LOW,proper_case,MGnJEb4sXwM,>> Uh we just saw sort of new negotiations with Indonesia on the Straits of Mala.,20260920T071212Z_REBUILD,rebuild_all
street journal and the new york,Street Journal and the New York,named_entity,,2,1,1,0,17,LOW,proper_case,6Mg0q_IyWgY,Street Journal and the New York Times.,20260920T071212Z_REBUILD,rebuild_all
sun,Sun,named_entity,,2,1,1,0,17,LOW,proper_case,oc8B5AqvkUE,everybody was forced to admit okay okay okay the Earth goes around the Sun.,20260920T071212Z_REBUILD,rebuild_all
table it,Table. It,person_or_named_entity,,2,1,1,0,17,LOW,proper_case,ChdoKKB48CU,Table. It was run by Lord Alfred Milner.,20260920T071212Z_REBUILD,rebuild_all
texas so,Texas. So,person_or_named_entity,,2,1,1,0,17,LOW,proper_case,mq7GSzwaGBw,">> Yeah, it is. >> There's a lot of So, I was in Texas. So",20260920T071212Z_REBUILD,rebuild_all
that s south dakota,That's South Dakota,person_or_named_entity,,2,1,1,0,17,LOW,proper_case,vR-o6IGspmU,"Unfortunately, we got cancelled again because of weather. That's South Dakota.",20260920T071212Z_REBUILD,rebuild_all
thomas,Thomas,named_entity,,2,1,1,0,17,LOW,proper_case,zXpH1Lw08m0,Let's talk about the election du jour and that's the unseating of Thomas,20260920T071212Z_REBUILD,rebuild_all
thoth,Thoth,named_entity,,2,1,1,0,17,LOW,proper_case,2FCT_uA2z5k,and Thoth whichever you preferred very,20260920T071212Z_REBUILD,rebuild_all
tim wu,Tim Wu,product,,2,1,1,0,17,LOW,proper_case,ilzuEH2Enr4,Tim Wu wrote a wonderful book and I,20260920T071212Z_REBUILD,rebuild_all
treasury secretary,Treasury Secretary,person_or_named_entity,,2,1,1,0,17,LOW,proper_case,MGnJEb4sXwM,but quietly they said all of those restrictions that Treasury Secretary,20260920T071212Z_REBUILD,rebuild_all
turtle,Turtle,named_entity,,2,1,1,0,17,LOW,proper_case,DS3LfI1HbjI,"you get So, I tell the story, there's a commentary it's Larry called Turtle",20260920T071212Z_REBUILD,rebuild_all
uae speaking of the uae,UAE. Speaking of the UAE,person_or_named_entity,,2,1,1,0,17,LOW,proper_case,mq7GSzwaGBw,"the UAE. Speaking of the UAE, Edge",20260920T071212Z_REBUILD,rebuild_all
united states and canada,United States and Canada,person_or_named_entity,,2,1,1,0,17,LOW,proper_case,wfpVe_F_0UE,different cities in the United States and Canada.,20260920T071212Z_REBUILD,rebuild_all
united states i,United States. I,person_or_named_entity,,2,1,1,0,17,LOW,proper_case,MGnJEb4sXwM,and the United States. I think I haven't,20260920T071212Z_REBUILD,rebuild_all
us conference of,US Conference of,event,,2,1,1,0,17,LOW,proper_case,87SJi_DDbt4,population. They were joined by the US Conference of,20260920T071212Z_REBUILD,rebuild_all
valley just,Valley. Just,person_or_named_entity,,2,1,1,0,17,LOW,proper_case,vR-o6IGspmU,Valley. Just don't use them. Walk away.,20260920T071212Z_REBUILD,rebuild_all
wales and,Wales and,person_or_named_entity,,2,1,1,0,17,LOW,proper_case,37qD1Jj3NOc,and Wales and in the north of Ireland,20260920T071212Z_REBUILD,rebuild_all
wall,Wall,named_entity,,2,1,1,0,17,LOW,proper_case,6Mg0q_IyWgY,"how badly the war is going. And then boom, I'm getting emails from the Wall",20260920T071212Z_REBUILD,rebuild_all
war and,War. And,person_or_named_entity,,2,1,1,0,17,LOW,proper_case,eoeftpuyQXw,War. And uh the the German term is,20260920T071212Z_REBUILD,rebuild_all
webster,Webster,named_entity,,2,1,1,0,17,LOW,proper_case,RRPA9FVZ2Ds,participating in exercises. And I think Webster,20260920T071212Z_REBUILD,rebuild_all
where s,Where's,named_entity,,2,1,1,0,17,LOW,proper_case,mq7GSzwaGBw,"where Israel used several DSS AI systems. Lavender, Gospel, and Where's",20260920T071212Z_REBUILD,rebuild_all
white,White,named_entity,,2,1,1,0,17,LOW,proper_case,RRPA9FVZ2Ds,called the White,20260920T071212Z_REBUILD,rebuild_all
workers defense committees,Workers' Defense Committees,person_or_named_entity,,2,1,1,0,17,LOW,proper_case,SR4Myof7g0Q,The Poles started forming what they called Workers' Defense Committees.,20260920T071212Z_REBUILD,rebuild_all
zionism,Zionism,named_entity,,2,1,1,0,17,LOW,proper_case,SOADMgNpZr0,seeing something like that already happening with Zionism.,20260920T071212Z_REBUILD,rebuild_all
becauseintesla ssystem,BecauseinTesla'ssystem,named_entity,,1,1,1,1,17,LOW,proper_case,EcB_a4xpseY,"BecauseinTesla'ssystem,andIhopepeoplearepayingattentionhere,thetowerthathebuiltwasnotthethingthatwasbroadcastingthepower.",20260920T071212Z_REBUILD,rebuild_all
ifyoulookattesla swirelessbroadcastsystem,IfyoulookatTesla'swirelessbroadcastsystem,named_entity,,1,1,1,1,17,LOW,proper_case,EcB_a4xpseY,"IfyoulookatTesla'swirelessbroadcastsystem,thatbigthingthathebuiltatWardenclyffeinLongIsland,",20260920T071212Z_REBUILD,rebuild_all
it stheground it stheplanetitself theplanetearth,It'stheground.It'stheplanetitself.TheplanetEarth,named_entity,,1,1,1,1,17,LOW,proper_case,EcB_a4xpseY,"Soifyou'rebroadcastingpoweratyourlocalradiostation,what'sthereturncircuit?Whatbringsthepowerback?It'stheground.It'stheplanetitself.TheplanetEarth,that'swhyit'scalledtheground,completesthecircuit.WhatTesladidisheflippedtheentiresystem",20260920T071212Z_REBUILD,rebuild_all
ithinkitwasadepthofabout180to200feet soitwasafairlysignificantdepth andthereasonhedidthatisthat,Ithinkitwasadepthofabout180to200feet.Soitwasafairlysignificantdepth.Andthereasonhedidthatisthat,named_entity,,1,1,1,1,17,LOW,proper_case,EcB_a4xpseY,"thatwassunkintothebedrockoftheearthto,Ithinkitwasadepthofabout180to200feet.Soitwasafairlysignificantdepth.Andthereasonhedidthatisthat,ashesaidinthecourttranscripts,mysystemhastogetagripontheEarthtowork.Why?",20260920T071212Z_REBUILD,rebuild_all
soit sabasicteslasystem andthecladdingonthosetowersisactingasthatironpoleintesla stower,Soit'sabasicTeslasystem.AndthecladdingonthosetowersisactingasthatironpoleinTesla'stower,named_entity,,1,1,1,1,17,LOW,proper_case,EcB_a4xpseY,"Soit'sabasicTeslasystem.AndthecladdingonthosetowersisactingasthatironpoleinTesla'stower,onlyinthiscase,lookwhatyouhave.Youhaveabunchofthemoneachofthefacesofthebuilding,andeachoneoftheminturnsplitsintoatripodonceitgetsawayfromthefoundationalltheway",20260920T071212Z_REBUILD,rebuild_all
sothat swhatithinkishappeningattheworldtradecenter theplanetitselfisbeingusedasthebroadcast,Sothat'swhatIthinkishappeningattheWorldTradeCenter.Theplanetitselfisbeingusedasthebroadcast,named_entity,,1,1,1,1,17,LOW,proper_case,EcB_a4xpseY,"Sothat'swhatIthinkishappeningattheWorldTradeCenter.Theplanetitselfisbeingusedasthebroadcast,andthereturncircuitforallthatenergyisthetowersthemselves.",20260920T071212Z_REBUILD,rebuild_all
whattesladidisheflippedtheentiresystem,WhatTesladidisheflippedtheentiresystem,named_entity,,1,1,1,1,17,LOW,proper_case,EcB_a4xpseY,"calradiostation,what'sthereturncircuit?Whatbringsthepowerback?It'stheground.It'stheplanetitself.TheplanetEarth,that'swhyit'scalledtheground,completesthecircuit.WhatTesladidisheflippedtheentiresystem",20260920T071212Z_REBUILD,rebuild_all
aai and,AAI and,person_or_named_entity,,1,1,1,0,15,LOW,proper_case,mq7GSzwaGBw,investors have been subsidizing open AAI and anthropic to provide pretty powerful,20260920T071212Z_REBUILD,rebuild_all
abu dhabi and,Abu Dhabi and,person_or_named_entity,,1,1,1,0,15,LOW,proper_case,LTWifAkVVDg,events for Abu Dhabi and an indicator that Iran has emerged,20260920T071212Z_REBUILD,rebuild_all
accountability,Accountability,named_entity,,1,1,1,0,15,LOW,proper_case,mq7GSzwaGBw,"organize ourselves as humans as people Accountability is a human thing,",20260920T071212Z_REBUILD,rebuild_all
adobe photoshop,Adobe Photoshop,person_or_named_entity,,1,1,1,0,15,LOW,proper_case,mq7GSzwaGBw,"daily, like Microsoft Word or Adobe Photoshop, is closed source. You can use",20260920T071212Z_REBUILD,rebuild_all
advisors a,Advisors. A,organization,,1,1,1,0,15,LOW,proper_case,87SJi_DDbt4,Advisors. A coalition representing virtually every,20260920T071212Z_REBUILD,rebuild_all
agatha christie,Agatha Christie,person_or_named_entity,,1,1,1,0,15,LOW,proper_case,m50hk1fyOYs,is you're dealing with a kind of Agatha Christie murder on the Orient Express,20260920T071212Z_REBUILD,rebuild_all
ai adjacent um the,AI-adjacent. Um the,person_or_named_entity,,1,1,1,0,15,LOW,proper_case,wfpVe_F_0UE,">> 45% of the S&P 500 is AI or AI-adjacent. Um the market cap of Nvidia,",20260920T071212Z_REBUILD,rebuild_all
alcoa and i m i m,Alcoa. And I'm I'm,person_or_named_entity,,1,1,1,0,15,LOW,proper_case,OnEOcaUnBg0,the board chose him to run Alcoa. And I'm I'm going to shorten the story just,20260920T071212Z_REBUILD,rebuild_all
always wins,Always Wins,person_or_named_entity,,1,1,1,0,15,LOW,proper_case,MaTz-usR3uo,Always Wins.,20260920T071212Z_REBUILD,rebuild_all
always wins and,Always Wins. And,person_or_named_entity,,1,1,1,0,15,LOW,proper_case,MaTz-usR3uo,"Always Wins. And it was talking about how you know,",20260920T071212Z_REBUILD,rebuild_all
amsterdam um the jacobite,Amsterdam. Um the Jacobite,person_or_named_entity,,1,1,1,0,15,LOW,proper_case,tUE5vpNZDtU,Civil War was financed out of Amsterdam. Um the Jacobite war was financed uh also,20260920T071212Z_REBUILD,rebuild_all
anagdon,Anagdon,named_entity,,1,1,1,0,15,LOW,proper_case,MGnJEb4sXwM,">> So if if they're not frightened of Anagdon, in fact, welcome it. You know,",20260920T071212Z_REBUILD,rebuild_all
anderil industries andreel,Anderil Industries. Andreel,organization,,1,1,1,0,15,LOW,proper_case,mq7GSzwaGBw,"US defense company, Anderil Industries. Andreel itself works closely with",20260920T071212Z_REBUILD,rebuild_all
assassinating,Assassinating,named_entity,,1,1,1,0,15,LOW,proper_case,INWRgXjwPXk,"to place bets on, I don't know, Assassinating you. the assassination of",20260920T071212Z_REBUILD,rebuild_all
atlantic so,Atlantic. So,person_or_named_entity,,1,1,1,0,15,LOW,proper_case,MGnJEb4sXwM,to the Atlantic. So we are in and we've had a tanker war,20260920T071212Z_REBUILD,rebuild_all
atm and and,ATM and and,person_or_named_entity,,1,1,1,0,15,LOW,proper_case,SAT9VaizQiY,"because you have to go to the ATM and and whatnot. Now, we've already listen",20260920T071212Z_REBUILD,rebuild_all
bahrain and the uae speaking of,Bahrain and the UAE. Speaking of,named_entity,,1,1,1,0,15,LOW,proper_case,mq7GSzwaGBw,"hit [music] Amazon hubs in Bahrain and the UAE. Speaking of the UAE, Edge",20260920T071212Z_REBUILD,rebuild_all
blackrock and wall street and,BlackRock and Wall Street and,person_or_named_entity,,1,1,1,0,15,LOW,proper_case,p0jPh9KrCgc,"their stock, it's BlackRock and Wall Street and",20260920T071212Z_REBUILD,rebuild_all
bloomberg news uh,Bloomberg News. Uh,organization,,1,1,1,0,15,LOW,proper_case,ZW6Lf7iQV3Q,viewed by Bloomberg News. Uh get this. Here's where you see the,20260920T071212Z_REBUILD,rebuild_all
bolshevik revolution and zionism,Bolshevik Revolution. And Zionism,person_or_named_entity,,1,1,1,0,15,LOW,proper_case,ChdoKKB48CU,"Uh and to Russia, the Bolshevik Revolution. And Zionism into England,",20260920T071212Z_REBUILD,rebuild_all
britain by the,Britain. By the,person_or_named_entity,,1,1,1,0,15,LOW,proper_case,ChdoKKB48CU,"of Britain. By the following year, they'd crashed",20260920T071212Z_REBUILD,rebuild_all
burlington northern railroad that s,Burlington Northern Railroad. That's,person_or_named_entity,,1,1,1,0,15,LOW,proper_case,raxt96y9XFQ,>> Google is the same as the Burlington Northern Railroad. That's what you're,20260920T071212Z_REBUILD,rebuild_all
cardinal archbishop of warsaw,Cardinal Archbishop of Warsaw,person_or_named_entity,,1,1,1,0,15,LOW,proper_case,RRdQPuFQCik,"Cardinal Wyszynski, Cardinal Archbishop of Warsaw,",20260920T071212Z_REBUILD,rebuild_all
caribbean,Caribbean,named_entity,,1,1,1,0,15,LOW,proper_case,tUE5vpNZDtU,"to the Americans um through um the Caribbean, through St. Nevis's. So they",20260920T071212Z_REBUILD,rebuild_all
catherine the great s pale of settlement,Catherine the Great's Pale of Settlement,named_entity,,1,1,1,0,15,LOW,proper_case,ChdoKKB48CU,the consequence of Catherine the Great's Pale of Settlement.,20260920T071212Z_REBUILD,rebuild_all
catherine s,Catherine's,named_entity,,1,1,1,0,15,LOW,proper_case,mq7GSzwaGBw,with Katherine. I'm going to use Catherine's frame because she publishes,20260920T071212Z_REBUILD,rebuild_all
celer report catharsis,Celer Report. Catharsis,product,,1,1,1,0,15,LOW,proper_case,MGnJEb4sXwM,for joining us on the Celer Report. Catharsis ahead. Get ready. Get ready.,20260920T071212Z_REBUILD,rebuild_all
cellebrite here s the,Cellebrite. Here's the,person_or_named_entity,,1,1,1,0,15,LOW,proper_case,mD_aE7ZCMoo,"Paragon, and Cellebrite. Here's the deal. The Rothschilds do not",20260920T071212Z_REBUILD,rebuild_all
ceo of open teams,CEO of Open Teams,person_or_named_entity,,1,1,1,0,15,LOW,proper_case,mq7GSzwaGBw,"works for you. He is the CEO of Open Teams, one of, if not the father of",20260920T071212Z_REBUILD,rebuild_all
china but,China. But,person_or_named_entity,,1,1,1,0,15,LOW,proper_case,eRQbIpPkxVE,you have deflation coming from China. But they will figure it out a way for,20260920T071212Z_REBUILD,rebuild_all
china cuz,China. Cuz,person_or_named_entity,,1,1,1,0,15,LOW,proper_case,YItOkNjS4OY,China. Cuz they can control the US can control,20260920T071212Z_REBUILD,rebuild_all
chinese and russian,Chinese and Russian,product,,1,1,1,0,15,LOW,proper_case,MaTz-usR3uo,competition between the Chinese and Russian payment system and the Swift,20260920T071212Z_REBUILD,rebuild_all
claude and,Claude and,product,,1,1,1,0,15,LOW,proper_case,mq7GSzwaGBw,">> if [clears throat] you're using Claude and you've got a subscription,",20260920T071212Z_REBUILD,rebuild_all
clipper chip,Clipper Chip,person_or_named_entity,,1,1,1,0,15,LOW,proper_case,mq7GSzwaGBw,>> I didn't. He was the guy who had Clipper Chip.,20260920T071212Z_REBUILD,rebuild_all
community wizard,Community Wizard,person_or_named_entity,,1,1,1,0,15,LOW,proper_case,mq7GSzwaGBw,We had another tool called Community Wizard where you could map out all the,20260920T071212Z_REBUILD,rebuild_all
concessions,Concessions,named_entity,,1,1,1,0,15,LOW,proper_case,vR-o6IGspmU,not based in South Dakota. Denny Sanford Premier Center Concessions is operated,20260920T071212Z_REBUILD,rebuild_all
congress thomas massie,Congress Thomas Massie,event,,1,1,1,0,15,LOW,proper_case,MGnJEb4sXwM,have one campaign between Congress Thomas Massie in his primary. He's been,20260920T071212Z_REBUILD,rebuild_all
constitution of the united states,Constitution of the United States,person_or_named_entity,,1,1,1,0,15,LOW,proper_case,v-BQUZFqnRc,oath to defend the Constitution of the United States,20260920T071212Z_REBUILD,rebuild_all
democrats uh,Democrats. Uh,person_or_named_entity,,1,1,1,0,15,LOW,proper_case,vR-o6IGspmU,"people of the five that are Democrats. Uh, and the five of us though worked as",20260920T071212Z_REBUILD,rebuild_all
denny sanford premier center concessions,Denny Sanford Premier Center Concessions,person_or_named_entity,,1,1,1,0,15,LOW,proper_case,vR-o6IGspmU,"don't take cash. Okay, next one. Denny Sanford Premier Center Concessions.",20260920T071212Z_REBUILD,rebuild_all
dna and,DNA. And,person_or_named_entity,,1,1,1,0,15,LOW,proper_case,Xu8_onfDCsQ,"transmuted into their DNA. And when you don't have that, it's like",20260920T071212Z_REBUILD,rebuild_all
dr joseph,Dr. Joseph,person_or_named_entity,,1,1,1,0,15,LOW,proper_case,tK4hyAbE3rw,"So many, many years ago Dr. Joseph",20260920T071212Z_REBUILD,rebuild_all
dr joseph farrell,Dr. Joseph Farrell,person_or_named_entity,,1,1,1,0,15,LOW,proper_case,tK4hyAbE3rw,"So many, many years ago Dr. Joseph Farrell said, uh",20260920T071212Z_REBUILD,rebuild_all
dr wood,Dr. Wood,person_or_named_entity,,1,1,1,0,15,LOW,proper_case,m50hk1fyOYs,"truth community researchers, be it Dr. Wood or the national NIST",20260920T071212Z_REBUILD,rebuild_all
dutch,Dutch,named_entity,,1,1,1,0,15,LOW,proper_case,eyItREqSFvA,I like doing research. I want I want the Dutch culture to stay and if all the,20260920T071212Z_REBUILD,rebuild_all
dylan reed and,Dylan Reed. And,person_or_named_entity,,1,1,1,0,15,LOW,proper_case,tK4hyAbE3rw,drove for Dylan Reed. And so I had all these drivers who were,20260920T071212Z_REBUILD,rebuild_all
eastern europe for poland,Eastern Europe. For Poland,person_or_named_entity,,1,1,1,0,15,LOW,proper_case,XBdxRddutME,"Eastern Europe. For Poland, for Hungary, Romania, and so",20260920T071212Z_REBUILD,rebuild_all
ed you,Ed. You,person_or_named_entity,,1,1,1,0,15,LOW,proper_case,v5Hdh0OeemA,"let me start with you, Ed. You know, what",20260920T071212Z_REBUILD,rebuild_all
edge group,Edge Group,organization,,1,1,1,0,15,LOW,proper_case,mq7GSzwaGBw,"the UAE. Speaking of the UAE, Edge Group, [music] a state-owned defense",20260920T071212Z_REBUILD,rebuild_all
elaine,Elaine,named_entity,,1,1,1,0,15,LOW,proper_case,mq7GSzwaGBw,"have to meet Marlo Oaks and his wife Elaine.""",20260920T071212Z_REBUILD,rebuild_all
elza,Elza,named_entity,,1,1,1,0,15,LOW,proper_case,SR4Myof7g0Q,"I don't know how else to put it, uh Elza, other than they came up with a a",20260920T071212Z_REBUILD,rebuild_all
emails i,Emails I,person_or_named_entity,,1,1,1,0,15,LOW,proper_case,87SJi_DDbt4,They wake up. Emails I don't think they'd get you very far.,20260920T071212Z_REBUILD,rebuild_all
emirates,Emirates,named_entity,,1,1,1,0,15,LOW,proper_case,LTWifAkVVDg,like we got to get out of the this the Emirates was it.,20260920T071212Z_REBUILD,rebuild_all
english channel france,English Channel. France,media_show,,1,1,1,0,15,LOW,proper_case,MGnJEb4sXwM,sailing through the English Channel. France has been seizing Russian,20260920T071212Z_REBUILD,rebuild_all
english civil war,English Civil War,person_or_named_entity,,1,1,1,0,15,LOW,proper_case,tUE5vpNZDtU,wars going back in fact to the English Civil War was financed out of Amsterdam.,20260920T071212Z_REBUILD,rebuild_all
europe and asia and,Europe and Asia and,person_or_named_entity,,1,1,1,0,15,LOW,proper_case,wnz7NM7h9R4,to raise the price of energy to Europe and Asia and keep it low in the United,20260920T071212Z_REBUILD,rebuild_all
europe and the united states,Europe and the United States,person_or_named_entity,,1,1,1,0,15,LOW,proper_case,qy-4MKNeDzU,"thinking, especially in Europe and the United States, we are used to",20260920T071212Z_REBUILD,rebuild_all
europe everything,Europe. Everything,person_or_named_entity,,1,1,1,0,15,LOW,proper_case,ChdoKKB48CU,heady moment in Europe. Everything was being challenged.,20260920T071212Z_REBUILD,rebuild_all
fetter,Fetter,named_entity,,1,1,1,0,15,LOW,proper_case,v4d389XfJbA,"Later, Fetter discovered that the car they were",20260920T071212Z_REBUILD,rebuild_all
first,First,named_entity,,1,1,1,0,15,LOW,proper_case,mq7GSzwaGBw,"[music] First, data collection, surveillance",20260920T071212Z_REBUILD,rebuild_all
first dakota national bank,First Dakota National Bank,person_or_named_entity,,1,1,1,0,15,LOW,proper_case,vR-o6IGspmU,transactions on your First Dakota National Bank debit card in March. valid,20260920T071212Z_REBUILD,rebuild_all
flagstaff and phoenix,Flagstaff and Phoenix,person_or_named_entity,,1,1,1,0,15,LOW,proper_case,9Td1lcX-Cno,internet cable between Flagstaff and Phoenix.,20260920T071212Z_REBUILD,rebuild_all
flock but,Flock. But,organization,,1,1,1,0,15,LOW,proper_case,v4d389XfJbA,"at least according to Flock. But, when Feder got the company on on",20260920T071212Z_REBUILD,rebuild_all
florence,Florence,named_entity,,1,1,1,0,15,LOW,proper_case,sjqzf9ER_mA,I always recommend Florence,20260920T071212Z_REBUILD,rebuild_all
florence nightingale s,Florence Nightingale's,person_or_named_entity,,1,1,1,0,15,LOW,proper_case,sjqzf9ER_mA,I always recommend Florence Nightingale's books because there's just,20260920T071212Z_REBUILD,rebuild_all
foreign relations,Foreign Relations,organization,,1,1,1,0,15,LOW,proper_case,ChdoKKB48CU,"Affairs, the Council on Foreign Relations, the CFR, and the RIIA, and",20260920T071212Z_REBUILD,rebuild_all
fourth amendment,Fourth Amendment,person_or_named_entity,,1,1,1,0,15,LOW,proper_case,-YPhdbbhvv4,Geofence warrant warrants trigger Fourth Amendment protections. Geofence warrants,20260920T071212Z_REBUILD,rebuild_all
frank anyway,Frank. Anyway,person_or_named_entity,,1,1,1,0,15,LOW,proper_case,vR-o6IGspmU,"our way, Frank. Anyway, who find you? I didn't see any",20260920T071212Z_REBUILD,rebuild_all
gdp and,GDP. And,person_or_named_entity,,1,1,1,0,15,LOW,proper_case,r8zJxgGRapQ,GDP. And inflation is a question of policy.,20260920T071212Z_REBUILD,rebuild_all
general jaruzelski,General Jaruzelski,person_or_named_entity,,1,1,1,0,15,LOW,proper_case,RRdQPuFQCik,happened as a result was you had General Jaruzelski there in Warsaw with all of,20260920T071212Z_REBUILD,rebuild_all
geofence,Geofence,named_entity,,1,1,1,0,15,LOW,proper_case,-YPhdbbhvv4,Supreme Court 6-3 ruling Geofence warrant warrants trigger Fourth,20260920T071212Z_REBUILD,rebuild_all
germany and,Germany and,person_or_named_entity,,1,1,1,0,15,LOW,proper_case,vR-o6IGspmU,"communicate with our grandma in Germany and so forth. So, how do I know they're",20260920T071212Z_REBUILD,rebuild_all
glint and mastercard,Glint and Mastercard,organization,,1,1,1,0,15,LOW,proper_case,vR-o6IGspmU,"company. Okay, so the Glint and Mastercard are funding the push for",20260920T071212Z_REBUILD,rebuild_all
google manuel luchas,Google Manuel Luchas,person_or_named_entity,,1,1,1,0,15,LOW,proper_case,vR-o6IGspmU,"on the on his website. If you Google Manuel Luchas, you can check it out. I",20260920T071212Z_REBUILD,rebuild_all
greo,Greo,named_entity,,1,1,1,0,15,LOW,proper_case,mq7GSzwaGBw,>> I think it was me who suggested that Greo be called the benevolent dictator,20260920T071212Z_REBUILD,rebuild_all
gulf financial center we ve,Gulf Financial Center. We've,person_or_named_entity,,1,1,1,0,15,LOW,proper_case,MGnJEb4sXwM,brings us to the Gulf Financial Center. We've seen an enormous growth of the,20260920T071212Z_REBUILD,rebuild_all
hamilton and,Hamilton and,person_or_named_entity,,1,1,1,0,15,LOW,proper_case,mq7GSzwaGBw,"front page of wire, he came to Hamilton and we spent a whole day with a firm and",20260920T071212Z_REBUILD,rebuild_all
hebrew university,Hebrew University,person_or_named_entity,,1,1,1,0,15,LOW,proper_case,MGnJEb4sXwM,number of years and was at the Hebrew University briefly. So um so she knows,20260920T071212Z_REBUILD,rebuild_all
here s here s the,Here's Here's the,person_or_named_entity,,1,1,1,0,15,LOW,proper_case,v-BQUZFqnRc,proactive legislation through. Here's Here's the question.,20260920T071212Z_REBUILD,rebuild_all
hermes trismegistus,Hermes Trismegistus,person_or_named_entity,,1,1,1,0,15,LOW,proper_case,2FCT_uA2z5k,thought to be the original teachings of Hermes Trismegistus,20260920T071212Z_REBUILD,rebuild_all
hezbollah,Hezbollah,named_entity,,1,1,1,0,15,LOW,proper_case,MGnJEb4sXwM,"Lebanon, you are being defeated. the the Hezbollah using new drones um fiber",20260920T071212Z_REBUILD,rebuild_all
holland,Holland,named_entity,,1,1,1,0,15,LOW,proper_case,SOADMgNpZr0,"like that happen. I don't know about Holland, but I in this country we're",20260920T071212Z_REBUILD,rebuild_all
homos if,Homos. If,person_or_named_entity,,1,1,1,0,15,LOW,proper_case,MGnJEb4sXwM,to Beijing passes through Homos. If you do not settle the Homus issue,20260920T071212Z_REBUILD,rebuild_all
hope,Hope,named_entity,,1,1,1,0,15,LOW,proper_case,WET6BjpHGkc,as Hope everyone's seated.,20260920T071212Z_REBUILD,rebuild_all
hormuz for the uae it,Hormuz for the UAE. It,person_or_named_entity,,1,1,1,0,15,LOW,proper_case,MGnJEb4sXwM,has to come through Hormuz for the UAE. It is that serious that all their,20260920T071212Z_REBUILD,rebuild_all
house always wins,House Always Wins,person_or_named_entity,,1,1,1,0,15,LOW,proper_case,MaTz-usR3uo,but they wrote one called The House Always Wins.,20260920T071212Z_REBUILD,rebuild_all
i ve i,I've I,person_or_named_entity,,1,1,1,0,15,LOW,proper_case,eRQbIpPkxVE,"When I saw this chart, you know, I've I know that the medical industry is a",20260920T071212Z_REBUILD,rebuild_all
in the chinese,In the Chinese,product,,1,1,1,0,15,LOW,proper_case,xIZYuhJjYAQ,"living down there in the belly. In the Chinese system, the Dai Mai, the eight",20260920T071212Z_REBUILD,rebuild_all
india and i,India and I,person_or_named_entity,,1,1,1,0,15,LOW,proper_case,MGnJEb4sXwM,vessels from Pakistan and from India and I think even from Malaysia have been,20260920T071212Z_REBUILD,rebuild_all
investment screen company,Investment Screen Company,organization,,1,1,1,0,15,LOW,proper_case,OnEOcaUnBg0,"We call at the Investment Screen Company, we call it a Paul O'Neill",20260920T071212Z_REBUILD,rebuild_all
iran for,Iran for,person_or_named_entity,,1,1,1,0,15,LOW,proper_case,LTWifAkVVDg,it had to have been pretty bad in Iran for them This is a,20260920T071212Z_REBUILD,rebuild_all
iran and i,Iran. And I,person_or_named_entity,,1,1,1,0,15,LOW,proper_case,MGnJEb4sXwM,repeat has just been destroyed in Iran. And I think what we will see also um is,20260920T071212Z_REBUILD,rebuild_all
iran it s,Iran. It's,person_or_named_entity,,1,1,1,0,15,LOW,proper_case,MztMjj6LxXk,"uh trading with Iran. It's about sanctions. So, let's just cut",20260920T071212Z_REBUILD,rebuild_all
iran traders,Iran. Traders,person_or_named_entity,,1,1,1,0,15,LOW,proper_case,INWRgXjwPXk,"was having productive talks with Iran. Traders made a windfall there, too.",20260920T071212Z_REBUILD,rebuild_all
iran uae,Iran. UAE,person_or_named_entity,,1,1,1,0,15,LOW,proper_case,LTWifAkVVDg,position on Iran. UAE lobbied the US to continue waging,20260920T071212Z_REBUILD,rebuild_all
iranian revolutionary guard corp,Iranian Revolutionary Guard Corp,organization,,1,1,1,0,15,LOW,proper_case,mq7GSzwaGBw,"During the current war, the Iranian Revolutionary Guard Corp stated, ""Since",20260920T071212Z_REBUILD,rebuild_all
irgc and the,IRGC and the,person_or_named_entity,,1,1,1,0,15,LOW,proper_case,MGnJEb4sXwM,"damaged, set on fire um by the IRGC and the whole thing collapsed. the idea of",20260920T071212Z_REBUILD,rebuild_all
irgc however,IRGC. However,person_or_named_entity,,1,1,1,0,15,LOW,proper_case,MGnJEb4sXwM,"advice of the IRGC. However, um one um uh one tanker um a a",20260920T071212Z_REBUILD,rebuild_all
iron bank s,Iron Bank's,person_or_named_entity,,1,1,1,0,15,LOW,proper_case,SkLWbV2A-aI,"You know, I'm looking this from the Iron Bank's point of view.",20260920T071212Z_REBUILD,rebuild_all
israel and the united states,Israel and the United States,person_or_named_entity,,1,1,1,0,15,LOW,proper_case,MGnJEb4sXwM,prepared to cooperate with Israel and the United States in an attack. Saudi,20260920T071212Z_REBUILD,rebuild_all
israel and the united states i,Israel and the United States. I,named_entity,,1,1,1,0,15,LOW,proper_case,MGnJEb4sXwM,working ever more closely with Israel and the United States. I think I haven't,20260920T071212Z_REBUILD,rebuild_all
israel okay,Israel. Okay,person_or_named_entity,,1,1,1,0,15,LOW,proper_case,INWRgXjwPXk,was assassinated by Israel. Okay?,20260920T071212Z_REBUILD,rebuild_all
israel um,Israel. Um,person_or_named_entity,,1,1,1,0,15,LOW,proper_case,ChdoKKB48CU,"the state of Israel. Um so, all of this came out of this",20260920T071212Z_REBUILD,rebuild_all
j d vance,J.D. Vance,person_or_named_entity,,1,1,1,0,15,LOW,proper_case,58byubq4VLQ,"stablecoins and digital tokens with J.D. Vance, what a beautiful way to come down",20260920T071212Z_REBUILD,rebuild_all
jacuzzi,Jacuzzi,product,,1,1,1,0,15,LOW,proper_case,aQYwmh0gCQo,"reading All right, I was sitting in the Jacuzzi reading George Friedman's book",20260920T071212Z_REBUILD,rebuild_all
january february of,January February of,person_or_named_entity,,1,1,1,0,15,LOW,proper_case,MGnJEb4sXwM,"50% of what it was in January February of 2022 area. So it's, you know, I",20260920T071212Z_REBUILD,rebuild_all
jeff bezos,Jeff Bezos,person_or_named_entity,,1,1,1,0,15,LOW,proper_case,1q3O8KbUHfU,Right. They're not going to have Jeff Bezos,20260920T071212Z_REBUILD,rebuild_all
john titus and catherine austin fitts,John Titus and Catherine Austin Fitts,product,,1,1,1,0,15,LOW,proper_case,FXNfNrtGHlo,Solari Report with John Titus and Catherine Austin Fitts. This is money,20260920T071212Z_REBUILD,rebuild_all
july the,July the,person_or_named_entity,,1,1,1,0,15,LOW,proper_case,vR-o6IGspmU,We made it a year and a half the July the next July it would go into effect.,20260920T071212Z_REBUILD,rebuild_all
july we,July. We,person_or_named_entity,,1,1,1,0,15,LOW,proper_case,vR-o6IGspmU,it would have gone into effect in July. We made it a year and a half the July,20260920T071212Z_REBUILD,rebuild_all
kal,Kal,named_entity,,1,1,1,0,15,LOW,proper_case,INWRgXjwPXk,Kalshi and Polymarket uh Kal,20260920T071212Z_REBUILD,rebuild_all
kalshi for,Kalshi for,person_or_named_entity,,1,1,1,0,15,LOW,proper_case,INWRgXjwPXk,filed criminal charges against Kalshi for allowing people to place bets on,20260920T071212Z_REBUILD,rebuild_all
karen house,Karen House,product,,1,1,1,0,15,LOW,proper_case,mq7GSzwaGBw,read in the last 12 months is Karen House book on open AI. I don't know if,20260920T071212Z_REBUILD,rebuild_all
katherine austin fitz i,Katherine Austin Fitz. I,product,,1,1,1,0,15,LOW,proper_case,mq7GSzwaGBw,Celeria Report. This is Katherine Austin Fitz. I am in Salt Lake City. I've had,20260920T071212Z_REBUILD,rebuild_all
kevin freeman,Kevin Freeman,person_or_named_entity,,1,1,1,0,15,LOW,proper_case,vR-o6IGspmU,"turns out he used slides from Kevin Freeman, who is Pirate Money. Okay, he's",20260920T071212Z_REBUILD,rebuild_all
lebanon so,Lebanon. So,person_or_named_entity,,1,1,1,0,15,LOW,proper_case,MGnJEb4sXwM,humiliation from the south of Lebanon. So all of this elections are coming up,20260920T071212Z_REBUILD,rebuild_all
london stock exchange a rothschild,London Stock Exchange. A Rothschild,person_or_named_entity,,1,1,1,0,15,LOW,proper_case,mD_aE7ZCMoo,the London Stock Exchange. A Rothschild established a principle,20260920T071212Z_REBUILD,rebuild_all
lord alfred milner and the round,Lord Alfred Milner. And the Round,named_entity,,1,1,1,0,15,LOW,proper_case,ChdoKKB48CU,Table. It was run by Lord Alfred Milner. And the Round Table worked behind the,20260920T071212Z_REBUILD,rebuild_all
los angeles one,Los Angeles. One,person_or_named_entity,,1,1,1,0,15,LOW,proper_case,v4d389XfJbA,by a dealership in Los Angeles. One officer prevented uh presented,20260920T071212Z_REBUILD,rebuild_all
mandelola,Mandelola,organization,,1,1,1,0,15,LOW,proper_case,vR-o6IGspmU,"They're they're what we would say Mandelola or their group, their people,",20260920T071212Z_REBUILD,rebuild_all
margaret please,Margaret Please,person_or_named_entity,,1,1,1,0,15,LOW,proper_case,vR-o6IGspmU,>> Margaret Please press some button. I beg you fix,20260920T071212Z_REBUILD,rebuild_all
master switch,Master Switch,person_or_named_entity,,1,1,1,0,15,LOW,proper_case,ilzuEH2Enr4,you'd read it. It's called um The Master Switch.,20260920T071212Z_REBUILD,rebuild_all
mastercard so,Mastercard. So,person_or_named_entity,,1,1,1,0,15,LOW,proper_case,vR-o6IGspmU,partners with Mastercard. So what I did is I wrote an email to the,20260920T071212Z_REBUILD,rebuild_all
matter of,Matter of,person_or_named_entity,,1,1,1,0,15,LOW,proper_case,v-BQUZFqnRc,"It doesn't have to be detailed. Matter of fact, it shouldn't be detailed.",20260920T071212Z_REBUILD,rebuild_all
microsoft the pc,Microsoft the PC,person_or_named_entity,,1,1,1,0,15,LOW,proper_case,mq7GSzwaGBw,>> and so they kind of gave Microsoft the PC market,20260920T071212Z_REBUILD,rebuild_all
middle east and,Middle East and,person_or_named_entity,,1,1,1,0,15,LOW,proper_case,MGnJEb4sXwM,people particularly in the Middle East and things because they're sort of gray,20260920T071212Z_REBUILD,rebuild_all
minab girl school,Minab Girl School,person_or_named_entity,,1,1,1,0,15,LOW,proper_case,mq7GSzwaGBw,"infrastructure, like the Minab Girl School, where over 165, mostly girls,",20260920T071212Z_REBUILD,rebuild_all
minnesota officers,Minnesota. Officers,person_or_named_entity,,1,1,1,0,15,LOW,proper_case,v4d389XfJbA,wife in Minnesota. Officers said that they'd been tracking,20260920T071212Z_REBUILD,rebuild_all
minnesota the,Minnesota. The,person_or_named_entity,,1,1,1,0,15,LOW,proper_case,vR-o6IGspmU,"worldwide, headquartered in Minnesota. The next one, Sanford Pentagon",20260920T071212Z_REBUILD,rebuild_all
mish um,Mish. Um,person_or_named_entity,,1,1,1,0,15,LOW,proper_case,ZW6Lf7iQV3Q,"year. This is Mish. Um, he's got a graph there. It's a",20260920T071212Z_REBUILD,rebuild_all
montreal really,Montreal. Really,person_or_named_entity,,1,1,1,0,15,LOW,proper_case,mq7GSzwaGBw,">> Oh, it was Montreal. Really?",20260920T071212Z_REBUILD,rebuild_all
mosaic,Mosaic,named_entity,,1,1,1,0,15,LOW,proper_case,2FCT_uA2z5k,if you like by the arrival of um uh the Mosaic,20260920T071212Z_REBUILD,rebuild_all
most of,Most of,person_or_named_entity,,1,1,1,0,15,LOW,proper_case,qy_N0XOlApA,Like we're we only meet 3 months. Most of them are part-time.,20260920T071212Z_REBUILD,rebuild_all
mr global you,Mr. Global. You,person_or_named_entity,,1,1,1,0,15,LOW,proper_case,vR-o6IGspmU,>> You don't have to fight with Mr. Global. You don't have to fight with Silicon,20260920T071212Z_REBUILD,rebuild_all
multiples of the of the,Multiples of the of the,person_or_named_entity,,1,1,1,0,15,LOW,proper_case,tXxuSX7iNeM,than anybody ever imagined. Multiples of the of the figures that were reported.,20260920T071212Z_REBUILD,rebuild_all
nathan mayer rothschild,Nathan Mayer Rothschild,person_or_named_entity,,1,1,1,0,15,LOW,proper_case,mD_aE7ZCMoo,back to 1815 when Nathan Mayer Rothschild exploited inside information,20260920T071212Z_REBUILD,rebuild_all
national association of counties,National Association of Counties,organization,,1,1,1,0,15,LOW,proper_case,87SJi_DDbt4,"you had the National Association of Counties get together. Okay, that that",20260920T071212Z_REBUILD,rebuild_all
national association of telecommunications officers and,National Association of Telecommunications Officers and,organization,,1,1,1,0,15,LOW,proper_case,87SJi_DDbt4,and a National Association of Telecommunications Officers and,20260920T071212Z_REBUILD,rebuild_all
nebraska,Nebraska,named_entity,,1,1,1,0,15,LOW,proper_case,RRPA9FVZ2Ds,"Offutt Air Force Base in Omas, Nebraska, and I'm",20260920T071212Z_REBUILD,rebuild_all
new york and san francisco,New York and San Francisco,person_or_named_entity,,1,1,1,0,15,LOW,proper_case,vR-o6IGspmU,want to fund people in New York and San Francisco? So let's let's aggregate that,20260920T071212Z_REBUILD,rebuild_all
no there s,No. There's,person_or_named_entity,,1,1,1,0,15,LOW,proper_case,KKxQfBk1zBY,goldsmith. Did it increase? No. There's no net increase.,20260920T071212Z_REBUILD,rebuild_all
north america and,North America and,person_or_named_entity,,1,1,1,0,15,LOW,proper_case,H0v8c7WingM,weeks here going around North America and you know something the the under 55,20260920T071212Z_REBUILD,rebuild_all
nothing and,Nothing. And,person_or_named_entity,,1,1,1,0,15,LOW,proper_case,C-nY_mj1XtE,plan to get you off of them. Nothing. And it's just round and round we go.,20260920T071212Z_REBUILD,rebuild_all
offutt air force base and i,Offutt Air Force Base. And I,named_entity,,1,1,1,0,15,LOW,proper_case,RRPA9FVZ2Ds,"at Offutt Air Force Base. And I think: OK, so",20260920T071212Z_REBUILD,rebuild_all
okay so so so,Okay. So So So,person_or_named_entity,,1,1,1,0,15,LOW,proper_case,9Td1lcX-Cno,"back door of HUD to do that. Okay. So So So, we've seen remarkable headlines,",20260920T071212Z_REBUILD,rebuild_all
omb,OMB,named_entity,,1,1,1,0,15,LOW,proper_case,OnEOcaUnBg0,Paul O'Neill had had been head of OMB,20260920T071212Z_REBUILD,rebuild_all
omb and,OMB and,government,,1,1,1,0,15,LOW,proper_case,OnEOcaUnBg0,Paul O'Neill had had been head of OMB and sort of come out of government and,20260920T071212Z_REBUILD,rebuild_all
on war and,On War. And,person_or_named_entity,,1,1,1,0,15,LOW,proper_case,eoeftpuyQXw,"aren't familiar, uh Clausewitz wrote On War. And uh the the German term is",20260920T071212Z_REBUILD,rebuild_all
palanteer s,Palanteer's,named_entity,,1,1,1,0,15,LOW,proper_case,mq7GSzwaGBw,"coordinated lunches between Peter Theel, Palanteer's founder, and former Israeli",20260920T071212Z_REBUILD,rebuild_all
pale of settlement,Pale of Settlement,person_or_named_entity,,1,1,1,0,15,LOW,proper_case,ChdoKKB48CU,Pale of Settlement.,20260920T071212Z_REBUILD,rebuild_all
pale of settlement it,Pale of Settlement. It,person_or_named_entity,,1,1,1,0,15,LOW,proper_case,ChdoKKB48CU,Pale of Settlement. It exported it finally exported,20260920T071212Z_REBUILD,rebuild_all
palunteer,Palunteer,named_entity,,1,1,1,0,15,LOW,proper_case,mq7GSzwaGBw,Andreel itself works closely with Palunteer technologies using AI systems,20260920T071212Z_REBUILD,rebuild_all
paragon,Paragon,named_entity,,1,1,1,0,15,LOW,proper_case,mD_aE7ZCMoo,"services by companies such as NSO, Paragon, and Cellebrite.",20260920T071212Z_REBUILD,rebuild_all
paraguay,Paraguay,named_entity,,1,1,1,0,15,LOW,proper_case,eyItREqSFvA,"and it's like how quickly can we get to Paraguay? And when there are solutions,",20260920T071212Z_REBUILD,rebuild_all
paul we,Paul We,person_or_named_entity,,1,1,1,0,15,LOW,proper_case,OnEOcaUnBg0,these companies have a Paul We call at the Investment Screen,20260920T071212Z_REBUILD,rebuild_all
pentagon amazon and google,Pentagon. Amazon and Google,person_or_named_entity,,1,1,1,0,15,LOW,proper_case,mq7GSzwaGBw,signed a deal with the Pentagon. Amazon and Google partnered with Israel for the,20260920T071212Z_REBUILD,rebuild_all
people s bank of china and,People's Bank of China and,person_or_named_entity,,1,1,1,0,15,LOW,proper_case,1q3O8KbUHfU,"On February 6th, 2026, People's Bank of China and other agencies there issued a",20260920T071212Z_REBUILD,rebuild_all
peter mandolen clearly,Peter Mandolen. Clearly,person_or_named_entity,,1,1,1,0,15,LOW,proper_case,mq7GSzwaGBw,"Theo through no other than Peter Mandolen. Clearly, this isn't just about",20260920T071212Z_REBUILD,rebuild_all
philippines,Philippines,named_entity,,1,1,1,0,15,LOW,proper_case,mq7GSzwaGBw,Africa and Latin America and the Philippines because open source got used,20260920T071212Z_REBUILD,rebuild_all
phoenix then,Phoenix. Then,person_or_named_entity,,1,1,1,0,15,LOW,proper_case,9Td1lcX-Cno,Phoenix. Then that was followed by a further,20260920T071212Z_REBUILD,rebuild_all
pirate money pirate money partners,Pirate Money. Pirate Money Partners,person_or_named_entity,,1,1,1,0,15,LOW,proper_case,vR-o6IGspmU,"made by Mr. Kevin Freeman from Pirate Money. Pirate Money Partners with Glint,",20260920T071212Z_REBUILD,rebuild_all
pirate money so,Pirate Money. So,organization,,1,1,1,0,15,LOW,proper_case,vR-o6IGspmU,"has has some kind of company uh Pirate Money. So from Pirate Money, I was able",20260920T071212Z_REBUILD,rebuild_all
poland um and,Poland. Um and,person_or_named_entity,,1,1,1,0,15,LOW,proper_case,ChdoKKB48CU,uh with the dissection of Poland. Um and we are still deeply enmeshed in,20260920T071212Z_REBUILD,rebuild_all
qatar s,Qatar's,named_entity,,1,1,1,0,15,LOW,proper_case,wnz7NM7h9R4,"never made sense to me. It's like, well, Qatar's an ally, why are we doing that?",20260920T071212Z_REBUILD,rebuild_all
quanite,Quanite,named_entity,,1,1,1,0,15,LOW,proper_case,mq7GSzwaGBw,"invested in Anaconda, people invested in Quanite, people invested in my previous",20260920T071212Z_REBUILD,rebuild_all
range rover they,Range Rover. They,person_or_named_entity,,1,1,1,0,15,LOW,proper_case,v4d389XfJbA,that rented him the Range Rover. They said the they they they reported,20260920T071212Z_REBUILD,rebuild_all
representative,Representative,named_entity,,1,1,1,0,15,LOW,proper_case,vR-o6IGspmU,But he said Representative,20260920T071212Z_REBUILD,rebuild_all
representative s not,Representative S. Not,person_or_named_entity,,1,1,1,0,15,LOW,proper_case,vR-o6IGspmU,comprehensive list for Representative S. Not that I thought I would bring this,20260920T071212Z_REBUILD,rebuild_all
right mr global,Right. Mr. Global,person_or_named_entity,,1,1,1,0,15,LOW,proper_case,SkLWbV2A-aI,"wouldn't be happening. So, Right. Mr. Global is shutting down the global",20260920T071212Z_REBUILD,rebuild_all
right right i,Right. Right. I,person_or_named_entity,,1,1,1,0,15,LOW,proper_case,MztMjj6LxXk,>> Right. Right. I just looked at the stats on,20260920T071212Z_REBUILD,rebuild_all
right right that s,Right. Right. That's,person_or_named_entity,,1,1,1,0,15,LOW,proper_case,tXxuSX7iNeM,Right. Right. That's kind of that's kind of where I,20260920T071212Z_REBUILD,rebuild_all
right right they,Right. Right. They,person_or_named_entity,,1,1,1,0,15,LOW,proper_case,87SJi_DDbt4,phone and start screaming. Right. Right. They wake up. Emails,20260920T071212Z_REBUILD,rebuild_all
right right you what,Right. Right. You...what,person_or_named_entity,,1,1,1,0,15,LOW,proper_case,RRPA9FVZ2Ds,Right. Right. You...what you have,20260920T071212Z_REBUILD,rebuild_all
right that s,Right. That's,person_or_named_entity,,1,1,1,0,15,LOW,proper_case,tdcH4dZ12vQ,>> Right. That's right.,20260920T071212Z_REBUILD,rebuild_all
right yep yeah,Right. Yep. Yeah,person_or_named_entity,,1,1,1,0,15,LOW,proper_case,vR-o6IGspmU,>> Right. Yep. Yeah. [laughter],20260920T071212Z_REBUILD,rebuild_all
right you,Right. You,government,,1,1,1,0,15,LOW,proper_case,tXxuSX7iNeM,"come out on that one. Right. You know, when when the US government",20260920T071212Z_REBUILD,rebuild_all
road foods well,Road Foods. Well,person_or_named_entity,,1,1,1,0,15,LOW,proper_case,vR-o6IGspmU,"the talks I want to listen to at Road Foods. Well, he just didn't put in any",20260920T071212Z_REBUILD,rebuild_all
rome,Rome,named_entity,,1,1,1,0,15,LOW,proper_case,LCbpnzlLKg8,a huge dichotomy. I live on a street in Rome.,20260920T071212Z_REBUILD,rebuild_all
rome and,Rome. And,person_or_named_entity,,1,1,1,0,15,LOW,proper_case,LCbpnzlLKg8,Rome. And there are sort of cafes down to I,20260920T071212Z_REBUILD,rebuild_all
ross perot,Ross Perot,person_or_named_entity,,1,1,1,0,15,LOW,proper_case,j4rItIYZV_o,people forget that a guy named Ross Perot,20260920T071212Z_REBUILD,rebuild_all
round table it,Round Table. It,person_or_named_entity,,1,1,1,0,15,LOW,proper_case,ChdoKKB48CU,It set up what was called the Round Table. It was run by Lord Alfred Milner.,20260920T071212Z_REBUILD,rebuild_all
royal institute of international affairs,Royal Institute of International Affairs,organization,,1,1,1,0,15,LOW,proper_case,ChdoKKB48CU,"Royal Institute of International Affairs, the Council on Foreign",20260920T071212Z_REBUILD,rebuild_all
rushmore you re,Rushmore. You're,person_or_named_entity,,1,1,1,0,15,LOW,proper_case,vR-o6IGspmU,"only paying for parking at Rushmore. You're not paying for admission. So,",20260920T071212Z_REBUILD,rebuild_all
said craig holman,Said Craig Holman,government,,1,1,1,0,15,LOW,proper_case,INWRgXjwPXk,"substantial bets on it."" Said Craig Holman, a government affairs lobbyist",20260920T071212Z_REBUILD,rebuild_all
san francisco do,San Francisco. Do,person_or_named_entity,,1,1,1,0,15,LOW,proper_case,vR-o6IGspmU,New York or Visa headquartered in San Francisco. Do we as South Dotans really,20260920T071212Z_REBUILD,rebuild_all
sanford health their,Sanford Health. Their,person_or_named_entity,,1,1,1,0,15,LOW,proper_case,vR-o6IGspmU,Dakota. They're owned by Sanford Health. Their revenue was 9.8 billion and income,20260920T071212Z_REBUILD,rebuild_all
sanford pentagon admissions they re,Sanford Pentagon Admissions. They're,person_or_named_entity,,1,1,1,0,15,LOW,proper_case,vR-o6IGspmU,"The next one, Sanford Pentagon Admissions. They're not a small",20260920T071212Z_REBUILD,rebuild_all
sanford premier center concessions,Sanford Premier Center Concessions,person_or_named_entity,,1,1,1,0,15,LOW,proper_case,vR-o6IGspmU,Sanford Premier Center Concessions.,20260920T071212Z_REBUILD,rebuild_all
sanford premier center concessions they re,Sanford Premier Center Concessions. They're,person_or_named_entity,,1,1,1,0,15,LOW,proper_case,vR-o6IGspmU,Sanford Premier Center Concessions. They're not a small business. They're,20260920T071212Z_REBUILD,rebuild_all
scandinavian,Scandinavian,named_entity,,1,1,1,0,15,LOW,proper_case,vR-o6IGspmU,"something, it was a mistake, the Scandinavian central banks, it's a",20260920T071212Z_REBUILD,rebuild_all
scotland and wales and,Scotland and Wales and,person_or_named_entity,,1,1,1,0,15,LOW,proper_case,37qD1Jj3NOc,there are first ministers in Scotland and Wales and in the north of Ireland,20260920T071212Z_REBUILD,rebuild_all
secretary besant,Secretary Besant,person_or_named_entity,,1,1,1,0,15,LOW,proper_case,WGn_E_9ZS2Q,it would be this one for Secretary Besant.,20260920T071212Z_REBUILD,rebuild_all
secretary of defense,Secretary of Defense,person_or_named_entity,,1,1,1,0,15,LOW,proper_case,aQYwmh0gCQo,in the dining room for the Secretary of Defense at the Pentagon getting a,20260920T071212Z_REBUILD,rebuild_all
selective service but,Selective Service. But,product,,1,1,1,0,15,LOW,proper_case,es1SX2TSqz8,"with the Selective Service. But under a proposed rule, men aged 18",20260920T071212Z_REBUILD,rebuild_all
she s,She's,named_entity,,1,1,1,0,15,LOW,proper_case,vR-o6IGspmU,"digital purchases. So, if she buys her She's off at college now, so she buys",20260920T071212Z_REBUILD,rebuild_all
silicon valley just,Silicon Valley. Just,person_or_named_entity,,1,1,1,0,15,LOW,proper_case,vR-o6IGspmU,You don't have to fight with Silicon Valley. Just don't use them. Walk away.,20260920T071212Z_REBUILD,rebuild_all
silverstar car wash they re,Silverstar Car Wash. They're,person_or_named_entity,,1,1,1,0,15,LOW,proper_case,vR-o6IGspmU,"The next one, Silverstar Car Wash. They're not a small business. They're",20260920T071212Z_REBUILD,rebuild_all
since the,Since the,organization,,1,1,1,0,15,LOW,proper_case,mq7GSzwaGBw,"Revolutionary Guard Corp stated, ""Since the main element in designing and",20260920T071212Z_REBUILD,rebuild_all
sou falls and brandon and,Sou Falls and Brandon and,person_or_named_entity,,1,1,1,0,15,LOW,proper_case,vR-o6IGspmU,edge of town between Sou Falls and Brandon and we're going to annex it and,20260920T071212Z_REBUILD,rebuild_all
sou falls city council so the,Sou Falls City Council. So the,organization,,1,1,1,0,15,LOW,proper_case,vR-o6IGspmU,Brandon have no voice in the Sou Falls City Council. So the resident the homes,20260920T071212Z_REBUILD,rebuild_all
sou falls a,Sou Falls. A,person_or_named_entity,,1,1,1,0,15,LOW,proper_case,vR-o6IGspmU,"the use of more flock cameras in Sou Falls. A lot of people at the talk, by",20260920T071212Z_REBUILD,rebuild_all
sou falls but,Sou Falls. But,person_or_named_entity,,1,1,1,0,15,LOW,proper_case,vR-o6IGspmU,"community are in Brandon, not in Sou Falls. But us moms, cell phone tower",20260920T071212Z_REBUILD,rebuild_all
sou falls turns,Sou Falls. Turns,person_or_named_entity,,1,1,1,0,15,LOW,proper_case,vR-o6IGspmU,I showed them the flock cameras in Sou Falls. Turns out all of our current,20260920T071212Z_REBUILD,rebuild_all
south dakota denny sanford premier center,South Dakota. Denny Sanford Premier Center,named_entity,,1,1,1,0,15,LOW,proper_case,vR-o6IGspmU,not based in South Dakota. Denny Sanford Premier Center Concessions is operated,20260920T071212Z_REBUILD,rebuild_all
soviet union,Soviet Union,person_or_named_entity,,1,1,1,0,15,LOW,proper_case,tK4hyAbE3rw,"keep its culture alive during the Soviet Union period. You know, they came out of",20260920T071212Z_REBUILD,rebuild_all
stalin and,Stalin. And,person_or_named_entity,,1,1,1,0,15,LOW,proper_case,tK4hyAbE3rw,Hitler and then went right into Stalin. And they managed to keep their culture,20260920T071212Z_REBUILD,rebuild_all
states,States,named_entity,,1,1,1,0,15,LOW,proper_case,MGnJEb4sXwM,"but I'm in Pennsylvania. I'm in the States now. I will say this, I just",20260920T071212Z_REBUILD,rebuild_all
stefan cardinal wyszynski,Stefan Cardinal Wyszynski,person_or_named_entity,,1,1,1,0,15,LOW,proper_case,RRdQPuFQCik,">> And you've got you've got Stefan Cardinal Wyszynski, Cardinal Archbishop",20260920T071212Z_REBUILD,rebuild_all
stephen zarlenga,Stephen Zarlenga,person_or_named_entity,,1,1,1,0,15,LOW,proper_case,j4rItIYZV_o,giant here by the name of Stephen Zarlenga.,20260920T071212Z_REBUILD,rebuild_all
stop,Stop,named_entity,,1,1,1,0,15,LOW,proper_case,WCezIGm3Cp4,like Stop poisoning people. They'll be fine.,20260920T071212Z_REBUILD,rebuild_all
strait,Strait,named_entity,,1,1,1,0,15,LOW,proper_case,9Td1lcX-Cno,point. Everyone understands that the Strait,20260920T071212Z_REBUILD,rebuild_all
strait of hormuz,Strait of Hormuz,person_or_named_entity,,1,1,1,0,15,LOW,proper_case,9Td1lcX-Cno,"Strait of Hormuz,",20260920T071212Z_REBUILD,rebuild_all
straits of mala do,Straits of Mala. Do,person_or_named_entity,,1,1,1,0,15,LOW,proper_case,MGnJEb4sXwM,with Indonesia on the Straits of Mala. Do you think that the US is going to try,20260920T071212Z_REBUILD,rebuild_all
street and,Street and,person_or_named_entity,,1,1,1,0,15,LOW,proper_case,p0jPh9KrCgc,Street and,20260920T071212Z_REBUILD,rebuild_all
street and and,Street and and,person_or_named_entity,,1,1,1,0,15,LOW,proper_case,p0jPh9KrCgc,"Street and and unfortunately, what you and I both",20260920T071212Z_REBUILD,rebuild_all
sun we ll,Sun. We'll,person_or_named_entity,,1,1,1,0,15,LOW,proper_case,oc8B5AqvkUE,okay the Earth goes around the Sun. We'll we'll we'll agree to that part of,20260920T071212Z_REBUILD,rebuild_all
sunday,Sunday,named_entity,,1,1,1,0,15,LOW,proper_case,mq7GSzwaGBw,"started to happen when the priest one Sunday said, you know, announced to",20260920T071212Z_REBUILD,rebuild_all
swift western,Swift Western,product,,1,1,1,0,15,LOW,proper_case,MaTz-usR3uo,"Russian payment system and the Swift Western system,",20260920T071212Z_REBUILD,rebuild_all
switch and,Switch. And,person_or_named_entity,,1,1,1,0,15,LOW,proper_case,ilzuEH2Enr4,Switch. And he goes back 200 years and and goes,20260920T071212Z_REBUILD,rebuild_all
table,Table,named_entity,,1,1,1,0,15,LOW,proper_case,ChdoKKB48CU,Table. It was run by Lord Alfred Milner. And the Round Table worked behind the,20260920T071212Z_REBUILD,rebuild_all
tavistock,Tavistock,named_entity,,1,1,1,0,15,LOW,proper_case,eoeftpuyQXw,"And when we look at things like Tavistock, social engineering, the",20260920T071212Z_REBUILD,rebuild_all
telecommunications officers and,Telecommunications Officers and,person_or_named_entity,,1,1,1,0,15,LOW,proper_case,87SJi_DDbt4,Telecommunications Officers and,20260920T071212Z_REBUILD,rebuild_all
telecommunications officers and advisors,Telecommunications Officers and Advisors,person_or_named_entity,,1,1,1,0,15,LOW,proper_case,87SJi_DDbt4,Telecommunications Officers and Advisors.,20260920T071212Z_REBUILD,rebuild_all
tennessee you,Tennessee. You,person_or_named_entity,,1,1,1,0,15,LOW,proper_case,p0jPh9KrCgc,"in Tennessee. You know, but if you look at who owns",20260920T071212Z_REBUILD,rebuild_all
texas so i,Texas. So I,person_or_named_entity,,1,1,1,0,15,LOW,proper_case,mq7GSzwaGBw,">> There's a lot of So, I was in Texas. So I think there's a finding these enclaves",20260920T071212Z_REBUILD,rebuild_all
thanksgiving so,Thanksgiving. So,person_or_named_entity,,1,1,1,0,15,LOW,proper_case,vR-o6IGspmU,"signatures. It was around Thanksgiving. So, not only was it cold in South",20260920T071212Z_REBUILD,rebuild_all
that s south dakota but,That's South Dakota. But,person_or_named_entity,,1,1,1,0,15,LOW,proper_case,vR-o6IGspmU,because of weather. That's South Dakota. But my plan is still for next year to uh,20260920T071212Z_REBUILD,rebuild_all
theo,Theo,named_entity,,1,1,1,0,15,LOW,proper_case,mq7GSzwaGBw,after Kier Starmer was introduced to Theo through no other than Peter,20260920T071212Z_REBUILD,rebuild_all
there s,There's,named_entity,,1,1,1,0,15,LOW,proper_case,vR-o6IGspmU,"use in the movie Utopia. The light There's cameras in every room, whether",20260920T071212Z_REBUILD,rebuild_all
they ll they,They'll They,person_or_named_entity,,1,1,1,0,15,LOW,proper_case,p0jPh9KrCgc,bad way to say it. They'll They will maneuver around in these,20260920T071212Z_REBUILD,rebuild_all
times,Times,named_entity,,1,1,1,0,15,LOW,proper_case,6Mg0q_IyWgY,Street Journal and the New York Times.,20260920T071212Z_REBUILD,rebuild_all
times i m i m,Times. I'm I'm,person_or_named_entity,,1,1,1,0,15,LOW,proper_case,6Mg0q_IyWgY,Street Journal and the New York Times. I'm I'm on their feeds about the Hunter,20260920T071212Z_REBUILD,rebuild_all
treasury secretary bessent,Treasury Secretary Bessent,person_or_named_entity,,1,1,1,0,15,LOW,proper_case,MGnJEb4sXwM,restrictions that Treasury Secretary Bessent had imposed sanctioning if you,20260920T071212Z_REBUILD,rebuild_all
trotskyism,Trotskyism,named_entity,,1,1,1,0,15,LOW,proper_case,ChdoKKB48CU,um if you like uh revolutionary Trotskyism to America that ultimately,20260920T071212Z_REBUILD,rebuild_all
trump uh,Trump. Uh,person_or_named_entity,,1,1,1,0,15,LOW,proper_case,v5Hdh0OeemA,matter for the polls or Trump. Uh,20260920T071212Z_REBUILD,rebuild_all
turtle forth and i,Turtle Forth. And I,person_or_named_entity,,1,1,1,0,15,LOW,proper_case,DS3LfI1HbjI,commentary it's Larry called Turtle Forth. And I tell the story when things,20260920T071212Z_REBUILD,rebuild_all
tv it s,TV. It's,person_or_named_entity,,1,1,1,0,15,LOW,proper_case,r7POfIOIJd8,what's displayed on your TV. It's going to send that back to the,20260920T071212Z_REBUILD,rebuild_all
tv they,TV. They,person_or_named_entity,,1,1,1,0,15,LOW,proper_case,r7POfIOIJd8,being shared with the maker of the TV. They analyze that to find out what are,20260920T071212Z_REBUILD,rebuild_all
uae and saudi arabia and pakistan,UAE and Saudi Arabia and Pakistan,named_entity,,1,1,1,0,15,LOW,proper_case,MGnJEb4sXwM,there is a major split between the UAE and Saudi Arabia and Pakistan and Gata,20260920T071212Z_REBUILD,rebuild_all
uae it s,UAE. It's,person_or_named_entity,,1,1,1,0,15,LOW,proper_case,MGnJEb4sXwM,outside it. It's actually in the UAE. It's a funny little extra part of the,20260920T071212Z_REBUILD,rebuild_all
united states and canada and,United States and Canada. And,person_or_named_entity,,1,1,1,0,15,LOW,proper_case,wfpVe_F_0UE,"in the United States and Canada. And everywhere I went, I",20260920T071212Z_REBUILD,rebuild_all
united states what,United States. What,person_or_named_entity,,1,1,1,0,15,LOW,proper_case,MGnJEb4sXwM,I shouldn't even say the United States. What is the the oligarchs and the dollar,20260920T071212Z_REBUILD,rebuild_all
us conference of mayors,US Conference of Mayors,event,,1,1,1,0,15,LOW,proper_case,87SJi_DDbt4,"They were joined by the US Conference of Mayors, the National League of Cities,",20260920T071212Z_REBUILD,rebuild_all
venezuela so okay and and,Venezuela. So Okay. And and,organization,,1,1,1,0,15,LOW,proper_case,YItOkNjS4OY,company still in Venezuela. So Okay. And and energy is important cuz,20260920T071212Z_REBUILD,rebuild_all
virginia,Virginia,product,,1,1,1,0,15,LOW,proper_case,mq7GSzwaGBw,course of decades. That was my car when I lived in Virginia.,20260920T071212Z_REBUILD,rebuild_all
wales and northern,Wales and Northern,person_or_named_entity,,1,1,1,0,15,LOW,proper_case,37qD1Jj3NOc,Scotland and then Wales and Northern,20260920T071212Z_REBUILD,rebuild_all
wales and northern ireland they,Wales and Northern Ireland. They,person_or_named_entity,,1,1,1,0,15,LOW,proper_case,37qD1Jj3NOc,Scotland and then Wales and Northern Ireland. They have a memorandum of,20260920T071212Z_REBUILD,rebuild_all
wall street journal and the new,Wall Street Journal and the New,named_entity,,1,1,1,0,15,LOW,proper_case,6Mg0q_IyWgY,"boom, I'm getting emails from the Wall Street Journal and the New York Times.",20260920T071212Z_REBUILD,rebuild_all
washington and,Washington and,person_or_named_entity,,1,1,1,0,15,LOW,proper_case,mq7GSzwaGBw,"beautiful mansion in downtown Washington and when I decided to fight, you know,",20260920T071212Z_REBUILD,rebuild_all
weltanschauungskrieg,Weltanschauungskrieg,named_entity,,1,1,1,0,15,LOW,proper_case,eoeftpuyQXw,"War. And uh the the German term is Weltanschauungskrieg, which means",20260920T071212Z_REBUILD,rebuild_all
west right right,West. Right. Right,person_or_named_entity,,1,1,1,0,15,LOW,proper_case,tXxuSX7iNeM,West. Right. Right.,20260920T071212Z_REBUILD,rebuild_all
western european and american because,Western European and American. Because,person_or_named_entity,,1,1,1,0,15,LOW,proper_case,Oxk8BAFUdBE,from Polish literally into into Western European and American. Because in,20260920T071212Z_REBUILD,rebuild_all
where s daddy yes,Where's Daddy. Yes,person_or_named_entity,,1,1,1,0,15,LOW,proper_case,mq7GSzwaGBw,"systems. Lavender, Gospel, and Where's Daddy. Yes, these are the names the",20260920T071212Z_REBUILD,rebuild_all
wolfpack,Wolfpack,named_entity,,1,1,1,0,15,LOW,proper_case,mq7GSzwaGBw,">> In the West Bank, AI systems like Wolfpack have been used to categorize",20260920T071212Z_REBUILD,rebuild_all
workers defense committees and,Workers' Defense Committees. And,person_or_named_entity,,1,1,1,0,15,LOW,proper_case,SR4Myof7g0Q,called Workers' Defense Committees. And all these were and the the this is a,20260920T071212Z_REBUILD,rebuild_all
wow cuz,Wow. Cuz,person_or_named_entity,,1,1,1,0,15,LOW,proper_case,87SJi_DDbt4,"a handwritten letter, they care. Wow. Cuz that's a voter. That's somebody who",20260920T071212Z_REBUILD,rebuild_all
yeah no idf,Yeah. No IDF,product,,1,1,1,0,15,LOW,proper_case,mD_aE7ZCMoo,Palantir in the lavender system. Yeah. No IDF officer is responsible for,20260920T071212Z_REBUILD,rebuild_all
yep sounds,Yep. Sounds,person_or_named_entity,,1,1,1,0,15,LOW,proper_case,vR-o6IGspmU,"for cash. So, here here it comes. Right. >> Yep. Sounds good.",20260920T071212Z_REBUILD,rebuild_all
yep um,Yep. Um,person_or_named_entity,,1,1,1,0,15,LOW,proper_case,WET6BjpHGkc,States makes that decision. Yep. Um,20260920T071212Z_REBUILD,rebuild_all
yes mhm,Yes. Mhm,person_or_named_entity,,1,1,1,0,15,LOW,proper_case,RRdQPuFQCik,>> Yes. Mhm.,20260920T071212Z_REBUILD,rebuild_all
york times,York Times,person_or_named_entity,,1,1,1,0,15,LOW,proper_case,6Mg0q_IyWgY,"boom, I'm getting emails from the Wall Street Journal and the New York Times.",20260920T071212Z_REBUILD,rebuild_all
you ll,You'll,named_entity,,1,1,1,0,15,LOW,proper_case,vR-o6IGspmU,"[clears throat] You'll get used to it. Here, have some",20260920T071212Z_REBUILD,rebuild_all
zarlenga and,Zarlenga. And,person_or_named_entity,,1,1,1,0,15,LOW,proper_case,j4rItIYZV_o,Zarlenga. And uh and we are are in the presence of,20260920T071212Z_REBUILD,rebuild_all
zionism there s,Zionism. There's,person_or_named_entity,,1,1,1,0,15,LOW,proper_case,SOADMgNpZr0,happening with Zionism. There's now a website an American,20260920T071212Z_REBUILD,rebuild_all
