candidate_key,display_name,candidate_type,mention_count,distinct_content_count,distinct_source_count,speaker_count,first_seen_at,last_seen_at,sample_content_id,sample_snippet,review_status,approved_entity_id,review_notes,first_batch_id,last_batch_id
it s,It's,named_entity,529,40,40,0,2026-09-20T06:45:40.991711+00:00,2026-09-20T07:01:11.243757+00:00,37qD1Jj3NOc,>> Yeah. >> Right? It's just a distraction.,new,,,20260919_234459_YT001,20260919_235645_YT001
i m,I'm,named_entity,512,42,42,0,2026-09-20T06:45:40.991711+00:00,2026-09-20T07:01:11.243757+00:00,p0jPh9KrCgc,"or do they? >> I I'm not sure that they do, but",new,,,20260919_234459_YT001,20260919_235645_YT001
right,Right,named_entity,301,36,36,0,2026-09-20T06:45:40.991711+00:00,2026-09-20T07:01:11.243757+00:00,DS3LfI1HbjI,hole. >> Right.,new,,,20260919_234459_YT001,20260919_235645_YT001
that s,That's,named_entity,236,31,31,0,2026-09-20T06:45:40.991711+00:00,2026-09-20T07:01:11.243757+00:00,p0jPh9KrCgc,And so you they'll go behind your back or not. That's not a bad way to That's a,new,,,20260919_234459_YT001,20260919_235645_YT001
i ve,I've,organization,216,18,18,0,2026-09-20T06:45:40.991711+00:00,2026-09-20T07:01:11.243757+00:00,RD8gcj5aP74,it was the least productive culture and organization I've ever walked into.,new,,,20260919_234459_YT001,20260919_235645_YT001
yeah,Yeah,named_entity,197,27,27,0,2026-09-20T06:45:40.991711+00:00,2026-09-20T07:01:11.243757+00:00,37qD1Jj3NOc,this is a distraction. >> Yeah.,new,,,20260919_234459_YT001,20260919_235645_YT001
they re,They're,named_entity,154,27,27,0,2026-09-20T06:45:40.991711+00:00,2026-09-20T07:01:11.243757+00:00,RD8gcj5aP74,net energy plus people are being destroyed. They're,new,,,20260919_234459_YT001,20260919_235645_YT001
we re,We're,named_entity,153,13,13,0,2026-09-20T07:01:11.243757+00:00,2026-09-20T07:01:11.243757+00:00,-YPhdbbhvv4,>> But but but it's public so we're going to tax you for it. We're going to take,new,,,20260919_235645_YT001,20260919_235645_YT001
china,China,named_entity,149,7,7,0,2026-09-20T07:01:11.243757+00:00,2026-09-20T07:01:11.243757+00:00,1q3O8KbUHfU,"On February 6th, 2026, People's Bank of China and other agencies there issued a",new,,,20260919_235645_YT001,20260919_235645_YT001
iran,Iran,named_entity,139,9,9,0,2026-09-20T07:01:11.243757+00:00,2026-09-20T07:01:11.243757+00:00,INWRgXjwPXk,Traders placed over $1 billion in perfectly timed bets on Iran war.,new,,,20260919_235645_YT001,20260919_235645_YT001
because,Because,named_entity,117,21,21,0,2026-09-20T07:01:11.243757+00:00,2026-09-20T07:01:11.243757+00:00,9Td1lcX-Cno,"out of their corporate channels, right? Because they were subsidizing",new,,,20260919_235645_YT001,20260919_235645_YT001
there s,There's,named_entity,113,17,17,0,2026-09-20T06:45:40.991711+00:00,2026-09-20T07:01:11.243757+00:00,p0jPh9KrCgc,"this could happen, you know, this kind of central control can happen. There's",new,,,20260919_234459_YT001,20260919_235645_YT001
american,American,organization,95,11,11,0,2026-09-20T07:01:11.243757+00:00,2026-09-20T07:01:11.243757+00:00,87SJi_DDbt4,This is a group that serves more than 80% of the American,new,,,20260919_235645_YT001,20260919_235645_YT001
chinese,Chinese,named_entity,93,8,8,0,2026-09-20T07:01:11.243757+00:00,2026-09-20T07:01:11.243757+00:00,9Td1lcX-Cno,"phone gives data to China, then it's uh illegal. Chinese cars are illegal. You",new,,,20260919_235645_YT001,20260919_235645_YT001
united states,United States,person_or_named_entity,83,11,11,0,2026-09-20T07:01:11.243757+00:00,2026-09-20T07:01:11.243757+00:00,9Td1lcX-Cno,can't buy Chinese cars in the United States because they send the data to,new,,,20260919_235645_YT001,20260919_235645_YT001
now,Now,named_entity,81,10,10,0,2026-09-20T07:01:11.243757+00:00,2026-09-20T07:01:11.243757+00:00,aQYwmh0gCQo,blow up an aircraft carrier. So you need to make the shift. Now I remember,new,,,20260919_235645_YT001,20260919_235645_YT001
south dakota,South Dakota,person_or_named_entity,81,2,2,0,2026-09-20T07:01:11.243757+00:00,2026-09-20T07:01:11.243757+00:00,mq7GSzwaGBw,masks and whoop the next thing you know they're living in South Dakota so they,new,,,20260919_235645_YT001,20260919_235645_YT001
mhm,Mhm,named_entity,77,14,14,0,2026-09-20T07:01:11.243757+00:00,2026-09-20T07:01:11.243757+00:00,4L0_mfIwTzY,back up. >> Mhm.,new,,,20260919_235645_YT001,20260919_235645_YT001
you re,You're,named_entity,77,9,9,0,2026-09-20T07:01:11.243757+00:00,2026-09-20T07:01:11.243757+00:00,71DIp8e2mXk,"people This is the whole Meister Efkols framework, right? You're appealing to",new,,,20260919_235645_YT001,20260919_235645_YT001
yes,Yes,named_entity,76,16,16,0,2026-09-20T07:01:11.243757+00:00,2026-09-20T07:01:11.243757+00:00,4L0_mfIwTzY,they might not last. >> Yes.,new,,,20260919_235645_YT001,20260919_235645_YT001
okay,Okay,named_entity,71,9,9,0,2026-09-20T07:01:11.243757+00:00,2026-09-20T07:01:11.243757+00:00,-YPhdbbhvv4,"control you, too. So that's you know, you lose. Okay.",new,,,20260919_235645_YT001,20260919_235645_YT001
europe,Europe,named_entity,64,9,9,0,2026-09-20T07:01:11.243757+00:00,2026-09-20T07:01:11.243757+00:00,2FCT_uA2z5k,and it electrified Europe completely electrified it,new,,,20260919_235645_YT001,20260919_235645_YT001
israel,Israel,named_entity,59,5,5,0,2026-09-20T07:01:11.243757+00:00,2026-09-20T07:01:11.243757+00:00,ChdoKKB48CU,which eventually led to the creation of the state of Israel.,new,,,20260919_235645_YT001,20260919_235645_YT001
all,All,named_entity,57,10,10,0,2026-09-20T07:01:11.243757+00:00,2026-09-20T07:01:11.243757+00:00,aQYwmh0gCQo,"to make the shift. Now I remember reading All right, I was sitting in the",new,,,20260919_235645_YT001,20260919_235645_YT001
let s,Let's,named_entity,54,12,12,0,2026-09-20T06:45:40.991711+00:00,2026-09-20T07:01:11.243757+00:00,ZW6Lf7iQV3Q,little too busy. Let's go to the the companies.,new,,,20260919_234459_YT001,20260919_235645_YT001
america,America,named_entity,54,7,7,0,2026-09-20T07:01:11.243757+00:00,2026-09-20T07:01:11.243757+00:00,ChdoKKB48CU,um if you like uh revolutionary Trotskyism to America that ultimately,new,,,20260919_235645_YT001,20260919_235645_YT001
python,Python,named_entity,54,1,1,0,2026-09-20T07:01:11.243757+00:00,2026-09-20T07:01:11.243757+00:00,mq7GSzwaGBw,at the Mayo Clinic and I encountered Python and trying to solve my problems.,new,,,20260919_235645_YT001,20260919_235645_YT001
uae,UAE,named_entity,53,2,2,0,2026-09-20T07:01:11.243757+00:00,2026-09-20T07:01:11.243757+00:00,LTWifAkVVDg,UAE paid billions to Iran to halt,new,,,20260919_235645_YT001,20260919_235645_YT001
sou falls,Sou Falls,person_or_named_entity,51,2,2,0,2026-09-20T07:01:11.243757+00:00,2026-09-20T07:01:11.243757+00:00,mq7GSzwaGBw,my way to Salt Lake City I came through Sou Falls.,new,,,20260919_235645_YT001,20260919_235645_YT001
south,South,named_entity,50,2,2,0,2026-09-20T07:01:11.243757+00:00,2026-09-20T07:01:11.243757+00:00,RRPA9FVZ2Ds,"Nebraska, and I'm from Sioux Falls, South",new,,,20260919_235645_YT001,20260919_235645_YT001
like,Like,named_entity,45,10,10,0,2026-09-20T07:01:11.243757+00:00,2026-09-20T07:01:11.243757+00:00,DrGmCAQxBig,"have proven to people over and over again. Like I said, if the biggest thing",new,,,20260919_235645_YT001,20260919_235645_YT001
he s,He's,named_entity,45,5,5,0,2026-09-20T07:01:11.243757+00:00,2026-09-20T07:01:11.243757+00:00,71DIp8e2mXk,"who he has hitman who do his dirty work, right? He He's not going to be the one",new,,,20260919_235645_YT001,20260919_235645_YT001
united,United,named_entity,42,7,7,0,2026-09-20T07:01:11.243757+00:00,2026-09-20T07:01:11.243757+00:00,58byubq4VLQ,"In the last 2 weeks since I've been in the United States, I can't tell you how",new,,,20260919_235645_YT001,20260919_235645_YT001
right and,Right. And,person_or_named_entity,39,9,9,0,2026-09-20T06:45:40.991711+00:00,2026-09-20T07:01:11.243757+00:00,RD8gcj5aP74,>> [laughter] >> Right. And what I discovered it was the,new,,,20260919_234459_YT001,20260919_235645_YT001
trump,Trump,named_entity,39,8,8,0,2026-09-20T07:01:11.243757+00:00,2026-09-20T07:01:11.243757+00:00,58byubq4VLQ,in both conversations and interviews the grifting by the Trump family in crypto,new,,,20260919_235645_YT001,20260919_235645_YT001
solari,Solari,organization,39,7,7,0,2026-09-20T07:01:11.243757+00:00,2026-09-20T07:01:11.243757+00:00,0CYfIbJHp2U,I just wanted to say thank you for having us on. If anyone Solari has been,existing,solari,,20260919_235645_YT001,20260919_235645_YT001
polish,Polish,named_entity,37,6,6,0,2026-09-20T07:01:11.243757+00:00,2026-09-20T07:01:11.243757+00:00,m50hk1fyOYs,"people from concentration camps, put Polish uniforms on them, and you know,",new,,,20260919_235645_YT001,20260919_235645_YT001
i ll,I'll,named_entity,36,6,6,0,2026-09-20T06:45:40.991711+00:00,2026-09-20T07:01:11.243757+00:00,RD8gcj5aP74,them busy and keep them in the corner. I'll never forget when I first got to,new,,,20260919_234459_YT001,20260919_235645_YT001
middle east,Middle East,person_or_named_entity,36,3,3,0,2026-09-20T07:01:11.243757+00:00,2026-09-20T07:01:11.243757+00:00,m50hk1fyOYs,American military power into the Middle East,new,,,20260919_235645_YT001,20260919_235645_YT001
can,Can,named_entity,35,8,8,0,2026-09-20T07:01:11.243757+00:00,2026-09-20T07:01:11.243757+00:00,eyItREqSFvA,"And everybody would you know, can I go to Switzerland? Can I put my money in a",new,,,20260919_235645_YT001,20260919_235645_YT001
one,One,named_entity,35,8,8,0,2026-09-20T07:01:11.243757+00:00,2026-09-20T07:01:11.243757+00:00,4L0_mfIwTzY,One thing to think about is if you're,new,,,20260919_235645_YT001,20260919_235645_YT001
i d,I'd,named_entity,35,5,5,0,2026-09-20T06:45:40.991711+00:00,2026-09-20T07:01:11.243757+00:00,DS3LfI1HbjI,"you know, clean second floor closet, let's say. I can do that. And I'd go",new,,,20260919_234459_YT001,20260919_235645_YT001
exactly,Exactly,named_entity,34,8,8,0,2026-09-20T07:01:11.243757+00:00,2026-09-20T07:01:11.243757+00:00,eRQbIpPkxVE,the vise. >> Exactly.,new,,,20260919_235645_YT001,20260919_235645_YT001
here s,Here's,organization,34,7,7,0,2026-09-20T06:45:40.991711+00:00,2026-09-20T07:01:11.243757+00:00,ZW6Lf7iQV3Q,viewed by Bloomberg News. Uh get this. Here's where you see the,new,,,20260919_234459_YT001,20260919_235645_YT001
not,Not,named_entity,33,6,6,0,2026-09-20T07:01:11.243757+00:00,2026-09-20T07:01:11.243757+00:00,INWRgXjwPXk,"Traders made a windfall there, too. Uh says one observer, ""Not only the",new,,,20260919_235645_YT001,20260919_235645_YT001
people,People,named_entity,33,4,4,0,2026-09-20T07:01:11.243757+00:00,2026-09-20T07:01:11.243757+00:00,0CYfIbJHp2U,staying ahead of this. People have no clue what's happening,new,,,20260919_235645_YT001,20260919_235645_YT001
then,Then,named_entity,32,7,7,0,2026-09-20T07:01:11.243757+00:00,2026-09-20T07:01:11.243757+00:00,9Td1lcX-Cno,Then that was followed by a further,new,,,20260919_235645_YT001,20260919_235645_YT001
iranian,Iranian,named_entity,32,5,5,0,2026-09-20T07:01:11.243757+00:00,2026-09-20T07:01:11.243757+00:00,mD_aE7ZCMoo,>> Just outright grab the wallets. And this is money that's stolen from the Iranian,new,,,20260919_235645_YT001,20260919_235645_YT001
we ve,We've,named_entity,32,5,5,0,2026-09-20T07:01:11.243757+00:00,2026-09-20T07:01:11.243757+00:00,0X0H0jcnelU,of a lunatic policy. That's key. We've got to be upfront with,new,,,20260919_235645_YT001,20260919_235645_YT001
you ve,You've,named_entity,30,8,8,0,2026-09-20T06:45:40.991711+00:00,2026-09-20T07:01:11.243757+00:00,ZW6Lf7iQV3Q,instead of buying processed foods. You've got to know where your food comes,new,,,20260919_234459_YT001,20260919_235645_YT001
just,Just,named_entity,30,7,7,0,2026-09-20T07:01:11.243757+00:00,2026-09-20T07:01:11.243757+00:00,KKxQfBk1zBY,"small print. Just sign here. Oh, and just one more",new,,,20260919_235645_YT001,20260919_235645_YT001
thank,Thank,named_entity,30,5,5,0,2026-09-20T07:01:11.243757+00:00,2026-09-20T07:01:11.243757+00:00,hMSD8_AvyAM,That's alchemy. >> Thank you.,new,,,20260919_235645_YT001,20260919_235645_YT001
israeli,Israeli,named_entity,30,3,3,0,2026-09-20T07:01:11.243757+00:00,2026-09-20T07:01:11.243757+00:00,mD_aE7ZCMoo,"digitized, and that the Israeli ecosystem has",new,,,20260919_235645_YT001,20260919_235645_YT001
russian,Russian,product,30,3,3,0,2026-09-20T07:01:11.243757+00:00,2026-09-20T07:01:11.243757+00:00,MaTz-usR3uo,competition between the Chinese and Russian payment system and the Swift,new,,,20260919_235645_YT001,20260919_235645_YT001
russia,Russia,named_entity,29,3,3,0,2026-09-20T07:01:11.243757+00:00,2026-09-20T07:01:11.243757+00:00,MGnJEb4sXwM,think it's going to be led partly by Saudi Arabia and um and um with Russia,new,,,20260919_235645_YT001,20260919_235645_YT001
some,Some,named_entity,27,6,6,0,2026-09-20T07:01:11.243757+00:00,2026-09-20T07:01:11.243757+00:00,mq7GSzwaGBw,you'll see different types of licenses that explain how you can use it. Some,new,,,20260919_235645_YT001,20260919_235645_YT001
even,Even,named_entity,27,4,4,0,2026-09-20T07:01:11.243757+00:00,2026-09-20T07:01:11.243757+00:00,MGnJEb4sXwM,Chinese total because they consume so much energy. Even though it's 40% of the,new,,,20260919_235645_YT001,20260919_235645_YT001
flock,Flock,named_entity,27,2,2,0,2026-09-20T07:01:11.243757+00:00,2026-09-20T07:01:11.243757+00:00,v4d389XfJbA,>> Okay. >> about Flock and its cameras.,new,,,20260919_235645_YT001,20260919_235645_YT001
poland,Poland,named_entity,26,8,8,0,2026-09-20T07:01:11.243757+00:00,2026-09-20T07:01:11.243757+00:00,aQYwmh0gCQo,and they'll think we are insane. This is like we're we're Poland out there,new,,,20260919_235645_YT001,20260919_235645_YT001
yep,Yep,named_entity,26,7,7,0,2026-09-20T06:45:40.991711+00:00,2026-09-20T07:01:11.243757+00:00,RD8gcj5aP74,more energy than they draw out. >> Yep.,new,,,20260919_234459_YT001,20260919_235645_YT001
we ll,We'll,media_show,26,6,6,0,2026-09-20T07:01:11.243757+00:00,2026-09-20T07:01:11.243757+00:00,KKxQfBk1zBY,"money. I'll show you what what we need to do."" Okay, we'll stay here. We'll",new,,,20260919_235645_YT001,20260919_235645_YT001
who,WHO,named_entity,24,8,8,0,2026-09-20T07:01:11.243757+00:00,2026-09-20T07:01:11.243757+00:00,6Mg0q_IyWgY,"symptoms are."" So Tedros is all of Tedros at the WHO who was all over the",new,,,20260919_235645_YT001,20260919_235645_YT001
they ve,They've,named_entity,24,5,5,0,2026-09-20T06:45:40.991711+00:00,2026-09-20T07:01:11.243757+00:00,37qD1Jj3NOc,Ireland. They have a memorandum of understanding. They've come to an,new,,,20260919_234459_YT001,20260919_235645_YT001
west,West,named_entity,24,5,5,0,2026-09-20T07:01:11.243757+00:00,2026-09-20T07:01:11.243757+00:00,mq7GSzwaGBw,"300 people with collateral damage. >> In the West Bank, AI systems like",new,,,20260919_235645_YT001,20260919_235645_YT001
netherlands,Netherlands,named_entity,24,4,4,0,2026-09-20T07:01:11.243757+00:00,2026-09-20T07:01:11.243757+00:00,eyItREqSFvA,>> Oh oh I would like to respond to this because here in the Netherlands so many,new,,,20260919_235645_YT001,20260919_235645_YT001
gulf,Gulf,named_entity,24,3,3,0,2026-09-20T07:01:11.243757+00:00,2026-09-20T07:01:11.243757+00:00,9Td1lcX-Cno,"of Hormuz, right? It's a valve for Gulf oil, but",new,,,20260919_235645_YT001,20260919_235645_YT001
democrats,Democrats,named_entity,24,2,2,0,2026-09-20T07:01:11.243757+00:00,2026-09-20T07:01:11.243757+00:00,58byubq4VLQ,"what after the midterms, I mean that the Democrats are going to bring",new,,,20260919_235645_YT001,20260919_235645_YT001
wow,Wow,named_entity,23,5,5,0,2026-09-20T07:01:11.243757+00:00,2026-09-20T07:01:11.243757+00:00,87SJi_DDbt4,"Abs- Yeah. If you sit down and you write a handwritten letter, they care. Wow.",new,,,20260919_235645_YT001,20260919_235645_YT001
gdp,GDP,named_entity,22,3,3,0,2026-09-20T07:01:11.243757+00:00,2026-09-20T07:01:11.243757+00:00,r8zJxgGRapQ,crazy that real GDP goes to 4%.,new,,,20260919_235645_YT001,20260919_235645_YT001
what s,What's,named_entity,21,6,6,0,2026-09-20T07:01:11.243757+00:00,2026-09-20T07:01:11.243757+00:00,eRQbIpPkxVE,"first time I ever saw him cry. And he started to cry and I I said, ""What's the",new,,,20260919_235645_YT001,20260919_235645_YT001
covid,COVID,named_entity,21,5,5,0,2026-09-20T07:01:11.243757+00:00,2026-09-20T07:01:11.243757+00:00,MztMjj6LxXk,This is yet another It It's like like COVID 2.0 again.,new,,,20260919_235645_YT001,20260919_235645_YT001
fed,Fed,named_entity,21,3,3,0,2026-09-20T07:01:11.243757+00:00,2026-09-20T07:01:11.243757+00:00,MGnJEb4sXwM,are really rising. And in in a way that I don't think necessarily a new Fed,new,,,20260919_235645_YT001,20260919_235645_YT001
march,March,named_entity,21,3,3,0,2026-09-20T07:01:11.243757+00:00,2026-09-20T07:01:11.243757+00:00,INWRgXjwPXk,"They won on that bet. Uh on March 23rd, traders",new,,,20260919_235645_YT001,20260919_235645_YT001
utah,Utah,named_entity,21,2,2,0,2026-09-20T07:01:11.243757+00:00,2026-09-20T07:01:11.243757+00:00,ilzuEH2Enr4,history. And we're in [snorts] Utah which has,new,,,20260919_235645_YT001,20260919_235645_YT001
european,European,named_entity,19,3,3,0,2026-09-20T07:01:11.243757+00:00,2026-09-20T07:01:11.243757+00:00,MGnJEb4sXwM,buying um in the US dollar market now. And so we have even European even,new,,,20260919_235645_YT001,20260919_235645_YT001
most,Most,product,18,5,5,0,2026-09-20T07:01:11.243757+00:00,2026-09-20T07:01:11.243757+00:00,m50hk1fyOYs,book. Most 9/11,new,,,20260919_235645_YT001,20260919_235645_YT001
are,Are,named_entity,18,4,4,0,2026-09-20T07:01:11.243757+00:00,2026-09-20T07:01:11.243757+00:00,KKxQfBk1zBY,the gold. What are you going to do with the gold? Are you going to put it back,new,,,20260919_235645_YT001,20260919_235645_YT001
katherine,Katherine,organization,18,4,4,0,2026-09-20T07:01:11.243757+00:00,2026-09-20T07:01:11.243757+00:00,87SJi_DDbt4,"Um breaking news, we won. This is Katherine just explained.",new,,,20260919_235645_YT001,20260919_235645_YT001
earth,Earth,named_entity,18,2,2,0,2026-09-20T07:01:11.243757+00:00,2026-09-20T07:01:11.243757+00:00,KiRtjIh2kjc,"rather than an atom-based physics. We need a universal science, not an Earth",new,,,20260919_235645_YT001,20260919_235645_YT001
god,God,named_entity,18,2,2,0,2026-09-20T07:01:11.243757+00:00,2026-09-20T07:01:11.243757+00:00,sSrRCNjcm5I,"something. Oh, God forbid.",new,,,20260919_235645_YT001,20260919_235645_YT001
hormuz,Hormuz,named_entity,18,2,2,0,2026-09-20T07:01:11.243757+00:00,2026-09-20T07:01:11.243757+00:00,9Td1lcX-Cno,internet traffic. That means a Hormuz crisis does not just threaten,new,,,20260919_235645_YT001,20260919_235645_YT001
open,Open,named_entity,18,2,2,0,2026-09-20T07:01:11.243757+00:00,2026-09-20T07:01:11.243757+00:00,mq7GSzwaGBw,amazing time with Tiffany Ciance who works for you. He is the CEO of Open,new,,,20260919_235645_YT001,20260919_235645_YT001
representative,Representative,named_entity,18,1,1,0,2026-09-20T07:01:11.243757+00:00,2026-09-20T07:01:11.243757+00:00,vR-o6IGspmU,But he said Representative,new,,,20260919_235645_YT001,20260919_235645_YT001
utopia,Utopia,named_entity,18,1,1,0,2026-09-20T07:01:11.243757+00:00,2026-09-20T07:01:11.243757+00:00,vR-o6IGspmU,about is about someone who went away from his city called Utopia for I think,new,,,20260919_235645_YT001,20260919_235645_YT001
right right,Right. Right,event,17,9,9,0,2026-09-20T07:01:11.243757+00:00,2026-09-20T07:01:11.243757+00:00,87SJi_DDbt4,Congress responds when people get on the phone and start screaming. Right. Right.,new,,,20260919_235645_YT001,20260919_235645_YT001
cuz,Cuz,named_entity,17,6,6,0,2026-09-20T07:01:11.243757+00:00,2026-09-20T07:01:11.243757+00:00,4L0_mfIwTzY,"it comes to underwriting credits. Cuz if we get into a real patch, you",new,,,20260919_235645_YT001,20260919_235645_YT001
house,House,named_entity,17,5,5,0,2026-09-20T07:01:11.243757+00:00,2026-09-20T07:01:11.243757+00:00,MaTz-usR3uo,"that usually publishes on health care, but they wrote one called The House",new,,,20260919_235645_YT001,20260919_235645_YT001
google,Google,organization,17,4,4,0,2026-09-20T07:01:11.243757+00:00,2026-09-20T07:01:11.243757+00:00,-YPhdbbhvv4,stretch of time and then force a company like Google to turn over data on every,new,,,20260919_235645_YT001,20260919_235645_YT001
i m i m,I'm I'm,person_or_named_entity,16,6,6,0,2026-09-20T07:01:11.243757+00:00,2026-09-20T07:01:11.243757+00:00,6Mg0q_IyWgY,I'm I'm on their feeds about the Hunter,new,,,20260919_235645_YT001,20260919_235645_YT001
beijing,Beijing,named_entity,16,3,3,0,2026-09-20T07:01:11.243757+00:00,2026-09-20T07:01:11.243757+00:00,1q3O8KbUHfU,Beijing draws a line on digital dollars.,new,,,20260919_235645_YT001,20260919_235645_YT001
sou,Sou,product,16,1,1,0,2026-09-20T07:01:11.243757+00:00,2026-09-20T07:01:11.243757+00:00,vR-o6IGspmU,"Ladies and gentlemen, welcome to the Salary Report and welcome to Sou Falls,",new,,,20260919_235645_YT001,20260919_235645_YT001
where,Where,named_entity,15,5,5,0,2026-09-20T07:01:11.243757+00:00,2026-09-20T07:01:11.243757+00:00,LCbpnzlLKg8,"To instead of sort of talking about going off and you know, let Where we",new,,,20260919_235645_YT001,20260919_235645_YT001
which,Which,named_entity,15,5,5,0,2026-09-20T07:01:11.243757+00:00,2026-09-20T07:01:11.243757+00:00,FXNfNrtGHlo,>> Right. >> Which is what I call the it's fun to be,new,,,20260919_235645_YT001,20260919_235645_YT001
americans,Americans,product,15,4,4,0,2026-09-20T07:01:11.243757+00:00,2026-09-20T07:01:11.243757+00:00,j4rItIYZV_o,don't get the the benefits of club membership. And that's most Americans,new,,,20260919_235645_YT001,20260919_235645_YT001
catherine,Catherine,named_entity,15,4,4,0,2026-09-20T07:01:11.243757+00:00,2026-09-20T07:01:11.243757+00:00,ChdoKKB48CU,Um and we are still deeply enmeshed in the consequence of Catherine the Great's,new,,,20260919_235645_YT001,20260919_235645_YT001
states,States,named_entity,15,4,4,0,2026-09-20T07:01:11.243757+00:00,2026-09-20T07:01:11.243757+00:00,9Td1lcX-Cno,States because they send the data to,new,,,20260919_235645_YT001,20260919_235645_YT001
after,After,named_entity,15,3,3,0,2026-09-20T07:01:11.243757+00:00,2026-09-20T07:01:11.243757+00:00,C-nY_mj1XtE,to pay your co-pay. All of that. But what do you get? After you pay all of,new,,,20260919_235645_YT001,20260919_235645_YT001
correct,Correct,named_entity,15,3,3,0,2026-09-20T07:01:11.243757+00:00,2026-09-20T07:01:11.243757+00:00,mq7GSzwaGBw,to be entrepreneurs. >> Correct.,new,,,20260919_235645_YT001,20260919_235645_YT001
don t,Don't,government,15,3,3,0,2026-09-20T07:01:11.243757+00:00,2026-09-20T07:01:11.243757+00:00,tK4hyAbE3rw,"Farrell said, uh ""Don't worry about the government. You",new,,,20260919_235645_YT001,20260919_235645_YT001
bitcoin,Bitcoin,named_entity,15,2,2,0,2026-09-20T07:01:11.243757+00:00,2026-09-20T07:01:11.243757+00:00,eyItREqSFvA,something or East sorry East Europe and going into Bitcoin or gold. And then,new,,,20260919_235645_YT001,20260919_235645_YT001
christmas,Christmas,named_entity,15,2,2,0,2026-09-20T07:01:11.243757+00:00,2026-09-20T07:01:11.243757+00:00,mq7GSzwaGBw,">> So, the story goes that Guido invented Python over a Christmas holiday. [music]",new,,,20260919_235645_YT001,20260919_235645_YT001
silicon valley,Silicon Valley,person_or_named_entity,15,2,2,0,2026-09-20T07:01:11.243757+00:00,2026-09-20T07:01:11.243757+00:00,mq7GSzwaGBw,team cash is a PhD from MIT and used to be an engineer in Silicon Valley until,new,,,20260919_235645_YT001,20260919_235645_YT001
solari report,Solari Report,organization,15,2,2,0,2026-09-20T07:01:11.243757+00:00,2026-09-20T07:01:11.243757+00:00,FXNfNrtGHlo,"Ladies and gentlemen, welcome to the Solari Report with John Titus and",existing,solari,,20260919_235645_YT001,20260919_235645_YT001
brandon,Brandon,named_entity,15,1,1,0,2026-09-20T07:01:11.243757+00:00,2026-09-20T07:01:11.243757+00:00,vR-o6IGspmU,edge of town between Sou Falls and Brandon and we're going to annex it and,new,,,20260919_235645_YT001,20260919_235645_YT001
republicans,Republicans,named_entity,15,1,1,0,2026-09-20T07:01:11.243757+00:00,2026-09-20T07:01:11.243757+00:00,vR-o6IGspmU,shifted the fight from Democrats versus Republicans to what I call corpos versus,new,,,20260919_235645_YT001,20260919_235645_YT001
senate,Senate,government,15,1,1,0,2026-09-20T07:01:11.243757+00:00,2026-09-20T07:01:11.243757+00:00,vR-o6IGspmU,enforced. uh Thoon shouldn't be uh where he is in the Senate and Round shouldn't,new,,,20260919_235645_YT001,20260919_235645_YT001
poles,Poles,named_entity,14,4,4,0,2026-09-20T07:01:11.243757+00:00,2026-09-20T07:01:11.243757+00:00,m50hk1fyOYs,attack on the United States. It's kind of like Hitler saying that the Poles,new,,,20260919_235645_YT001,20260919_235645_YT001
tell,Tell,named_entity,14,3,3,0,2026-09-20T07:01:11.243757+00:00,2026-09-20T07:01:11.243757+00:00,ilzuEH2Enr4,"now when I was an investment advisor, everybody kept saying, ""Tell me how I",new,,,20260919_235645_YT001,20260919_235645_YT001
dakota,Dakota,named_entity,14,1,1,0,2026-09-20T07:01:11.243757+00:00,2026-09-20T07:01:11.243757+00:00,vR-o6IGspmU,Dakota as of 2025 is we have digital,new,,,20260919_235645_YT001,20260919_235645_YT001
mastercard,Mastercard,named_entity,14,1,1,0,2026-09-20T07:01:11.243757+00:00,2026-09-20T07:01:11.243757+00:00,vR-o6IGspmU,"community, where did it go? It went to Mastercard that's head headquartered in",new,,,20260919_235645_YT001,20260919_235645_YT001
saudi arabia,Saudi Arabia,person_or_named_entity,14,1,1,0,2026-09-20T07:01:11.243757+00:00,2026-09-20T07:01:11.243757+00:00,MGnJEb4sXwM,there is a major split between the UAE and Saudi Arabia and Pakistan and Gata,new,,,20260919_235645_YT001,20260919_235645_YT001
sec,SEC,government,14,1,1,0,2026-09-20T07:01:11.243757+00:00,2026-09-20T07:01:11.243757+00:00,tQjAGbYIw00,The SEC rule change means that anything,new,,,20260919_235645_YT001,20260919_235645_YT001
any,Any,government,12,4,4,0,2026-09-20T07:01:11.243757+00:00,2026-09-20T07:01:11.243757+00:00,MGnJEb4sXwM,your work. Thank you for joining us on the CIA report. Any last words?,new,,,20260919_235645_YT001,20260919_235645_YT001
it s it s,It's It's,person_or_named_entity,12,4,4,0,2026-09-20T07:01:11.243757+00:00,2026-09-20T07:01:11.243757+00:00,KiRtjIh2kjc,"contact with this greater physical reality. It's It's a physics,",new,,,20260919_235645_YT001,20260919_235645_YT001
let,Let,named_entity,12,4,4,0,2026-09-20T07:01:11.243757+00:00,2026-09-20T07:01:11.243757+00:00,mq7GSzwaGBw,"share, feeds the systems making those decisions. Let me explain. Modern",new,,,20260919_235645_YT001,20260919_235645_YT001
so so,So So,person_or_named_entity,12,4,4,0,2026-09-20T07:01:11.243757+00:00,2026-09-20T07:01:11.243757+00:00,eRQbIpPkxVE,"doctor's office, exactly. >> So I told you. So So Ed, I don't know if",new,,,20260919_235645_YT001,20260919_235645_YT001
british,British,government,12,3,3,0,2026-09-20T07:01:11.243757+00:00,2026-09-20T07:01:11.243757+00:00,ChdoKKB48CU,scenes at the highest level of British government shaping foreign,new,,,20260919_235645_YT001,20260919_235645_YT001
have,Have,named_entity,12,3,3,0,2026-09-20T07:01:11.243757+00:00,2026-09-20T07:01:11.243757+00:00,LCbpnzlLKg8,"going off and you know, let Where we going for the next holidays? Have",new,,,20260919_235645_YT001,20260919_235645_YT001
italy,Italy,named_entity,12,3,3,0,2026-09-20T07:01:11.243757+00:00,2026-09-20T07:01:11.243757+00:00,2FCT_uA2z5k,um uh in in Italy in that period I mean,new,,,20260919_235645_YT001,20260919_235645_YT001
think,Think,named_entity,12,3,3,0,2026-09-20T07:01:11.243757+00:00,2026-09-20T07:01:11.243757+00:00,C-nY_mj1XtE,ever will be. Think about what you get for your,new,,,20260919_235645_YT001,20260919_235645_YT001
uh huh,Uh-huh,named_entity,12,3,3,0,2026-09-20T07:01:11.243757+00:00,2026-09-20T07:01:11.243757+00:00,r8zJxgGRapQ,then nominal GDP is 5%. >> Uh-huh.,new,,,20260919_235645_YT001,20260919_235645_YT001
wait,Wait,named_entity,12,3,3,0,2026-09-20T07:01:11.243757+00:00,2026-09-20T07:01:11.243757+00:00,mq7GSzwaGBw,">> you know, exactly. It would be creepy if you're like, ""Wait a minute. I want and",new,,,20260919_235645_YT001,20260919_235645_YT001
whether,Whether,named_entity,12,3,3,0,2026-09-20T07:01:11.243757+00:00,2026-09-20T07:01:11.243757+00:00,MGnJEb4sXwM,"Okay, we want some dollars. A lot of you got to give us a lot of dollars. Whether",new,,,20260919_235645_YT001,20260919_235645_YT001
yeah and,Yeah. And,person_or_named_entity,12,3,3,0,2026-09-20T07:01:11.243757+00:00,2026-09-20T07:01:11.243757+00:00,H0v8c7WingM,>> Yes. >> Yeah. And I have to say this is coming,new,,,20260919_235645_YT001,20260919_235645_YT001
bis,BIS,named_entity,12,2,2,0,2026-09-20T07:01:11.243757+00:00,2026-09-20T07:01:11.243757+00:00,MaTz-usR3uo,but they are both implementing the control grids that the BIS envisions.,new,,,20260919_235645_YT001,20260919_235645_YT001
democrat,Democrat,named_entity,12,2,2,0,2026-09-20T07:01:11.243757+00:00,2026-09-20T07:01:11.243757+00:00,qy_N0XOlApA,"is the issue it you know, maybe there's a Democrat that feels strongly about",new,,,20260919_235645_YT001,20260919_235645_YT001
great,Great,named_entity,12,2,2,0,2026-09-20T07:01:11.243757+00:00,2026-09-20T07:01:11.243757+00:00,mq7GSzwaGBw,"over the world. >> Great idea, Travis.",new,,,20260919_235645_YT001,20260919_235645_YT001
iran s,Iran's,named_entity,12,2,2,0,2026-09-20T07:01:11.243757+00:00,2026-09-20T07:01:11.243757+00:00,FXNfNrtGHlo,who are this is just turn this war in Iran's turned into a turkey shoot.,new,,,20260919_235645_YT001,20260919_235645_YT001
okay so,Okay. So,person_or_named_entity,12,2,2,0,2026-09-20T07:01:11.243757+00:00,2026-09-20T07:01:11.243757+00:00,mq7GSzwaGBw,"the local level, and at the individual level. Data sovereignty. Okay. So let's",new,,,20260919_235645_YT001,20260919_235645_YT001
quite,Quite,product,12,2,2,0,2026-09-20T07:01:11.243757+00:00,2026-09-20T07:01:11.243757+00:00,KKxQfBk1zBY,"model to compete with that."" Quite immediately, the goldsmith would",new,,,20260919_235645_YT001,20260919_235645_YT001
republican,Republican,named_entity,12,2,2,0,2026-09-20T07:01:11.243757+00:00,2026-09-20T07:01:11.243757+00:00,MGnJEb4sXwM,the the his primary opponent on the Republican side has now gotten $9,new,,,20260919_235645_YT001,20260919_235645_YT001
she s,She's,named_entity,12,2,2,0,2026-09-20T07:01:11.243757+00:00,2026-09-20T07:01:11.243757+00:00,SOADMgNpZr0,"communication process of oh, well, I heard about this doctor. She's got a a",new,,,20260919_235645_YT001,20260919_235645_YT001
anaconda,Anaconda,organization,12,1,1,0,2026-09-20T07:01:11.243757+00:00,2026-09-20T07:01:11.243757+00:00,mq7GSzwaGBw,quickly. I I first went to Texas and founded a company called Anaconda after,new,,,20260919_235645_YT001,20260919_235645_YT001
buffalo,Buffalo,named_entity,12,1,1,0,2026-09-20T07:01:11.243757+00:00,2026-09-20T07:01:11.243757+00:00,vR-o6IGspmU,buffalo. So South Dakota owns the buffalo market. If we make Buffalo legal,new,,,20260919_235645_YT001,20260919_235645_YT001
ceo,CEO,named_entity,12,1,1,0,2026-09-20T07:01:11.243757+00:00,2026-09-20T07:01:11.243757+00:00,mq7GSzwaGBw,amazing time with Tiffany Ciance who works for you. He is the CEO of Open,new,,,20260919_235645_YT001,20260919_235645_YT001
florida,Florida,named_entity,12,1,1,0,2026-09-20T07:01:11.243757+00:00,2026-09-20T07:01:11.243757+00:00,WET6BjpHGkc,"This was introduced this year in the Florida legislature, and it passed",new,,,20260919_235645_YT001,20260919_235645_YT001
halloween,Halloween,named_entity,12,1,1,0,2026-09-20T07:01:11.243757+00:00,2026-09-20T07:01:11.243757+00:00,vR-o6IGspmU,"things I've done has actually been Halloween cash at Halloween. So, I have",new,,,20260919_235645_YT001,20260919_235645_YT001
johnny cash,Johnny Cash,person_or_named_entity,12,1,1,0,2026-09-20T07:01:11.243757+00:00,2026-09-20T07:01:11.243757+00:00,vR-o6IGspmU,actually got a nickname this year and his nickname is Johnny Cash and everyone,new,,,20260919_235645_YT001,20260919_235645_YT001
mount rushmore,Mount Rushmore,person_or_named_entity,12,1,1,0,2026-09-20T07:01:11.243757+00:00,2026-09-20T07:01:11.243757+00:00,vR-o6IGspmU,national park. >> We know somebody at Mount Rushmore who,new,,,20260919_235645_YT001,20260919_235645_YT001
netanyahu,Netanyahu,named_entity,12,1,1,0,2026-09-20T07:01:11.243757+00:00,2026-09-20T07:01:11.243757+00:00,MGnJEb4sXwM,It's not possible. So this is how we have to do it. And Netanyahu broke this,new,,,20260919_235645_YT001,20260919_235645_YT001
ring,Ring,named_entity,12,1,1,0,2026-09-20T07:01:11.243757+00:00,2026-09-20T07:01:11.243757+00:00,vR-o6IGspmU,"So, I raised a lot of awareness with those issues. And then the Ring",new,,,20260919_235645_YT001,20260919_235645_YT001
rogue foods,Rogue Foods,person_or_named_entity,12,1,1,0,2026-09-20T07:01:11.243757+00:00,2026-09-20T07:01:11.243757+00:00,vR-o6IGspmU,happened was Katherine sent was sent me to Rogue Foods and I'm blessed for that,new,,,20260919_235645_YT001,20260919_235645_YT001
texas,Texas,named_entity,12,1,1,0,2026-09-20T07:01:11.243757+00:00,2026-09-20T07:01:11.243757+00:00,mq7GSzwaGBw,here grew up in Utah but I've been in Texas for 20 years,new,,,20260919_235645_YT001,20260919_235645_YT001
canada,Canada,named_entity,11,4,4,0,2026-09-20T07:01:11.243757+00:00,2026-09-20T07:01:11.243757+00:00,H0v8c7WingM,America right now and I well I'm in Canada right now but I spent the last 6,new,,,20260919_235645_YT001,20260919_235645_YT001
ladies,Ladies,named_entity,11,4,4,0,2026-09-20T07:01:11.243757+00:00,2026-09-20T07:01:11.243757+00:00,FXNfNrtGHlo,"Ladies and gentlemen, welcome to the",new,,,20260919_235645_YT001,20260919_235645_YT001
somebody,Somebody,named_entity,11,4,4,0,2026-09-20T07:01:11.243757+00:00,2026-09-20T07:01:11.243757+00:00,DrGmCAQxBig,like for the first time I was heard. Somebody listened to me.,new,,,20260919_235645_YT001,20260919_235645_YT001
they ll,They'll,named_entity,11,4,4,0,2026-09-20T06:45:40.991711+00:00,2026-09-20T07:01:11.243757+00:00,p0jPh9KrCgc,or not. That's not a bad way to That's a bad way to say it. They'll,new,,,20260919_234459_YT001,20260919_235645_YT001
france,France,named_entity,11,3,3,0,2026-09-20T07:01:11.243757+00:00,2026-09-20T07:01:11.243757+00:00,ChdoKKB48CU,they did that to in France and fair in a different,new,,,20260919_235645_YT001,20260919_235645_YT001
please,Please,named_entity,11,2,2,0,2026-09-20T07:01:11.243757+00:00,2026-09-20T07:01:11.243757+00:00,KKxQfBk1zBY,"desperate. I need I need this money. Please give it to me now. Um okay, well,",new,,,20260919_235645_YT001,20260919_235645_YT001
scotland,Scotland,named_entity,11,2,2,0,2026-09-20T06:45:40.991711+00:00,2026-09-20T07:01:11.243757+00:00,37qD1Jj3NOc,Scotland and then Wales and Northern,new,,,20260919_234459_YT001,20260919_235645_YT001
america s,America's,named_entity,11,1,1,0,2026-09-20T07:01:11.243757+00:00,2026-09-20T07:01:11.243757+00:00,RRPA9FVZ2Ds,"all of America's nuclear forces, all of them",new,,,20260919_235645_YT001,20260919_235645_YT001
frank,Frank,named_entity,11,1,1,0,2026-09-20T07:01:11.243757+00:00,2026-09-20T07:01:11.243757+00:00,vR-o6IGspmU,">> 15 years. Ah, great to see you, Frank.",new,,,20260919_235645_YT001,20260919_235645_YT001
july,July,named_entity,11,1,1,0,2026-09-20T07:01:11.243757+00:00,2026-09-20T07:01:11.243757+00:00,vR-o6IGspmU,school year again. The law went to into effect July 1st and we started up our,new,,,20260919_235645_YT001,20260919_235645_YT001
margaret,Margaret,named_entity,11,1,1,0,2026-09-20T07:01:11.243757+00:00,2026-09-20T07:01:11.243757+00:00,vR-o6IGspmU,676. >> I can't wait to see Margaret.,new,,,20260919_235645_YT001,20260919_235645_YT001
paul o neill,Paul O'Neill,person_or_named_entity,11,1,1,0,2026-09-20T07:01:11.243757+00:00,2026-09-20T07:01:11.243757+00:00,OnEOcaUnBg0,Paul O'Neill had had been head of OMB,new,,,20260919_235645_YT001,20260919_235645_YT001
right so,Right. So,person_or_named_entity,10,4,4,0,2026-09-20T07:01:11.243757+00:00,2026-09-20T07:01:11.243757+00:00,-YPhdbbhvv4,">> Right. So it you know, it's back to this",new,,,20260919_235645_YT001,20260919_235645_YT001
did,Did,named_entity,10,3,3,0,2026-09-20T07:01:11.243757+00:00,2026-09-20T07:01:11.243757+00:00,KKxQfBk1zBY,"reserves, the gold pile at the goldsmith. Did it increase? No.",new,,,20260919_235645_YT001,20260919_235645_YT001
first,First,named_entity,10,3,3,0,2026-09-20T07:01:11.243757+00:00,2026-09-20T07:01:11.243757+00:00,KKxQfBk1zBY,"First the goldsmiths realized, well, we",new,,,20260919_235645_YT001,20260919_235645_YT001
get,Get,product,10,2,2,0,2026-09-20T07:01:11.243757+00:00,2026-09-20T07:01:11.243757+00:00,MGnJEb4sXwM,for joining us on the Celer Report. Catharsis ahead. Get ready. Get ready.,new,,,20260919_235645_YT001,20260919_235645_YT001
middle,Middle,organization,10,2,2,0,2026-09-20T07:01:11.243757+00:00,2026-09-20T07:01:11.243757+00:00,m50hk1fyOYs,the necessity for America to project American military power into the Middle,new,,,20260919_235645_YT001,20260919_235645_YT001
cash every day,cash every day,person_or_named_entity,10,1,1,0,2026-09-20T07:01:11.243757+00:00,2026-09-20T07:01:11.243757+00:00,vR-o6IGspmU,"it a few times, but they're not they're not paying with cash every day for gas",new,,,20260919_235645_YT001,20260919_235645_YT001
saudi,Saudi,named_entity,10,1,1,0,2026-09-20T07:01:11.243757+00:00,2026-09-20T07:01:11.243757+00:00,MGnJEb4sXwM,prepared to cooperate with Israel and the United States in an attack. Saudi,new,,,20260919_235645_YT001,20260919_235645_YT001
welcome,Welcome,named_entity,10,1,1,0,2026-09-20T07:01:11.243757+00:00,2026-09-20T07:01:11.243757+00:00,vR-o6IGspmU,Welcome to Utopia. Citizen departures,new,,,20260919_235645_YT001,20260919_235645_YT001
also,Also,named_entity,9,3,3,0,2026-09-20T07:01:11.243757+00:00,2026-09-20T07:01:11.243757+00:00,KiRtjIh2kjc,"used to. And that is a challenge, isn't it? Also to the psychology, as you",new,,,20260919_235645_YT001,20260919_235645_YT001
amazon,Amazon,named_entity,9,3,3,0,2026-09-20T07:01:11.243757+00:00,2026-09-20T07:01:11.243757+00:00,MGnJEb4sXwM,have reliance and paying huge rents to Microsoft and Amazon because we'll be,new,,,20260919_235645_YT001,20260919_235645_YT001
certainly,Certainly,named_entity,9,3,3,0,2026-09-20T06:45:40.991711+00:00,2026-09-20T07:01:11.243757+00:00,p0jPh9KrCgc,of central control can happen. There's no Certainly can't hurt to put up,new,,,20260919_234459_YT001,20260919_235645_YT001
does,Does,named_entity,9,3,3,0,2026-09-20T07:01:11.243757+00:00,2026-09-20T07:01:11.243757+00:00,mq7GSzwaGBw,"target, who is responsible for the outcome? Does delegating moral",new,,,20260919_235645_YT001,20260919_235645_YT001
germany,Germany,named_entity,9,3,3,0,2026-09-20T07:01:11.243757+00:00,2026-09-20T07:01:11.243757+00:00,ChdoKKB48CU,waged primarily to raise the collateral to fund rearmament confronting Germany,new,,,20260919_235645_YT001,20260919_235645_YT001
more,More,named_entity,9,3,3,0,2026-09-20T07:01:11.243757+00:00,2026-09-20T07:01:11.243757+00:00,mq7GSzwaGBw,"previous two decades of US operations there combined. More recently, during",new,,,20260919_235645_YT001,20260919_235645_YT001
treasury,Treasury,product,9,3,3,0,2026-09-20T07:01:11.243757+00:00,2026-09-20T07:01:11.243757+00:00,MztMjj6LxXk,">> Yes, absolutely. Because if you if you look at the system of Treasury that's",new,,,20260919_235645_YT001,20260919_235645_YT001
would,Would,named_entity,9,3,3,0,2026-09-20T07:01:11.243757+00:00,2026-09-20T07:01:11.243757+00:00,MGnJEb4sXwM,necessarily going in the right way. Would you agree with that?,new,,,20260919_235645_YT001,20260919_235645_YT001
abc,ABC,named_entity,9,2,2,0,2026-09-20T07:01:11.243757+00:00,2026-09-20T07:01:11.243757+00:00,mq7GSzwaGBw,>> The point escaped me. I didn't know why he thought this was better than ABC and,new,,,20260919_235645_YT001,20260919_235645_YT001
argentina,Argentina,organization,9,2,2,0,2026-09-20T07:01:11.243757+00:00,2026-09-20T07:01:11.243757+00:00,mq7GSzwaGBw,are saying the company of one I think there's a in Argentina in fact they're,new,,,20260919_235645_YT001,20260919_235645_YT001
atm,ATM,named_entity,9,2,2,0,2026-09-20T07:01:11.243757+00:00,2026-09-20T07:01:11.243757+00:00,SAT9VaizQiY,of a pain in the butt to use cash because you have to go to the ATM and,new,,,20260919_235645_YT001,20260919_235645_YT001
austria,Austria,named_entity,9,2,2,0,2026-09-20T07:01:11.243757+00:00,2026-09-20T07:01:11.243757+00:00,mq7GSzwaGBw,>> Oh yeah. >> And it's it's about a a town in Austria,new,,,20260919_235645_YT001,20260919_235645_YT001
blackrock,BlackRock,named_entity,9,2,2,0,2026-09-20T06:45:40.991711+00:00,2026-09-20T07:01:11.243757+00:00,p0jPh9KrCgc,"You know, but if you look at who owns their stock, it's BlackRock and Wall",new,,,20260919_234459_YT001,20260919_235645_YT001
california,California,named_entity,9,2,2,0,2026-09-20T07:01:11.243757+00:00,2026-09-20T07:01:11.243757+00:00,9Td1lcX-Cno,"the 2000s with that attack on a California electrical substation, when",new,,,20260919_235645_YT001,20260919_235645_YT001
could,Could,named_entity,9,2,2,0,2026-09-20T07:01:11.243757+00:00,2026-09-20T07:01:11.243757+00:00,JXo9mjpc2Wg,"to somebody else, get a second opinion? I really need to research this. Could I",new,,,20260919_235645_YT001,20260919_235645_YT001
federal reserve,Federal Reserve,person_or_named_entity,9,2,2,0,2026-09-20T07:01:11.243757+00:00,2026-09-20T07:01:11.243757+00:00,Qvf4YA24LXM,transition to a uh cashless society. The Federal Reserve,new,,,20260919_235645_YT001,20260919_235645_YT001
kor,KOR,government,9,2,2,0,2026-09-20T07:01:11.243757+00:00,2026-09-20T07:01:11.243757+00:00,RRdQPuFQCik,"any direct political confrontation of the government. But, once KOR came along",new,,,20260919_235645_YT001,20260919_235645_YT001
many,Many,named_entity,9,2,2,0,2026-09-20T07:01:11.243757+00:00,2026-09-20T07:01:11.243757+00:00,mq7GSzwaGBw,easy buttons and we've been working on that. Many people have been working on,new,,,20260919_235645_YT001,20260919_235645_YT001
microsoft,Microsoft,named_entity,9,2,2,0,2026-09-20T07:01:11.243757+00:00,2026-09-20T07:01:11.243757+00:00,MGnJEb4sXwM,have reliance and paying huge rents to Microsoft and Amazon because we'll be,new,,,20260919_235645_YT001,20260919_235645_YT001
number,Number,named_entity,9,2,2,0,2026-09-20T07:01:11.243757+00:00,2026-09-20T07:01:11.243757+00:00,RRdQPuFQCik,"several things. Number one,",new,,,20260919_235645_YT001,20260919_235645_YT001
phd,PhD,named_entity,9,2,2,0,2026-09-20T07:01:11.243757+00:00,2026-09-20T07:01:11.243757+00:00,mq7GSzwaGBw,>> a very bright academic who was 30 years old all the way through my PhD,new,,,20260919_235645_YT001,20260919_235645_YT001
qatar,Qatar,named_entity,9,2,2,0,2026-09-20T07:01:11.243757+00:00,2026-09-20T07:01:11.243757+00:00,MGnJEb4sXwM,">> Yes, Saudi. Yeah, >> Saudi and Qatar is moving that way too",new,,,20260919_235645_YT001,20260919_235645_YT001
rothschilds,Rothschilds,named_entity,9,2,2,0,2026-09-20T07:01:11.243757+00:00,2026-09-20T07:01:11.243757+00:00,ChdoKKB48CU,"was certainly the case in 1815, the Rothschilds crashed the stock market",new,,,20260919_235645_YT001,20260919_235645_YT001
these,These,named_entity,9,2,2,0,2026-09-20T07:01:11.243757+00:00,2026-09-20T07:01:11.243757+00:00,mq7GSzwaGBw,"Daddy. Yes, these are the names the Israeli military gave them. These",new,,,20260919_235645_YT001,20260919_235645_YT001
wi fi,Wi-Fi,named_entity,9,2,2,0,2026-09-20T07:01:11.243757+00:00,2026-09-20T07:01:11.243757+00:00,mq7GSzwaGBw,>> and everything's tracking you and >> your Wi-Fi,new,,,20260919_235645_YT001,20260919_235645_YT001
yeah so,Yeah. So,person_or_named_entity,9,2,2,0,2026-09-20T07:01:11.243757+00:00,2026-09-20T07:01:11.243757+00:00,mq7GSzwaGBw,"people's assets but take them. >> Yeah. So yeah, and that we we can't",new,,,20260919_235645_YT001,20260919_235645_YT001
yeah we,Yeah. We,person_or_named_entity,9,2,2,0,2026-09-20T07:01:11.243757+00:00,2026-09-20T07:01:11.243757+00:00,-YPhdbbhvv4,get your money. >> Got your got your money. Yeah. We,new,,,20260919_235645_YT001,20260919_235645_YT001
christmas and,Christmas. And,person_or_named_entity,9,1,1,0,2026-09-20T07:01:11.243757+00:00,2026-09-20T07:01:11.243757+00:00,vR-o6IGspmU,hardware store for $19.99 at Christmas. And I saved the ad. It's a,new,,,20260919_235645_YT001,20260919_235645_YT001
dtm,DTM,named_entity,9,1,1,0,2026-09-20T07:01:11.243757+00:00,2026-09-20T07:01:11.243757+00:00,v4d389XfJbA,"but rather 34 03 DTM. So, you see the difference is in",new,,,20260919_235645_YT001,20260919_235645_YT001
easter,Easter,named_entity,9,1,1,0,2026-09-20T07:01:11.243757+00:00,2026-09-20T07:01:11.243757+00:00,vR-o6IGspmU,just didn't happen to know ended up coming to my Easter party and learned,new,,,20260919_235645_YT001,20260919_235645_YT001
florida house bill,Florida House Bill,person_or_named_entity,9,1,1,0,2026-09-20T07:01:11.243757+00:00,2026-09-20T07:01:11.243757+00:00,WET6BjpHGkc,"data, but much much worse than that, I made a video about Florida House Bill",new,,,20260919_235645_YT001,20260919_235645_YT001
glint,Glint,product,9,1,1,0,2026-09-20T07:01:11.243757+00:00,2026-09-20T07:01:11.243757+00:00,vR-o6IGspmU,"a partnership with Glint, which is a payment processing system, and Glint",new,,,20260919_235645_YT001,20260919_235645_YT001
israelis,Israelis,named_entity,9,1,1,0,2026-09-20T07:01:11.243757+00:00,2026-09-20T07:01:11.243757+00:00,MGnJEb4sXwM,"majority of it, however you define it, but most Israelis now support that. It",new,,,20260919_235645_YT001,20260919_235645_YT001
juan,Juan,named_entity,9,1,1,0,2026-09-20T07:01:11.243757+00:00,2026-09-20T07:01:11.243757+00:00,MGnJEb4sXwM,with the protocols to prove that their cargos were paid for in Juan um and not,new,,,20260919_235645_YT001,20260919_235645_YT001
kalshi,Kalshi,named_entity,9,1,1,0,2026-09-20T07:01:11.243757+00:00,2026-09-20T07:01:11.243757+00:00,INWRgXjwPXk,Look at this. Kalshi and Polymarket uh,new,,,20260919_235645_YT001,20260919_235645_YT001
monday,Monday,named_entity,9,1,1,0,2026-09-20T07:01:11.243757+00:00,2026-09-20T07:01:11.243757+00:00,vR-o6IGspmU,so we had the whole weekend and they were going to reconsider on Monday when,new,,,20260919_235645_YT001,20260919_235645_YT001
mount,Mount,named_entity,9,1,1,0,2026-09-20T07:01:11.243757+00:00,2026-09-20T07:01:11.243757+00:00,vR-o6IGspmU,ice cream at Mount Rushmore if you go. Second thing is if you go to Mount,new,,,20260919_235645_YT001,20260919_235645_YT001
pakistan,Pakistan,named_entity,9,1,1,0,2026-09-20T07:01:11.243757+00:00,2026-09-20T07:01:11.243757+00:00,MGnJEb4sXwM,um to China. So have others some other vessels from Pakistan and from India and,new,,,20260919_235645_YT001,20260919_235645_YT001
temu,Temu,named_entity,9,1,1,0,2026-09-20T07:01:11.243757+00:00,2026-09-20T07:01:11.243757+00:00,v02RjgeEg7Y,">> I mean phenomenally. And so, I went to Temu and I thought,",new,,,20260919_235645_YT001,20260919_235645_YT001
tucker,Tucker,named_entity,9,1,1,0,2026-09-20T07:01:11.243757+00:00,2026-09-20T07:01:11.243757+00:00,MGnJEb4sXwM,"discussions this year was at the end of your interview with Tucker Carlson,",new,,,20260919_235645_YT001,20260919_235645_YT001
wyoming,Wyoming,named_entity,9,1,1,0,2026-09-20T07:01:11.243757+00:00,2026-09-20T07:01:11.243757+00:00,vR-o6IGspmU,someone at Rogue Foods who spoke from Wyoming and we got in a conversation,new,,,20260919_235645_YT001,20260919_235645_YT001
instead,Instead,named_entity,8,3,3,0,2026-09-20T07:01:11.243757+00:00,2026-09-20T07:01:11.243757+00:00,mq7GSzwaGBw,helps democratize this powerful technology. Instead of a few big,new,,,20260919_235645_YT001,20260919_235645_YT001
nothing,Nothing,named_entity,8,3,3,0,2026-09-20T07:01:11.243757+00:00,2026-09-20T07:01:11.243757+00:00,C-nY_mj1XtE,They put you on them with no plan. No plan to get you off of them. Nothing.,new,,,20260919_235645_YT001,20260919_235645_YT001
september,September,named_entity,8,3,3,0,2026-09-20T06:45:40.991711+00:00,2026-09-20T07:01:11.243757+00:00,ZW6Lf7iQV3Q,"on a range of goods effective late September. So, we haven't seen these",new,,,20260919_234459_YT001,20260919_235645_YT001
tennessee,Tennessee,named_entity,8,3,3,0,2026-09-20T06:45:40.991711+00:00,2026-09-20T07:01:11.243757+00:00,p0jPh9KrCgc,was people from small and regional banks in Tennessee.,new,,,20260919_234459_YT001,20260919_235645_YT001
everything,Everything,named_entity,8,2,2,0,2026-09-20T07:01:11.243757+00:00,2026-09-20T07:01:11.243757+00:00,ChdoKKB48CU,Everything was being challenged.,new,,,20260919_235645_YT001,20260919_235645_YT001
maybe,Maybe,named_entity,8,2,2,0,2026-09-20T07:01:11.243757+00:00,2026-09-20T07:01:11.243757+00:00,mq7GSzwaGBw,">> So it's a much longer conversation. Maybe we do this in part two, but",new,,,20260919_235645_YT001,20260919_235645_YT001
san,San,named_entity,8,2,2,0,2026-09-20T07:01:11.243757+00:00,2026-09-20T07:01:11.243757+00:00,9Td1lcX-Cno,"cable cutting episode in California, in San Francisco,",new,,,20260919_235645_YT001,20260919_235645_YT001
white house,White House,person_or_named_entity,8,2,2,0,2026-09-20T07:01:11.243757+00:00,2026-09-20T07:01:11.243757+00:00,MGnJEb4sXwM,coverage of the war coming out of the White House is really designed to,new,,,20260919_235645_YT001,20260919_235645_YT001
rothschild,Rothschild,named_entity,8,1,1,0,2026-09-20T07:01:11.243757+00:00,2026-09-20T07:01:11.243757+00:00,mD_aE7ZCMoo,">> PayPal Mafia, here we go. The architecture of power and the Rothschild",new,,,20260919_235645_YT001,20260919_235645_YT001
venezuela,Venezuela,organization,8,1,1,0,2026-09-20T07:01:11.243757+00:00,2026-09-20T07:01:11.243757+00:00,YItOkNjS4OY,amazing cuz Chevron was the one oil company still in Venezuela.,new,,,20260919_235645_YT001,20260919_235645_YT001
wales,Wales,named_entity,8,1,1,0,2026-09-20T06:45:40.991711+00:00,2026-09-20T06:45:40.991711+00:00,37qD1Jj3NOc,Scotland and then Wales and Northern,new,,,20260919_234459_YT001,20260919_234459_YT001
east,East,named_entity,7,3,3,0,2026-09-20T07:01:11.243757+00:00,2026-09-20T07:01:11.243757+00:00,eyItREqSFvA,investing them in East Germany or something or East sorry East Europe and,new,,,20260919_235645_YT001,20260919_235645_YT001
so i m,So I'm,person_or_named_entity,7,3,3,0,2026-09-20T07:01:11.243757+00:00,2026-09-20T07:01:11.243757+00:00,ilzuEH2Enr4,businesses. So I'm excited to help people not just,new,,,20260919_235645_YT001,20260919_235645_YT001
take,Take,named_entity,7,3,3,0,2026-09-20T07:01:11.243757+00:00,2026-09-20T07:01:11.243757+00:00,MGnJEb4sXwM,but he said look I have all these [clears throat] factories Take one for,new,,,20260919_235645_YT001,20260919_235645_YT001
wall,Wall,named_entity,7,3,3,0,2026-09-20T06:45:40.991711+00:00,2026-09-20T07:01:11.243757+00:00,p0jPh9KrCgc,"You know, but if you look at who owns their stock, it's BlackRock and Wall",new,,,20260919_234459_YT001,20260919_235645_YT001
western,Western,named_entity,7,3,3,0,2026-09-20T07:01:11.243757+00:00,2026-09-20T07:01:11.243757+00:00,eoeftpuyQXw,"uh several millennia long uh through, if you look at the lens of Western uh",new,,,20260919_235645_YT001,20260919_235645_YT001
crazy horse,Crazy Horse,government,7,1,1,0,2026-09-20T07:01:11.243757+00:00,2026-09-20T07:01:11.243757+00:00,vR-o6IGspmU,story because the government tried to make Crazy Horse a national monument.,new,,,20260919_235645_YT001,20260919_235645_YT001
jack,Jack,named_entity,7,1,1,0,2026-09-20T07:01:11.243757+00:00,2026-09-20T07:01:11.243757+00:00,vR-o6IGspmU,">> 15 years. Ah, great to see you, Frank. >> Welcome home, Jack.",new,,,20260919_235645_YT001,20260919_235645_YT001
mr global,Mr. Global,person_or_named_entity,7,1,1,0,2026-09-20T07:01:11.243757+00:00,2026-09-20T07:01:11.243757+00:00,vR-o6IGspmU,talking to each other and being effective. And that's how Mr. Global is,new,,,20260919_235645_YT001,20260919_235645_YT001
panama canal,Panama Canal,person_or_named_entity,7,1,1,0,2026-09-20T07:01:11.243757+00:00,2026-09-20T07:01:11.243757+00:00,MGnJEb4sXwM,that you may recall that uh the Panama Canal has two ports on it which formerly,new,,,20260919_235645_YT001,20260919_235645_YT001
pirate,Pirate,organization,7,1,1,0,2026-09-20T07:01:11.243757+00:00,2026-09-20T07:01:11.243757+00:00,vR-o6IGspmU,called Pirate Pirate Money and I believe has has some kind of company uh Pirate,new,,,20260919_235645_YT001,20260919_235645_YT001
utopia citizen,Utopia. Citizen,person_or_named_entity,7,1,1,0,2026-09-20T07:01:11.243757+00:00,2026-09-20T07:01:11.243757+00:00,vR-o6IGspmU,Welcome to Utopia. Citizen departures,new,,,20260919_235645_YT001,20260919_235645_YT001
america you,America. You,person_or_named_entity,6,2,2,0,2026-09-20T07:01:11.243757+00:00,2026-09-20T07:01:11.243757+00:00,MGnJEb4sXwM,anyway. I mean I'm talking about Europe as well as America. You just don't,new,,,20260919_235645_YT001,20260919_235645_YT001
another,Another,named_entity,6,2,2,0,2026-09-20T07:01:11.243757+00:00,2026-09-20T07:01:11.243757+00:00,FXNfNrtGHlo,">> Well, that's one way to look at it. Another way to look at it is the people",new,,,20260919_235645_YT001,20260919_235645_YT001
asia,Asia,named_entity,6,2,2,0,2026-09-20T07:01:11.243757+00:00,2026-09-20T07:01:11.243757+00:00,MGnJEb4sXwM,global exports have been surging >> yes to the to Asia to the European Union,new,,,20260919_235645_YT001,20260919_235645_YT001
canadian,Canadian,named_entity,6,2,2,0,2026-09-20T07:01:11.243757+00:00,2026-09-20T07:01:11.243757+00:00,mq7GSzwaGBw,institutions have to obey and they intercede. So the Canadian truckers they,new,,,20260919_235645_YT001,20260919_235645_YT001
capex,CAPEX,named_entity,6,2,2,0,2026-09-20T07:01:11.243757+00:00,2026-09-20T07:01:11.243757+00:00,vVa6h4WYlOw,">> because you I mean, the cost, the capital cost, the CAPEX is",new,,,20260919_235645_YT001,20260919_235645_YT001
constitution,Constitution,named_entity,6,2,2,0,2026-09-20T07:01:11.243757+00:00,2026-09-20T07:01:11.243757+00:00,es1SX2TSqz8,">> Yeah. Right, because you know, well well if you got to suspend the Constitution",new,,,20260919_235645_YT001,20260919_235645_YT001
control,Control,named_entity,6,2,2,0,2026-09-20T07:01:11.243757+00:00,2026-09-20T07:01:11.243757+00:00,MGnJEb4sXwM,us? We want that so that we can control things much better. Control the money,new,,,20260919_235645_YT001,20260919_235645_YT001
data,Data,named_entity,6,2,2,0,2026-09-20T07:01:11.243757+00:00,2026-09-20T07:01:11.243757+00:00,mq7GSzwaGBw,"the local level, and at the individual level. Data sovereignty. Okay. So let's",new,,,20260919_235645_YT001,20260919_235645_YT001
december,December,named_entity,6,2,2,0,2026-09-20T07:01:11.243757+00:00,2026-09-20T07:01:11.243757+00:00,es1SX2TSqz8,to 26 will be automatically registered starting December 19th of this year. The,new,,,20260919_235645_YT001,20260919_235645_YT001
dtc,DTC,named_entity,6,2,2,0,2026-09-20T07:01:11.243757+00:00,2026-09-20T07:01:11.243757+00:00,mq7GSzwaGBw,coins are coming out on a distributed ledger. And now DTC is setting up,new,,,20260919_235645_YT001,20260919_235645_YT001
dubai,Dubai,named_entity,6,2,2,0,2026-09-20T07:01:11.243757+00:00,2026-09-20T07:01:11.243757+00:00,MGnJEb4sXwM,vessels in no uncertain terms to move away and move back to Dubai port and,new,,,20260919_235645_YT001,20260919_235645_YT001
each other,each other,person_or_named_entity,6,2,2,0,2026-09-20T07:01:11.243757+00:00,2026-09-20T07:01:11.243757+00:00,MGnJEb4sXwM,"nations are sort of trying to trying to to deal uh with each other."" And he",new,,,20260919_235645_YT001,20260919_235645_YT001
every,Every,named_entity,6,2,2,0,2026-09-20T07:01:11.243757+00:00,2026-09-20T07:01:11.243757+00:00,MGnJEb4sXwM,excitement and energy and palpable energy amongst the young. Every night,new,,,20260919_235645_YT001,20260919_235645_YT001
everybody,Everybody,named_entity,6,2,2,0,2026-09-20T07:01:11.243757+00:00,2026-09-20T07:01:11.243757+00:00,mq7GSzwaGBw,this thinking and then I produce something. Everybody is leaning on AI to,new,,,20260919_235645_YT001,20260919_235645_YT001
exactly and,Exactly. And,person_or_named_entity,6,2,2,0,2026-09-20T07:01:11.243757+00:00,2026-09-20T07:01:11.243757+00:00,mq7GSzwaGBw,we have on our servers and can protect people's privacy. Exactly. And so when,new,,,20260919_235645_YT001,20260919_235645_YT001
exactly exactly and,Exactly. Exactly. And,person_or_named_entity,6,2,2,0,2026-09-20T07:01:11.243757+00:00,2026-09-20T07:01:11.243757+00:00,mq7GSzwaGBw,control us. >> Exactly. Exactly. And and I I share,new,,,20260919_235645_YT001,20260919_235645_YT001
february,February,named_entity,6,2,2,0,2026-09-20T07:01:11.243757+00:00,2026-09-20T07:01:11.243757+00:00,INWRgXjwPXk,strikes against Iran on February 27th.,new,,,20260919_235645_YT001,20260919_235645_YT001
has,Has,named_entity,6,2,2,0,2026-09-20T07:01:11.243757+00:00,2026-09-20T07:01:11.243757+00:00,tQjAGbYIw00,"transparency and we'll >> Well, but here's the Has anybody ever",new,,,20260919_235645_YT001,20260919_235645_YT001
hitler,Hitler,named_entity,6,2,2,0,2026-09-20T07:01:11.243757+00:00,2026-09-20T07:01:11.243757+00:00,m50hk1fyOYs,attack on the United States. It's kind of like Hitler saying that the Poles,new,,,20260919_235645_YT001,20260919_235645_YT001
hl hunt,HL Hunt,person_or_named_entity,6,2,2,0,2026-09-20T07:01:11.243757+00:00,2026-09-20T07:01:11.243757+00:00,ilzuEH2Enr4,that are distributed and centralized. >> This is what HL Hunt said. I told you,new,,,20260919_235645_YT001,20260919_235645_YT001
however,However,named_entity,6,2,2,0,2026-09-20T07:01:11.243757+00:00,2026-09-20T07:01:11.243757+00:00,MGnJEb4sXwM,are seeing that and that I think is the purpose to do it. However already um,new,,,20260919_235645_YT001,20260919_235645_YT001
huawei,Huawei,media_show,6,2,2,0,2026-09-20T07:01:11.243757+00:00,2026-09-20T07:01:11.243757+00:00,9Td1lcX-Cno,"Right, and I want everything coming through my channel. So, if a a Huawei",new,,,20260919_235645_YT001,20260919_235645_YT001
imagine,Imagine,named_entity,6,2,2,0,2026-09-20T07:01:11.243757+00:00,2026-09-20T07:01:11.243757+00:00,SOADMgNpZr0,>> that we have going on in this country. Imagine that. And imagine then on top of,new,,,20260919_235645_YT001,20260919_235645_YT001
isn t,Isn't,named_entity,6,2,2,0,2026-09-20T07:01:11.243757+00:00,2026-09-20T07:01:11.243757+00:00,vR-o6IGspmU,"That's his argument. And so I email in the email I said, ""Isn't that is not",new,,,20260919_235645_YT001,20260919_235645_YT001
italian,Italian,named_entity,6,2,2,0,2026-09-20T07:01:11.243757+00:00,2026-09-20T07:01:11.243757+00:00,MGnJEb4sXwM,an Italian? What is the vision of it? What does it mean to be Italian today?,new,,,20260919_235645_YT001,20260919_235645_YT001
january,January,named_entity,6,2,2,0,2026-09-20T07:01:11.243757+00:00,2026-09-20T07:01:11.243757+00:00,vR-o6IGspmU,"about 6,700 signatures needed in 20 days in January in South Dakota.",new,,,20260919_235645_YT001,20260919_235645_YT001
katherine s,Katherine's,named_entity,6,2,2,0,2026-09-20T07:01:11.243757+00:00,2026-09-20T07:01:11.243757+00:00,mq7GSzwaGBw,simply allows you to oh I'm taking my frame from here's Katherine's frame. So,new,,,20260919_235645_YT001,20260919_235645_YT001
lng,LNG,named_entity,6,2,2,0,2026-09-20T07:01:11.243757+00:00,2026-09-20T07:01:11.243757+00:00,wnz7NM7h9R4,are making a fortune. Um particularly the LNG companies,new,,,20260919_235645_YT001,20260919_235645_YT001
look,Look,government,6,2,2,0,2026-09-20T07:01:11.243757+00:00,2026-09-20T07:01:11.243757+00:00,INWRgXjwPXk,CFTC will be. Look at this.,new,,,20260919_235645_YT001,20260919_235645_YT001
make,Make,named_entity,6,2,2,0,2026-09-20T07:01:11.243757+00:00,2026-09-20T07:01:11.243757+00:00,v-BQUZFqnRc,>> The short answer is staff. Make sure you that any meeting that you,new,,,20260919_235645_YT001,20260919_235645_YT001
markets,Markets,named_entity,6,2,2,0,2026-09-20T07:01:11.243757+00:00,2026-09-20T07:01:11.243757+00:00,MaTz-usR3uo,things we're covering in Money and Markets is the Escape sub stack has a,new,,,20260919_235645_YT001,20260919_235645_YT001
meta,Meta,named_entity,6,2,2,0,2026-09-20T07:01:11.243757+00:00,2026-09-20T07:01:11.243757+00:00,mq7GSzwaGBw,>> For sure. Yeah. There's there's several people. It's actually somebody at Meta,new,,,20260919_235645_YT001,20260919_235645_YT001
modern,Modern,named_entity,6,2,2,0,2026-09-20T07:01:11.243757+00:00,2026-09-20T07:01:11.243757+00:00,mq7GSzwaGBw,"share, feeds the systems making those decisions. Let me explain. Modern",new,,,20260919_235645_YT001,20260919_235645_YT001
money,Money,named_entity,6,2,2,0,2026-09-20T07:01:11.243757+00:00,2026-09-20T07:01:11.243757+00:00,MaTz-usR3uo,is on top. Mhm. And it's um one of the things we're covering in Money and,new,,,20260919_235645_YT001,20260919_235645_YT001
on open ai i don t know,on open AI. I don't know,product,6,2,2,0,2026-09-20T07:01:11.243757+00:00,2026-09-20T07:01:11.243757+00:00,mq7GSzwaGBw,read in the last 12 months is Karen House book on open AI. I don't know if,new,,,20260919_235645_YT001,20260919_235645_YT001
over,Over,named_entity,6,2,2,0,2026-09-20T07:01:11.243757+00:00,2026-09-20T07:01:11.243757+00:00,mq7GSzwaGBw,"School, where over 165, mostly girls, were killed. Over 1,000 targets were",new,,,20260919_235645_YT001,20260919_235645_YT001
particularly,Particularly,named_entity,6,2,2,0,2026-09-20T07:01:11.243757+00:00,2026-09-20T07:01:11.243757+00:00,ChdoKKB48CU,um overturned. Particularly moral values.,new,,,20260919_235645_YT001,20260919_235645_YT001
right in,Right. In,person_or_named_entity,6,2,2,0,2026-09-20T07:01:11.243757+00:00,2026-09-20T07:01:11.243757+00:00,LTWifAkVVDg,">> Right. >> Right. In other words,",new,,,20260919_235645_YT001,20260919_235645_YT001
right we,Right. We,person_or_named_entity,6,2,2,0,2026-09-20T07:01:11.243757+00:00,2026-09-20T07:01:11.243757+00:00,vVa6h4WYlOw,there's not the energy. Not the energy. Right. We don't have the,new,,,20260919_235645_YT001,20260919_235645_YT001
salt lake city,Salt Lake City,person_or_named_entity,6,2,2,0,2026-09-20T07:01:11.243757+00:00,2026-09-20T07:01:11.243757+00:00,9Td1lcX-Cno,by yet another internet cable being cut that brought down the Salt Lake City air,new,,,20260919_235645_YT001,20260919_235645_YT001
since,Since,product,6,2,2,0,2026-09-20T07:01:11.243757+00:00,2026-09-20T07:01:11.243757+00:00,es1SX2TSqz8,"registration system. Since 1940, men within a designated age",new,,,20260919_235645_YT001,20260919_235645_YT001
sometimes,Sometimes,named_entity,6,2,2,0,2026-09-20T07:01:11.243757+00:00,2026-09-20T07:01:11.243757+00:00,MGnJEb4sXwM,"technology from China, from Europe and they've reassembled it. Sometimes it",new,,,20260919_235645_YT001,20260919_235645_YT001
sure,Sure,named_entity,6,2,2,0,2026-09-20T07:01:11.243757+00:00,2026-09-20T07:01:11.243757+00:00,MztMjj6LxXk,"small business and small farms. Sure enough, that's exactly what's",new,,,20260919_235645_YT001,20260919_235645_YT001
taking place in beijing,taking place in Beijing,event,6,2,2,0,2026-09-20T07:01:11.243757+00:00,2026-09-20T07:01:11.243757+00:00,MGnJEb4sXwM,I was there at a time there was a big AI conference taking place in Beijing when,new,,,20260919_235645_YT001,20260919_235645_YT001
those,Those,named_entity,6,2,2,0,2026-09-20T07:01:11.243757+00:00,2026-09-20T07:01:11.243757+00:00,LCbpnzlLKg8,sense of what it is to be a human. Those values and those,new,,,20260919_235645_YT001,20260919_235645_YT001
united kingdom,United Kingdom,person_or_named_entity,6,2,2,0,2026-09-20T06:45:40.991711+00:00,2026-09-20T07:01:11.243757+00:00,37qD1Jj3NOc,"who are all committed to independence from the United Kingdom. Hooray, hooray.",new,,,20260919_234459_YT001,20260919_235645_YT001
warsaw,Warsaw,named_entity,6,2,2,0,2026-09-20T07:01:11.243757+00:00,2026-09-20T07:01:11.243757+00:00,RRdQPuFQCik,happened as a result was you had General Jaruzelski there in Warsaw with all of,new,,,20260919_235645_YT001,20260919_235645_YT001
washington,Washington,named_entity,6,2,2,0,2026-09-20T07:01:11.243757+00:00,2026-09-20T07:01:11.243757+00:00,mq7GSzwaGBw,>> So it it was uh when when I had this beautiful mansion in downtown Washington,new,,,20260919_235645_YT001,20260919_235645_YT001
yeah it s,Yeah. It's,person_or_named_entity,6,2,2,0,2026-09-20T07:01:11.243757+00:00,2026-09-20T07:01:11.243757+00:00,mq7GSzwaGBw,"eventually. So, I'm hopeful for this. >> Yeah. It's challenging because the",new,,,20260919_235645_YT001,20260919_235645_YT001
yeah they,Yeah. They,person_or_named_entity,6,2,2,0,2026-09-20T07:01:11.243757+00:00,2026-09-20T07:01:11.243757+00:00,87SJi_DDbt4,>> They care. Really? Yeah. They care.,new,,,20260919_235645_YT001,20260919_235645_YT001
yeah you,Yeah. You,person_or_named_entity,6,2,2,0,2026-09-20T07:01:11.243757+00:00,2026-09-20T07:01:11.243757+00:00,6Mg0q_IyWgY,and and and any tourism activity that involved using a lot of fuel. Yeah. You,new,,,20260919_235645_YT001,20260919_235645_YT001
you ll,You'll,named_entity,6,2,2,0,2026-09-20T07:01:11.243757+00:00,2026-09-20T07:01:11.243757+00:00,mq7GSzwaGBw,">> and [laughter] it but no, but it was the same. You'll",new,,,20260919_235645_YT001,20260919_235645_YT001
a third lock,a third lock,product,6,1,1,0,2026-09-20T07:01:11.243757+00:00,2026-09-20T07:01:11.243757+00:00,vR-o6IGspmU,seller want. So that's an automatic three-lock system with a third lock,new,,,20260919_235645_YT001,20260919_235645_YT001
absolutely,Absolutely,named_entity,6,1,1,0,2026-09-20T07:01:11.243757+00:00,2026-09-20T07:01:11.243757+00:00,mq7GSzwaGBw,>> It's impressive. >> Absolutely impressive. It's,new,,,20260919_235645_YT001,20260919_235645_YT001
air force one,Air Force One,person_or_named_entity,6,1,1,0,2026-09-20T07:01:11.243757+00:00,2026-09-20T07:01:11.243757+00:00,RRPA9FVZ2Ds,"press, he got back on Air Force One and",new,,,20260919_235645_YT001,20260919_235645_YT001
american century,American Century,organization,6,1,1,0,2026-09-20T07:01:11.243757+00:00,2026-09-20T07:01:11.243757+00:00,m50hk1fyOYs,"and number two, on the fact that the project for the new American Century",new,,,20260919_235645_YT001,20260919_235645_YT001
anything,Anything,named_entity,6,1,1,0,2026-09-20T07:01:11.243757+00:00,2026-09-20T07:01:11.243757+00:00,vR-o6IGspmU,">> So glad to be back home. So, what's been happening? Anything at all?",new,,,20260919_235645_YT001,20260919_235645_YT001
august,August,named_entity,6,1,1,0,2026-09-20T07:01:11.243757+00:00,2026-09-20T07:01:11.243757+00:00,vR-o6IGspmU,turtling for cash part one. And so what happened was in August we started up our,new,,,20260919_235645_YT001,20260919_235645_YT001
cash so,cash. So,person_or_named_entity,6,1,1,0,2026-09-20T07:01:11.243757+00:00,2026-09-20T07:01:11.243757+00:00,vR-o6IGspmU,"asked me asked me what he could do to help us with cash. So, we got him to",new,,,20260919_235645_YT001,20260919_235645_YT001
ceos,CEOs,named_entity,6,1,1,0,2026-09-20T07:01:11.243757+00:00,2026-09-20T07:01:11.243757+00:00,mq7GSzwaGBw,capital and then itself might start companies and then try to find CEOs and,new,,,20260919_235645_YT001,20260919_235645_YT001
cftc,CFTC,government,6,1,1,0,2026-09-20T07:01:11.243757+00:00,2026-09-20T07:01:11.243757+00:00,INWRgXjwPXk,who filed a group's complaint against uh to the CFTC complaining about insider,new,,,20260919_235645_YT001,20260919_235645_YT001
chevron,Chevron,named_entity,6,1,1,0,2026-09-20T07:01:11.243757+00:00,2026-09-20T07:01:11.243757+00:00,YItOkNjS4OY,the push to control using energy is really on. Yeah. So um Chevron it's,new,,,20260919_235645_YT001,20260919_235645_YT001
chicago,Chicago,named_entity,6,1,1,0,2026-09-20T07:01:11.243757+00:00,2026-09-20T07:01:11.243757+00:00,tK4hyAbE3rw,educated populations in the world. >> I I was going to say I lived in Chicago,new,,,20260919_235645_YT001,20260919_235645_YT001
china s,China's,named_entity,6,1,1,0,2026-09-20T07:01:11.243757+00:00,2026-09-20T07:01:11.243757+00:00,MGnJEb4sXwM,"worked, but it was intended also um to squeeze China's supply line. In fact,",new,,,20260919_235645_YT001,20260919_235645_YT001
claude,Claude,named_entity,6,1,1,0,2026-09-20T07:01:11.243757+00:00,2026-09-20T07:01:11.243757+00:00,mq7GSzwaGBw,">> If you're using Anthropic, >> if [clears throat] you're using Claude",new,,,20260919_235645_YT001,20260919_235645_YT001
copernican,Copernican,named_entity,6,1,1,0,2026-09-20T07:01:11.243757+00:00,2026-09-20T07:01:11.243757+00:00,oc8B5AqvkUE,we had a kind of extension of the pre-Copernican worldview.,new,,,20260919_235645_YT001,20260919_235645_YT001
corey lynn,Corey Lynn,person,6,1,1,0,2026-09-20T07:01:11.243757+00:00,2026-09-20T07:01:11.243757+00:00,sSrRCNjcm5I,to tell you is we have I'm I'm very lucky cuz right now Corey Lynn who's got,existing,lynn_corey,,20260919_235645_YT001,20260919_235645_YT001
crud,CRUD,named_entity,6,1,1,0,2026-09-20T07:01:11.243757+00:00,2026-09-20T07:01:11.243757+00:00,mq7GSzwaGBw,"something called create, read, update delete. is CRUD a CRUD interface. So you",new,,,20260919_235645_YT001,20260919_235645_YT001
dutch,Dutch,named_entity,6,1,1,0,2026-09-20T07:01:11.243757+00:00,2026-09-20T07:01:11.243757+00:00,eyItREqSFvA,back. But I thought like I feel very Dutch. I,new,,,20260919_235645_YT001,20260919_235645_YT001
european union,European Union,person_or_named_entity,6,1,1,0,2026-09-20T07:01:11.243757+00:00,2026-09-20T07:01:11.243757+00:00,MGnJEb4sXwM,global exports have been surging >> yes to the to Asia to the European Union,new,,,20260919_235645_YT001,20260919_235645_YT001
exactly but,Exactly. But,person_or_named_entity,6,1,1,0,2026-09-20T07:01:11.243757+00:00,2026-09-20T07:01:11.243757+00:00,mq7GSzwaGBw,>> echo what's happening now. >> Exactly. But it's getting worse.,new,,,20260919_235645_YT001,20260919_235645_YT001
excel,Excel,named_entity,6,1,1,0,2026-09-20T07:01:11.243757+00:00,2026-09-20T07:01:11.243757+00:00,mq7GSzwaGBw,Like you got to become a specialist. There's lots of people use Excel very,new,,,20260919_235645_YT001,20260919_235645_YT001
fbi,FBI,government,6,1,1,0,2026-09-20T07:01:11.243757+00:00,2026-09-20T07:01:11.243757+00:00,9Td1lcX-Cno,you had what the FBI itself would go on to,new,,,20260919_235645_YT001,20260919_235645_YT001
flock s ai,Flock's AI,person_or_named_entity,6,1,1,0,2026-09-20T07:01:11.243757+00:00,2026-09-20T07:01:11.243757+00:00,v4d389XfJbA,Officers said that they'd been tracking him for days using Flock's AI integrated,new,,,20260919_235645_YT001,20260919_235645_YT001
gallatin,Gallatin,named_entity,6,1,1,0,2026-09-20T07:01:11.243757+00:00,2026-09-20T07:01:11.243757+00:00,zXpH1Lw08m0,"demographic. 53% of 45 to 64, Gallatin could even",new,,,20260919_235645_YT001,20260919_235645_YT001
gata,Gata,named_entity,6,1,1,0,2026-09-20T07:01:11.243757+00:00,2026-09-20T07:01:11.243757+00:00,MGnJEb4sXwM,there is a major split between the UAE and Saudi Arabia and Pakistan and Gata,new,,,20260919_235645_YT001,20260919_235645_YT001
geofence,Geofence,named_entity,6,1,1,0,2026-09-20T07:01:11.243757+00:00,2026-09-20T07:01:11.243757+00:00,-YPhdbbhvv4,Supreme Court 6-3 ruling Geofence warrant warrants trigger Fourth,new,,,20260919_235645_YT001,20260919_235645_YT001
homus,Homus,named_entity,6,1,1,0,2026-09-20T07:01:11.243757+00:00,2026-09-20T07:01:11.243757+00:00,MGnJEb4sXwM,between Kasam Island and Larak Island in order to exit from uh Homus.,new,,,20260919_235645_YT001,20260919_235645_YT001
india,India,named_entity,6,1,1,0,2026-09-20T07:01:11.243757+00:00,2026-09-20T07:01:11.243757+00:00,MGnJEb4sXwM,um to China. So have others some other vessels from Pakistan and from India and,new,,,20260919_235645_YT001,20260919_235645_YT001
iran just,Iran. Just,person_or_named_entity,6,1,1,0,2026-09-20T07:01:11.243757+00:00,2026-09-20T07:01:11.243757+00:00,MGnJEb4sXwM,Chinese banks and Chinese oil companies trading uh trading with Iran. Just to,new,,,20260919_235645_YT001,20260919_235645_YT001
irgc,IRGC,named_entity,6,1,1,0,2026-09-20T07:01:11.243757+00:00,2026-09-20T07:01:11.243757+00:00,MGnJEb4sXwM,the risk of going through against the advice of the IRGC.,new,,,20260919_235645_YT001,20260919_235645_YT001
january february,January February,person_or_named_entity,6,1,1,0,2026-09-20T07:01:11.243757+00:00,2026-09-20T07:01:11.243757+00:00,MGnJEb4sXwM,with say 537 billion. Today it's dropped if you just look January February it's,new,,,20260919_235645_YT001,20260919_235645_YT001
john titus,John Titus,person,6,1,1,0,2026-09-20T07:01:11.243757+00:00,2026-09-20T07:01:11.243757+00:00,FXNfNrtGHlo,"Ladies and gentlemen, welcome to the Solari Report with John Titus and",existing,titus_john,,20260919_235645_YT001,20260919_235645_YT001
mag,Mag,named_entity,6,1,1,0,2026-09-20T07:01:11.243757+00:00,2026-09-20T07:01:11.243757+00:00,tQjAGbYIw00,or higher gets automatic admission to the Mag 7. It becomes the,new,,,20260919_235645_YT001,20260919_235645_YT001
mediterranean,Mediterranean,named_entity,6,1,1,0,2026-09-20T07:01:11.243757+00:00,2026-09-20T07:01:11.243757+00:00,MGnJEb4sXwM,hit Russian tankers um in the Mediterranean or at least at the mouth,new,,,20260919_235645_YT001,20260919_235645_YT001
mit,MIT,named_entity,6,1,1,0,2026-09-20T07:01:11.243757+00:00,2026-09-20T07:01:11.243757+00:00,mq7GSzwaGBw,"that explain how you can use it. Some licenses, like the MIT license, which is",new,,,20260919_235645_YT001,20260919_235645_YT001
mr globaloney,Mr. Globaloney,person_or_named_entity,6,1,1,0,2026-09-20T07:01:11.243757+00:00,2026-09-20T07:01:11.243757+00:00,9Td1lcX-Cno,of message uh to Mr. Globaloney and something. I,new,,,20260919_235645_YT001,20260919_235645_YT001
murphy,Murphy,named_entity,6,1,1,0,2026-09-20T07:01:11.243757+00:00,2026-09-20T07:01:11.243757+00:00,mq7GSzwaGBw,>> something go wrong at will. >> Right. O'Brien Slow was Murphy was an,new,,,20260919_235645_YT001,20260919_235645_YT001
national association,National Association,organization,6,1,1,0,2026-09-20T07:01:11.243757+00:00,2026-09-20T07:01:11.243757+00:00,87SJi_DDbt4,"So what carried the day? She says, well you had the National Association of",new,,,20260919_235645_YT001,20260919_235645_YT001
new york,New York,person_or_named_entity,6,1,1,0,2026-09-20T07:01:11.243757+00:00,2026-09-20T07:01:11.243757+00:00,vR-o6IGspmU,Mastercard that's head headquartered in New York or Visa headquartered in San,new,,,20260919_235645_YT001,20260919_235645_YT001
none,None,named_entity,6,1,1,0,2026-09-20T07:01:11.243757+00:00,2026-09-20T07:01:11.243757+00:00,vR-o6IGspmU,"say this crypto secure, this credit card, this bank account. None of it is.",new,,,20260919_235645_YT001,20260919_235645_YT001
numpy,NumPy,named_entity,6,1,1,0,2026-09-20T07:01:11.243757+00:00,2026-09-20T07:01:11.243757+00:00,mq7GSzwaGBw,helping scientists do their job easier. >> People wanting to use NumPy sort of drew,new,,,20260919_235645_YT001,20260919_235645_YT001
o brien s,O'Brien's,named_entity,6,1,1,0,2026-09-20T07:01:11.243757+00:00,2026-09-20T07:01:11.243757+00:00,mq7GSzwaGBw,order >> O'Brien's law,new,,,20260919_235645_YT001,20260919_235645_YT001
offutt air force base,Offutt Air Force Base,person_or_named_entity,6,1,1,0,2026-09-20T07:01:11.243757+00:00,2026-09-20T07:01:11.243757+00:00,RRPA9FVZ2Ds,"flew to Offutt Air Force Base in Omas,",new,,,20260919_235645_YT001,20260919_235645_YT001
omni war,Omni War,person_or_named_entity,6,1,1,0,2026-09-20T07:01:11.243757+00:00,2026-09-20T07:01:11.243757+00:00,mq7GSzwaGBw,everything. So we have a wonderful wrap-up called Omni War which is the,new,,,20260919_235645_YT001,20260919_235645_YT001
open ai,Open AI,product,6,1,1,0,2026-09-20T07:01:11.243757+00:00,2026-09-20T07:01:11.243757+00:00,WCezIGm3Cp4,in the last 12 months is Karen House's book on Open AI. I don't know if you've,new,,,20260919_235645_YT001,20260919_235645_YT001
open teams,Open Teams,person_or_named_entity,6,1,1,0,2026-09-20T07:01:11.243757+00:00,2026-09-20T07:01:11.243757+00:00,mq7GSzwaGBw,So it's that ends up being your AI that Open Teams helps you build. We're like a,new,,,20260919_235645_YT001,20260919_235645_YT001
openai,OpenAI,named_entity,6,1,1,0,2026-09-20T07:01:11.243757+00:00,2026-09-20T07:01:11.243757+00:00,mq7GSzwaGBw,"this because once they realize, uh, oh, that claude or OpenAI has given us a",new,,,20260919_235645_YT001,20260919_235645_YT001
palantir,Palantir,product,6,1,1,0,2026-09-20T07:01:11.243757+00:00,2026-09-20T07:01:11.243757+00:00,mD_aE7ZCMoo,"the system that BlackRock has industrialized, that Palantir has",new,,,20260919_235645_YT001,20260919_235645_YT001
paypal,PayPal,named_entity,6,1,1,0,2026-09-20T07:01:11.243757+00:00,2026-09-20T07:01:11.243757+00:00,mD_aE7ZCMoo,"people. >> PayPal Mafia, here we go. The",new,,,20260919_235645_YT001,20260919_235645_YT001
pentagon,Pentagon,named_entity,6,1,1,0,2026-09-20T07:01:11.243757+00:00,2026-09-20T07:01:11.243757+00:00,aQYwmh0gCQo,in the dining room for the Secretary of Defense at the Pentagon getting a,new,,,20260919_235645_YT001,20260919_235645_YT001
persian,Persian,named_entity,6,1,1,0,2026-09-20T07:01:11.243757+00:00,2026-09-20T07:01:11.243757+00:00,MGnJEb4sXwM,"tanker war taking place off the po Persian Gulf, but we saw it off",new,,,20260919_235645_YT001,20260919_235645_YT001
pirate money,Pirate Money,person_or_named_entity,6,1,1,0,2026-09-20T07:01:11.243757+00:00,2026-09-20T07:01:11.243757+00:00,vR-o6IGspmU,"turns out he used slides from Kevin Freeman, who is Pirate Money. Okay, he's",new,,,20260919_235645_YT001,20260919_235645_YT001
poland s,Poland's,named_entity,6,1,1,0,2026-09-20T07:01:11.243757+00:00,2026-09-20T07:01:11.243757+00:00,Oxk8BAFUdBE,with a very large caveat. Uh and that would be that in Poland's,new,,,20260919_235645_YT001,20260919_235645_YT001
private,Private,named_entity,6,1,1,0,2026-09-20T07:01:11.243757+00:00,2026-09-20T07:01:11.243757+00:00,wfpVe_F_0UE,which it which is already beginning. Private credit's frozen. Private,new,,,20260919_235645_YT001,20260919_235645_YT001
python s,Python's,named_entity,6,1,1,0,2026-09-20T07:01:11.243757+00:00,2026-09-20T07:01:11.243757+00:00,mq7GSzwaGBw,was. How much of Python's success in AI can,new,,,20260919_235645_YT001,20260919_235645_YT001
python so,Python. So,person_or_named_entity,6,1,1,0,2026-09-20T07:01:11.243757+00:00,2026-09-20T07:01:11.243757+00:00,mq7GSzwaGBw,Python and I started to contribute to Python. So I started to do a lot of just,new,,,20260919_235645_YT001,20260919_235645_YT001
qatar s,Qatar's,named_entity,6,1,1,0,2026-09-20T07:01:11.243757+00:00,2026-09-20T07:01:11.243757+00:00,wnz7NM7h9R4,"bombed that big field, they shut down half of Qatar's LNG, and then we had the",new,,,20260919_235645_YT001,20260919_235645_YT001
quansite,Quansite,organization,6,1,1,0,2026-09-20T07:01:11.243757+00:00,2026-09-20T07:01:11.243757+00:00,mq7GSzwaGBw,consult another consulting company called Quansite and a venture fund. So,new,,,20260919_235645_YT001,20260919_235645_YT001
right and and,Right. And And,person_or_named_entity,6,1,1,0,2026-09-20T07:01:11.243757+00:00,2026-09-20T07:01:11.243757+00:00,FXNfNrtGHlo,that leaves no doubt on that issue. >> Right. And And part of the madness is,new,,,20260919_235645_YT001,20260919_235645_YT001
russians,Russians,named_entity,6,1,1,0,2026-09-20T07:01:11.243757+00:00,2026-09-20T07:01:11.243757+00:00,MGnJEb4sXwM,very close relationship both with Iran and with Russia and I think the Russians,new,,,20260919_235645_YT001,20260919_235645_YT001
s p,S&P,named_entity,6,1,1,0,2026-09-20T07:01:11.243757+00:00,2026-09-20T07:01:11.243757+00:00,wfpVe_F_0UE,They don't know there's a problem. >> 45% of the S&P 500 is AI or AI-adjacent.,new,,,20260919_235645_YT001,20260919_235645_YT001
shanghai,Shanghai,named_entity,6,1,1,0,2026-09-20T07:01:11.243757+00:00,2026-09-20T07:01:11.243757+00:00,MGnJEb4sXwM,"innovations quietly like such as uh on the Shanghai um gold exchange, metal",new,,,20260919_235645_YT001,20260919_235645_YT001
short,Short,named_entity,6,1,1,0,2026-09-20T07:01:11.243757+00:00,2026-09-20T07:01:11.243757+00:00,mq7GSzwaGBw,that's what makes me an optimist long term. Short term is going to be a,new,,,20260919_235645_YT001,20260919_235645_YT001
solary,Solary,named_entity,6,1,1,0,2026-09-20T07:01:11.243757+00:00,2026-09-20T07:01:11.243757+00:00,vR-o6IGspmU,bank. We looked at their financials. We did the whole Solary finding a good,new,,,20260919_235645_YT001,20260919_235645_YT001
straits,Straits,named_entity,6,1,1,0,2026-09-20T07:01:11.243757+00:00,2026-09-20T07:01:11.243757+00:00,MGnJEb4sXwM,>> Uh we just saw sort of new negotiations with Indonesia on the Straits of Mala.,new,,,20260919_235645_YT001,20260919_235645_YT001
substack,Substack,media_show,6,1,1,0,2026-09-20T07:01:11.243757+00:00,2026-09-20T07:01:11.243757+00:00,MGnJEb4sXwM,"on in the world in the Middle East. Um, you have a wonderful Substack called",new,,,20260919_235645_YT001,20260919_235645_YT001
susan,Susan,named_entity,6,1,1,0,2026-09-20T07:01:11.243757+00:00,2026-09-20T07:01:11.243757+00:00,vR-o6IGspmU,"have to tell you, spending 24 hours with Susan and her family is always an",new,,,20260919_235645_YT001,20260919_235645_YT001
tesla,Tesla,named_entity,6,1,1,0,2026-09-20T07:01:11.243757+00:00,2026-09-20T07:01:11.243757+00:00,oGWf3g8iYLA,royalties that he would have had sponsoring Tesla as as his financial,new,,,20260919_235645_YT001,20260919_235645_YT001
tesla s,Tesla's,product,6,1,1,0,2026-09-20T07:01:11.243757+00:00,2026-09-20T07:01:11.243757+00:00,oGWf3g8iYLA,that we had that kind of system of energy with Tesla's wireless power,new,,,20260919_235645_YT001,20260919_235645_YT001
thanksgiving,Thanksgiving,named_entity,6,1,1,0,2026-09-20T07:01:11.243757+00:00,2026-09-20T07:01:11.243757+00:00,vR-o6IGspmU,signatures which in our area was 400 signatures. It was around Thanksgiving.,new,,,20260919_235645_YT001,20260919_235645_YT001
tiffany ciance,Tiffany Ciance,person_or_named_entity,6,1,1,0,2026-09-20T07:01:11.243757+00:00,2026-09-20T07:01:11.243757+00:00,mq7GSzwaGBw,to visit in the Netherlands. We had an amazing time with Tiffany Ciance who,new,,,20260919_235645_YT001,20260919_235645_YT001
travis,Travis,named_entity,6,1,1,0,2026-09-20T07:01:11.243757+00:00,2026-09-20T07:01:11.243757+00:00,mq7GSzwaGBw,"an amazing time and I'm joined by a very special person, Travis Olivon, who came",new,,,20260919_235645_YT001,20260919_235645_YT001
treasuries,Treasuries,named_entity,6,1,1,0,2026-09-20T07:01:11.243757+00:00,2026-09-20T07:01:11.243757+00:00,WGn_E_9ZS2Q,around the world into the my Treasury bill market to finance Treasuries.,new,,,20260919_235645_YT001,20260919_235645_YT001
turns,Turns,named_entity,6,1,1,0,2026-09-20T07:01:11.243757+00:00,2026-09-20T07:01:11.243757+00:00,vR-o6IGspmU,movie. And let me pause a minute about this horror movie. Turns out when if I,new,,,20260919_235645_YT001,20260919_235645_YT001
ukraine,Ukraine,named_entity,6,1,1,0,2026-09-20T07:01:11.243757+00:00,2026-09-20T07:01:11.243757+00:00,MGnJEb4sXwM,relationship is trying to understand the proxy wars whether in the Ukraine or the,new,,,20260919_235645_YT001,20260919_235645_YT001
united states so,United States. So,person_or_named_entity,6,1,1,0,2026-09-20T07:01:11.243757+00:00,2026-09-20T07:01:11.243757+00:00,MGnJEb4sXwM,time they have dropped by many% um to the United States. So the Chinese have,new,,,20260919_235645_YT001,20260919_235645_YT001
well,Well,named_entity,6,1,1,0,2026-09-20T07:01:11.243757+00:00,2026-09-20T07:01:11.243757+00:00,oGWf3g8iYLA,power grid is inadequate to to power these things. Well then why are we,new,,,20260919_235645_YT001,20260919_235645_YT001
world war iii,World War III,person_or_named_entity,6,1,1,0,2026-09-20T07:01:11.243757+00:00,2026-09-20T07:01:11.243757+00:00,FXNfNrtGHlo,"and markets. And John, our theme is >> World War III madness. There is no",new,,,20260919_235645_YT001,20260919_235645_YT001
you d,You'd,named_entity,6,1,1,0,2026-09-20T07:01:11.243757+00:00,2026-09-20T07:01:11.243757+00:00,mq7GSzwaGBw,application just like in the in the world of desktop apps. You'd click on a,new,,,20260919_235645_YT001,20260919_235645_YT001
zionist,Zionist,named_entity,6,1,1,0,2026-09-20T07:01:11.243757+00:00,2026-09-20T07:01:11.243757+00:00,MGnJEb4sXwM,you're seeing an enormous rejection by the young people of the Zionist element,new,,,20260919_235645_YT001,20260919_235645_YT001
britain,Britain,named_entity,5,2,2,0,2026-09-20T07:01:11.243757+00:00,2026-09-20T07:01:11.243757+00:00,ChdoKKB48CU,the Rothschilds crashed the stock market of Britain.,new,,,20260919_235645_YT001,20260919_235645_YT001
congress,Congress,event,5,2,2,0,2026-09-20T07:01:11.243757+00:00,2026-09-20T07:01:11.243757+00:00,87SJi_DDbt4,That's it. Congress responds when people get on the,new,,,20260919_235645_YT001,20260919_235645_YT001
iran and,Iran. And,person_or_named_entity,5,2,2,0,2026-09-20T07:01:11.243757+00:00,2026-09-20T07:01:11.243757+00:00,LTWifAkVVDg,UAE lobbied the US to continue waging war on Iran. And now it's going to pay,new,,,20260919_235645_YT001,20260919_235645_YT001
los,Los,named_entity,5,2,2,0,2026-09-20T07:01:11.243757+00:00,2026-09-20T07:01:11.243757+00:00,9Td1lcX-Cno,Salt Lake City's air traffic had to be shunted to Phoenix and Las Vegas and Los,new,,,20260919_235645_YT001,20260919_235645_YT001
massie,Massie,named_entity,5,2,2,0,2026-09-20T07:01:11.243757+00:00,2026-09-20T07:01:11.243757+00:00,MGnJEb4sXwM,your approval rating is down in in the depths what happens to Massie is going,new,,,20260919_235645_YT001,20260919_235645_YT001
may,May-,named_entity,5,2,2,0,2026-09-20T07:01:11.243757+00:00,2026-09-20T07:01:11.243757+00:00,71DIp8e2mXk,that neither of us have said it explicitly. May- maybe we have. It It,new,,,20260919_235645_YT001,20260919_235645_YT001
new,New,named_entity,5,2,2,0,2026-09-20T07:01:11.243757+00:00,2026-09-20T07:01:11.243757+00:00,tK4hyAbE3rw,"from uh behind the Iron Curtain. And when they hit New York, they would um",new,,,20260919_235645_YT001,20260919_235645_YT001
new york times,New York Times,person_or_named_entity,5,2,2,0,2026-09-20T07:01:11.243757+00:00,2026-09-20T07:01:11.243757+00:00,6Mg0q_IyWgY,"boom, I'm getting emails from the Wall Street Journal and the New York Times.",new,,,20260919_235645_YT001,20260919_235645_YT001
paul,Paul,organization,5,2,2,0,2026-09-20T07:01:11.243757+00:00,2026-09-20T07:01:11.243757+00:00,m50hk1fyOYs,"project for the new American Century under the direction of Paul Wolfowitz, a",new,,,20260919_235645_YT001,20260919_235645_YT001
round,Round,named_entity,5,2,2,0,2026-09-20T07:01:11.243757+00:00,2026-09-20T07:01:11.243757+00:00,ChdoKKB48CU,directly. They It set up what was called the Round,new,,,20260919_235645_YT001,20260919_235645_YT001
secretary,Secretary,named_entity,5,2,2,0,2026-09-20T07:01:11.243757+00:00,2026-09-20T07:01:11.243757+00:00,aQYwmh0gCQo,>> I told you this story before. 1988 I'm in the dining room for the Secretary of,new,,,20260919_235645_YT001,20260919_235645_YT001
stalin,Stalin,named_entity,5,2,2,0,2026-09-20T07:01:11.243757+00:00,2026-09-20T07:01:11.243757+00:00,Oxk8BAFUdBE,"this case, the political opportunity could be the death of Stalin like in the",new,,,20260919_235645_YT001,20260919_235645_YT001
two,Two,named_entity,5,2,2,0,2026-09-20T06:45:40.991711+00:00,2026-09-20T07:01:11.243757+00:00,p0jPh9KrCgc,"Two questions for you, Bud. One of the",new,,,20260919_234459_YT001,20260919_235645_YT001
where s,Where's,named_entity,5,2,2,0,2026-09-20T07:01:11.243757+00:00,2026-09-20T07:01:11.243757+00:00,KKxQfBk1zBY,"While at the same time, everyone knows they've got all the gold. Where's the",new,,,20260919_235645_YT001,20260919_235645_YT001
alcoa and,Alcoa. And,government,5,1,1,0,2026-09-20T07:01:11.243757+00:00,2026-09-20T07:01:11.243757+00:00,OnEOcaUnBg0,and sort of come out of government and the board chose him to run Alcoa. And,new,,,20260919_235645_YT001,20260919_235645_YT001
campbell s,Campbell's,named_entity,5,1,1,0,2026-09-20T06:45:40.991711+00:00,2026-09-20T06:45:40.991711+00:00,ZW6Lf7iQV3Q,Campbell's and Conagra warn higher food,new,,,20260919_234459_YT001,20260919_234459_YT001
can t,Can't,named_entity,5,1,1,0,2026-09-20T07:01:11.243757+00:00,2026-09-20T07:01:11.243757+00:00,vR-o6IGspmU,Can't believe we're walking. You live,new,,,20260919_235645_YT001,20260919_235645_YT001
cash not credit,cash not credit,person_or_named_entity,5,1,1,0,2026-09-20T07:01:11.243757+00:00,2026-09-20T07:01:11.243757+00:00,vR-o6IGspmU,>> Exactly. I tell them at the door uh pay with cash not credit and they run back,new,,,20260919_235645_YT001,20260919_235645_YT001
crazy,Crazy,named_entity,5,1,1,0,2026-09-20T07:01:11.243757+00:00,2026-09-20T07:01:11.243757+00:00,vR-o6IGspmU,"make it a national park."" So definitely go to Crazy Horse, watch the movie. Um",new,,,20260919_235645_YT001,20260919_235645_YT001
fox,Fox,organization,5,1,1,0,2026-09-20T07:01:11.243757+00:00,2026-09-20T07:01:11.243757+00:00,zXpH1Lw08m0,">> Right. So so retired, watch Fox News, probably a",new,,,20260919_235645_YT001,20260919_235645_YT001
gulf financial center,Gulf Financial Center,person_or_named_entity,5,1,1,0,2026-09-20T07:01:11.243757+00:00,2026-09-20T07:01:11.243757+00:00,MGnJEb4sXwM,and US stocks to raise capital. So that brings us to the Gulf Financial Center.,new,,,20260919_235645_YT001,20260919_235645_YT001
hebrew,Hebrew,named_entity,5,1,1,0,2026-09-20T07:01:11.243757+00:00,2026-09-20T07:01:11.243757+00:00,MGnJEb4sXwM,she lived in Israel as I did for a number of years and was at the Hebrew,new,,,20260919_235645_YT001,20260919_235645_YT001
hello,Hello,named_entity,5,1,1,0,2026-09-20T07:01:11.243757+00:00,2026-09-20T07:01:11.243757+00:00,vR-o6IGspmU,>> Hello.,new,,,20260919_235645_YT001,20260919_235645_YT001
israel and,Israel and,person_or_named_entity,5,1,1,0,2026-09-20T07:01:11.243757+00:00,2026-09-20T07:01:11.243757+00:00,MGnJEb4sXwM,very clear and they say they are prepared to cooperate with Israel and,new,,,20260919_235645_YT001,20260919_235645_YT001
john padfield,John Padfield,person_or_named_entity,5,1,1,0,2026-09-20T07:01:11.243757+00:00,2026-09-20T07:01:11.243757+00:00,vR-o6IGspmU,We're just about to publish an interview with John Padfield about how all the new,new,,,20260919_235645_YT001,20260919_235645_YT001
manuel,Manuel,named_entity,5,1,1,0,2026-09-20T07:01:11.243757+00:00,2026-09-20T07:01:11.243757+00:00,vR-o6IGspmU,"part of a ground game and knocked on you and Manuel have knocked on 2,000 doors.",new,,,20260919_235645_YT001,20260919_235645_YT001
panama,Panama,named_entity,5,1,1,0,2026-09-20T07:01:11.243757+00:00,2026-09-20T07:01:11.243757+00:00,MGnJEb4sXwM,added to it because a few days before that you may recall that uh the Panama,new,,,20260919_235645_YT001,20260919_235645_YT001
pattern of life data,pattern of life data,person_or_named_entity,5,1,1,0,2026-09-20T07:01:11.243757+00:00,2026-09-20T07:01:11.243757+00:00,WET6BjpHGkc,the the phrase I want everyone to key in on is called pattern of life data.,new,,,20260919_235645_YT001,20260919_235645_YT001
peter,Peter,named_entity,5,1,1,0,2026-09-20T07:01:11.243757+00:00,2026-09-20T07:01:11.243757+00:00,mq7GSzwaGBw,"too. 10 years ago, the sex offender coordinated lunches between Peter Theel,",new,,,20260919_235645_YT001,20260919_235645_YT001
phoenix,Phoenix,named_entity,5,1,1,0,2026-09-20T07:01:11.243757+00:00,2026-09-20T07:01:11.243757+00:00,9Td1lcX-Cno,internet cable between Flagstaff and Phoenix.,new,,,20260919_235645_YT001,20260919_235645_YT001
pirate pirate money,Pirate Pirate Money,product,5,1,1,0,2026-09-20T07:01:11.243757+00:00,2026-09-20T07:01:11.243757+00:00,vR-o6IGspmU,from Pirate Money. He wrote a book called Pirate Pirate Money and I believe,new,,,20260919_235645_YT001,20260919_235645_YT001
range rover,Range Rover,person_or_named_entity,5,1,1,0,2026-09-20T07:01:11.243757+00:00,2026-09-20T07:01:11.243757+00:00,v4d389XfJbA,was suddenly swarmed by armed cops. He was test driving a Range Rover with his,new,,,20260919_235645_YT001,20260919_235645_YT001
selective service system,Selective Service System,product,5,1,1,0,2026-09-20T07:01:11.243757+00:00,2026-09-20T07:01:11.243757+00:00,es1SX2TSqz8,The Selective Service System wants to,new,,,20260919_235645_YT001,20260919_235645_YT001
sun,Sun,named_entity,5,1,1,0,2026-09-20T07:01:11.243757+00:00,2026-09-20T07:01:11.243757+00:00,oc8B5AqvkUE,everybody was forced to admit okay okay okay the Earth goes around the Sun.,new,,,20260919_235645_YT001,20260919_235645_YT001
the staff member,the staff member,person_or_named_entity,5,1,1,0,2026-09-20T07:01:11.243757+00:00,2026-09-20T07:01:11.243757+00:00,v-BQUZFqnRc,[clears throat] member be in a meeting. And follow up with the staff member and,new,,,20260919_235645_YT001,20260919_235645_YT001
thomas,Thomas,named_entity,5,1,1,0,2026-09-20T07:01:11.243757+00:00,2026-09-20T07:01:11.243757+00:00,zXpH1Lw08m0,Let's talk about the election du jour and that's the unseating of Thomas,new,,,20260919_235645_YT001,20260919_235645_YT001
traders,Traders,named_entity,5,1,1,0,2026-09-20T07:01:11.243757+00:00,2026-09-20T07:01:11.243757+00:00,INWRgXjwPXk,they just get more and more egregious. Traders placed over $1 billion,new,,,20260919_235645_YT001,20260919_235645_YT001
workers defense committees,Workers' Defense Committees,person_or_named_entity,5,1,1,0,2026-09-20T07:01:11.243757+00:00,2026-09-20T07:01:11.243757+00:00,SR4Myof7g0Q,The Poles started forming what they called Workers' Defense Committees.,new,,,20260919_235645_YT001,20260919_235645_YT001
heat heat,Heat. Heat,person_or_named_entity,4,3,3,0,2026-09-20T07:01:11.243757+00:00,2026-09-20T07:01:11.243757+00:00,MGnJEb4sXwM,[music] >> Heat. Heat.,new,,,20260919_235645_YT001,20260919_235645_YT001
ai and,AI. And,person_or_named_entity,4,2,2,0,2026-09-20T07:01:11.243757+00:00,2026-09-20T07:01:11.243757+00:00,r8zJxgGRapQ,unemployment being caused but not by AI. And um,new,,,20260919_235645_YT001,20260919_235645_YT001
and i think i asked you,and I think I asked you,product,4,2,2,0,2026-09-20T07:01:11.243757+00:00,2026-09-20T07:01:11.243757+00:00,ilzuEH2Enr4,Tim Wu wrote a wonderful book and I think I asked you in the Netherlands if,new,,,20260919_235645_YT001,20260919_235645_YT001
europe so,Europe. So,person_or_named_entity,4,2,2,0,2026-09-20T07:01:11.243757+00:00,2026-09-20T07:01:11.243757+00:00,eRQbIpPkxVE,doomed. So he started crying when the private sector in Europe. So it's,new,,,20260919_235645_YT001,20260919_235645_YT001
it head on well,it head-on. Well,person_or_named_entity,4,2,2,0,2026-09-20T07:01:11.243757+00:00,2026-09-20T07:01:11.243757+00:00,ilzuEH2Enr4,"to actually um deal with it head-on. Well, I'd be an",new,,,20260919_235645_YT001,20260919_235645_YT001
minnesota,Minnesota,named_entity,4,2,2,0,2026-09-20T07:01:11.243757+00:00,2026-09-20T07:01:11.243757+00:00,v4d389XfJbA,was test driving a Range Rover with his wife in Minnesota.,new,,,20260919_235645_YT001,20260919_235645_YT001
um the master switch,um The Master Switch,person_or_named_entity,4,2,2,0,2026-09-20T07:01:11.243757+00:00,2026-09-20T07:01:11.243757+00:00,ilzuEH2Enr4,you'd read it. It's called um The Master Switch.,new,,,20260919_235645_YT001,20260919_235645_YT001
webster tarpley,Webster Tarpley,person_or_named_entity,4,2,2,0,2026-09-20T07:01:11.243757+00:00,2026-09-20T07:01:11.243757+00:00,m50hk1fyOYs,"these people would argue, Webster Tarpley would argue",new,,,20260919_235645_YT001,20260919_235645_YT001
yes so,Yes. So,person_or_named_entity,4,2,2,0,2026-09-20T07:01:11.243757+00:00,2026-09-20T07:01:11.243757+00:00,vR-o6IGspmU,they revoted and the final bill failed one to seven. Yes. So I don't know if it,new,,,20260919_235645_YT001,20260919_235645_YT001
arabia,Arabia,named_entity,4,1,1,0,2026-09-20T07:01:11.243757+00:00,2026-09-20T07:01:11.243757+00:00,MGnJEb4sXwM,Arabia um refused to go down that and,new,,,20260919_235645_YT001,20260919_235645_YT001
china so,China. So,person_or_named_entity,4,1,1,0,2026-09-20T07:01:11.243757+00:00,2026-09-20T07:01:11.243757+00:00,MGnJEb4sXwM,through all the accesses um for China. So we saw this in Venezuela. We've seen,new,,,20260919_235645_YT001,20260919_235645_YT001
emirates,Emirates,product,4,1,1,0,2026-09-20T07:01:11.243757+00:00,2026-09-20T07:01:11.243757+00:00,LTWifAkVVDg,"UAE paid billions to Iran to halt strikes, as a report. The Emirates paid",new,,,20260919_235645_YT001,20260919_235645_YT001
falls,Falls,named_entity,4,1,1,0,2026-09-20T07:01:11.243757+00:00,2026-09-20T07:01:11.243757+00:00,vR-o6IGspmU,Falls is also a much larger town. So 5%,new,,,20260919_235645_YT001,20260919_235645_YT001
fourth amendment,Fourth Amendment,person_or_named_entity,4,1,1,0,2026-09-20T07:01:11.243757+00:00,2026-09-20T07:01:11.243757+00:00,-YPhdbbhvv4,Geofence warrant warrants trigger Fourth Amendment protections. Geofence warrants,new,,,20260919_235645_YT001,20260919_235645_YT001
god and have proof,God and have proof,person_or_named_entity,4,1,1,0,2026-09-20T07:01:11.243757+00:00,2026-09-20T07:01:11.243757+00:00,vR-o6IGspmU,cash legislation and we have to be right with God and have proof for everything,new,,,20260919_235645_YT001,20260919_235645_YT001
imago dei this,Imago Dei. This,person_or_named_entity,4,1,1,0,2026-09-20T07:01:11.243757+00:00,2026-09-20T07:01:11.243757+00:00,eoeftpuyQXw,Judeo-Christian concept of Imago Dei. This idea that there is a distinct,new,,,20260919_235645_YT001,20260919_235645_YT001
president trump,President Trump,person_or_named_entity,4,1,1,0,2026-09-20T07:01:11.243757+00:00,2026-09-20T07:01:11.243757+00:00,MGnJEb4sXwM,"that is because I think um uh President Trump is considering, you know, the the",new,,,20260919_235645_YT001,20260919_235645_YT001
so i ve,So I've,person_or_named_entity,4,1,1,0,2026-09-20T07:01:11.243757+00:00,2026-09-20T07:01:11.243757+00:00,mq7GSzwaGBw,Python to publish papers to do research. So I've had a chance to talk to people,new,,,20260919_235645_YT001,20260919_235645_YT001
sou falls so,Sou Falls. So,person_or_named_entity,4,1,1,0,2026-09-20T07:01:11.243757+00:00,2026-09-20T07:01:11.243757+00:00,vR-o6IGspmU,phone tower couldn't do this because we don't live in Sou Falls. So our,new,,,20260919_235645_YT001,20260919_235645_YT001
south dakota they,South Dakota. They,person_or_named_entity,4,1,1,0,2026-09-20T07:01:11.243757+00:00,2026-09-20T07:01:11.243757+00:00,vR-o6IGspmU,business and they're not based in South Dakota. They have 174 locations,new,,,20260919_235645_YT001,20260919_235645_YT001
south dakota they re,South Dakota. They're,person_or_named_entity,4,1,1,0,2026-09-20T07:01:11.243757+00:00,2026-09-20T07:01:11.243757+00:00,vR-o6IGspmU,business. They are based in South Dakota. They're owned by Sanford Health.,new,,,20260919_235645_YT001,20260919_235645_YT001
the goldsmith,the goldsmith,person_or_named_entity,4,1,1,0,2026-09-20T07:01:11.243757+00:00,2026-09-20T07:01:11.243757+00:00,KKxQfBk1zBY,the gold? Are you going to put it back with the goldsmith?,new,,,20260919_235645_YT001,20260919_235645_YT001
turtle,Turtle,named_entity,4,1,1,0,2026-09-20T06:45:40.991711+00:00,2026-09-20T06:45:40.991711+00:00,DS3LfI1HbjI,Turtle forth is about continuous,new,,,20260919_234459_YT001,20260919_234459_YT001
white,White,named_entity,4,1,1,0,2026-09-20T07:01:11.243757+00:00,2026-09-20T07:01:11.243757+00:00,RRPA9FVZ2Ds,called the White,new,,,20260919_235645_YT001,20260919_235645_YT001
los angeles,Los Angeles,person_or_named_entity,3,2,2,0,2026-09-20T07:01:11.243757+00:00,2026-09-20T07:01:11.243757+00:00,9Td1lcX-Cno,shunted to Phoenix and Las Vegas and Los Angeles and so on.,new,,,20260919_235645_YT001,20260919_235645_YT001
thomas massie,Thomas Massie,person_or_named_entity,3,2,2,0,2026-09-20T07:01:11.243757+00:00,2026-09-20T07:01:11.243757+00:00,MGnJEb4sXwM,Thomas Massie in his primary. He's been,new,,,20260919_235645_YT001,20260919_235645_YT001
a a number of small measures,a a number of small measures,named_entity,3,1,1,0,2026-09-20T07:01:11.243757+00:00,2026-09-20T07:01:11.243757+00:00,MGnJEb4sXwM,the Chinese have made this much easier with a a number of small measures that,new,,,20260919_235645_YT001,20260919_235645_YT001
a camera on it,a camera on it,person_or_named_entity,3,1,1,0,2026-09-20T07:01:11.243757+00:00,2026-09-20T07:01:11.243757+00:00,vR-o6IGspmU,light bulb that screws into a normal light socket with a camera on it. And,new,,,20260919_235645_YT001,20260919_235645_YT001
a cash message,a cash message,person_or_named_entity,3,1,1,0,2026-09-20T07:01:11.243757+00:00,2026-09-20T07:01:11.243757+00:00,vR-o6IGspmU,orders are taped to the back of a piece of paper with a cash message,new,,,20260919_235645_YT001,20260919_235645_YT001
a disability,a disability,person_or_named_entity,3,1,1,0,2026-09-20T07:01:11.243757+00:00,2026-09-20T07:01:11.243757+00:00,vR-o6IGspmU,"people who don't have a credit card, it's mostly people with a disability,",new,,,20260919_235645_YT001,20260919_235645_YT001
a dollar swap uh i mean,a dollar swap. uh I mean,named_entity,3,1,1,0,2026-09-20T07:01:11.243757+00:00,2026-09-20T07:01:11.243757+00:00,MGnJEb4sXwM,to support us. You have to support us um with a dollar swap. uh I mean otherwise,new,,,20260919_235645_YT001,20260919_235645_YT001
a firm,a firm,person_or_named_entity,3,1,1,0,2026-09-20T07:01:11.243757+00:00,2026-09-20T07:01:11.243757+00:00,mq7GSzwaGBw,"front page of wire, he came to Hamilton and we spent a whole day with a firm and",new,,,20260919_235645_YT001,20260919_235645_YT001
a great map,a great map,person_or_named_entity,3,1,1,0,2026-09-20T07:01:11.243757+00:00,2026-09-20T07:01:11.243757+00:00,sSrRCNjcm5I,everything and that's You need you need a human with a great map and a great,new,,,20260919_235645_YT001,20260919_235645_YT001
a kid in junior high or,a kid in junior high or,named_entity,3,1,1,0,2026-09-20T07:01:11.243757+00:00,2026-09-20T07:01:11.243757+00:00,oGWf3g8iYLA,America with a kid in junior high or high school,new,,,20260919_235645_YT001,20260919_235645_YT001
a lot of bank traffic,a lot of bank traffic,person_or_named_entity,3,1,1,0,2026-09-20T07:01:11.243757+00:00,2026-09-20T07:01:11.243757+00:00,9Td1lcX-Cno,"that was cut in San Francisco that interfered with a lot of bank traffic,",new,,,20260919_235645_YT001,20260919_235645_YT001
a lot of people building a,a lot of people building a,named_entity,3,1,1,0,2026-09-20T07:01:11.243757+00:00,2026-09-20T07:01:11.243757+00:00,mq7GSzwaGBw,this open source enthusiast working hard with a lot of people building a lot of,new,,,20260919_235645_YT001,20260919_235645_YT001
a lower cash price so,a lower cash price. So,person_or_named_entity,3,1,1,0,2026-09-20T07:01:11.243757+00:00,2026-09-20T07:01:11.243757+00:00,vR-o6IGspmU,"the first handout is the South Dakota businesses with a lower cash price. So,",new,,,20260919_235645_YT001,20260919_235645_YT001
a new pearl harbor,a new Pearl Harbor,person_or_named_entity,3,1,1,0,2026-09-20T07:01:11.243757+00:00,2026-09-20T07:01:11.243757+00:00,m50hk1fyOYs,"we would need a galvanizing event, which they called a new Pearl Harbor,",new,,,20260919_235645_YT001,20260919_235645_YT001
a person inside it,a person inside it,person_or_named_entity,3,1,1,0,2026-09-20T07:01:11.243757+00:00,2026-09-20T07:01:11.243757+00:00,aQYwmh0gCQo,will ask what a fighter jet is and we'll say it's a drone with a person inside it,new,,,20260919_235645_YT001,20260919_235645_YT001
a petition of 5,a petition of 5,person_or_named_entity,3,1,1,0,2026-09-20T07:01:11.243757+00:00,2026-09-20T07:01:11.243757+00:00,vR-o6IGspmU,process where these decisions can be put on the ballot with a petition of 5% of,new,,,20260919_235645_YT001,20260919_235645_YT001
a provider,a provider,person_or_named_entity,3,1,1,0,2026-09-20T07:01:11.243757+00:00,2026-09-20T07:01:11.243757+00:00,C-nY_mj1XtE,"that, what do you get? You get maybe 7 minutes with a provider who, I'm sorry,",new,,,20260919_235645_YT001,20260919_235645_YT001
a red wristband,a red wristband,person_or_named_entity,3,1,1,0,2026-09-20T07:01:11.243757+00:00,2026-09-20T07:01:11.243757+00:00,vR-o6IGspmU,">> Jack, just some advice. If you help anyone with a red wristband,",new,,,20260919_235645_YT001,20260919_235645_YT001
a revenue of,a revenue of,person_or_named_entity,3,1,1,0,2026-09-20T07:01:11.243757+00:00,2026-09-20T07:01:11.243757+00:00,vR-o6IGspmU,"by Legends Global based in Los Angeles, California with a revenue of $1.7",new,,,20260919_235645_YT001,20260919_235645_YT001
a sticker on it,a sticker on it,person_or_named_entity,3,1,1,0,2026-09-20T07:01:11.243757+00:00,2026-09-20T07:01:11.243757+00:00,vR-o6IGspmU,"about cash or whatever, I give them a dollar with a sticker on it and I ask",new,,,20260919_235645_YT001,20260919_235645_YT001
a system,a system,product,3,1,1,0,2026-09-20T07:01:11.243757+00:00,2026-09-20T07:01:11.243757+00:00,oGWf3g8iYLA,"your financial system will follow suit, and you're you're dealing with a system",new,,,20260919_235645_YT001,20260919_235645_YT001
a version of,a version of,person_or_named_entity,3,1,1,0,2026-09-20T07:01:11.243757+00:00,2026-09-20T07:01:11.243757+00:00,mq7GSzwaGBw,to I can I can use a computer to use the data to come up with a version of that,new,,,20260919_235645_YT001,20260919_235645_YT001
a with a junior higher high,a with a junior higher high,product,3,1,1,0,2026-09-20T07:01:11.243757+00:00,2026-09-20T07:01:11.243757+00:00,oGWf3g8iYLA,"system really was, that anybody with a with a junior higher high school",new,,,20260919_235645_YT001,20260919_235645_YT001
aai,AAI,named_entity,3,1,1,0,2026-09-20T07:01:11.243757+00:00,2026-09-20T07:01:11.243757+00:00,mq7GSzwaGBw,past 2 years um the uh VC market the the investors have been subsidizing open AAI,new,,,20260919_235645_YT001,20260919_235645_YT001
about,About,named_entity,3,1,1,0,2026-09-20T07:01:11.243757+00:00,2026-09-20T07:01:11.243757+00:00,WCezIGm3Cp4,>> Right. >> About how how the world works.,new,,,20260919_235645_YT001,20260919_235645_YT001
about america,about America,product,3,1,1,0,2026-09-20T07:01:11.243757+00:00,2026-09-20T07:01:11.243757+00:00,mq7GSzwaGBw,"my audiences since I've been here in Utah, if I wrote a book about America",new,,,20260919_235645_YT001,20260919_235645_YT001
abraham lincoln,Abraham Lincoln,person_or_named_entity,3,1,1,0,2026-09-20T07:01:11.243757+00:00,2026-09-20T07:01:11.243757+00:00,vR-o6IGspmU,an ice cream. They have the what is it? The [sighs] Abraham Lincoln ice cream or,new,,,20260919_235645_YT001,20260919_235645_YT001
abs yeah if,Abs- Yeah. If,person_or_named_entity,3,1,1,0,2026-09-20T07:01:11.243757+00:00,2026-09-20T07:01:11.243757+00:00,87SJi_DDbt4,>> care? Abs- Yeah. If you sit down and you write,new,,,20260919_235645_YT001,20260919_235645_YT001
absolutely absolutely you,Absolutely. Absolutely. You,person_or_named_entity,3,1,1,0,2026-09-20T07:01:11.243757+00:00,2026-09-20T07:01:11.243757+00:00,mq7GSzwaGBw,look at it in very dynamic different >> Absolutely. Absolutely. You can cuz then,new,,,20260919_235645_YT001,20260919_235645_YT001
abu,Abu,organization,3,1,1,0,2026-09-20T07:01:11.243757+00:00,2026-09-20T07:01:11.243757+00:00,mq7GSzwaGBw,"Group, [music] a state-owned defense company in Abu Dhabi, has invested",new,,,20260919_235645_YT001,20260919_235645_YT001
abu dhabi,Abu Dhabi,person_or_named_entity,3,1,1,0,2026-09-20T07:01:11.243757+00:00,2026-09-20T07:01:11.243757+00:00,LTWifAkVVDg,to get out. This is a stunning turn of events for Abu Dhabi,new,,,20260919_235645_YT001,20260919_235645_YT001
accountability,Accountability,named_entity,3,1,1,0,2026-09-20T07:01:11.243757+00:00,2026-09-20T07:01:11.243757+00:00,mq7GSzwaGBw,"organize ourselves as humans as people Accountability is a human thing,",new,,,20260919_235645_YT001,20260919_235645_YT001
actually,Actually,named_entity,3,1,1,0,2026-09-20T07:01:11.243757+00:00,2026-09-20T07:01:11.243757+00:00,WFgjKQU-yFE,"pediatrician. Actually really liked him, you know,",new,,,20260919_235645_YT001,20260919_235645_YT001
adam weishaupt,Adam Weishaupt,person_or_named_entity,3,1,1,0,2026-09-20T07:01:11.243757+00:00,2026-09-20T07:01:11.243757+00:00,71DIp8e2mXk,"it's a rings upon rings structure, which is actually what Adam Weishaupt said",new,,,20260919_235645_YT001,20260919_235645_YT001
adobe,Adobe,product,3,1,1,0,2026-09-20T07:01:11.243757+00:00,2026-09-20T07:01:11.243757+00:00,mq7GSzwaGBw,"made. So, most of the software we use daily, like Microsoft Word or Adobe",new,,,20260919_235645_YT001,20260919_235645_YT001
advisors,Advisors,named_entity,3,1,1,0,2026-09-20T07:01:11.243757+00:00,2026-09-20T07:01:11.243757+00:00,87SJi_DDbt4,Telecommunications Officers and Advisors.,new,,,20260919_235645_YT001,20260919_235645_YT001
africa,Africa,named_entity,3,1,1,0,2026-09-20T07:01:11.243757+00:00,2026-09-20T07:01:11.243757+00:00,mq7GSzwaGBw,lot of interest and connections in Africa and Latin America and the,new,,,20260919_235645_YT001,20260919_235645_YT001
ai and the data centers,AI and the data centers,person_or_named_entity,3,1,1,0,2026-09-20T07:01:11.243757+00:00,2026-09-20T07:01:11.243757+00:00,mD_aE7ZCMoo,"this data you know, with AI and the data centers,",new,,,20260919_235645_YT001,20260919_235645_YT001
ai is,AI. Is,person_or_named_entity,3,1,1,0,2026-09-20T07:01:11.243757+00:00,2026-09-20T07:01:11.243757+00:00,mq7GSzwaGBw,>> And um you know so so tell me about the economics on AI. Is it the same thing?,new,,,20260919_235645_YT001,20260919_235645_YT001
ai this,AI. This,person_or_named_entity,3,1,1,0,2026-09-20T07:01:11.243757+00:00,2026-09-20T07:01:11.243757+00:00,mq7GSzwaGBw,just hobbyists can contribute to advancing AI. This widespread access,new,,,20260919_235645_YT001,20260919_235645_YT001
aidriven,AIdriven,named_entity,3,1,1,0,2026-09-20T07:01:11.243757+00:00,2026-09-20T07:01:11.243757+00:00,mq7GSzwaGBw,"especially, are increasingly using AIdriven decision support systems or",new,,,20260919_235645_YT001,20260919_235645_YT001
aipac,AIPAC,named_entity,3,1,1,0,2026-09-20T07:01:11.243757+00:00,2026-09-20T07:01:11.243757+00:00,SOADMgNpZr0,website where they're tracking AIPAC donations to every single,new,,,20260919_235645_YT001,20260919_235645_YT001
ais,AIs,named_entity,3,1,1,0,2026-09-20T07:01:11.243757+00:00,2026-09-20T07:01:11.243757+00:00,mq7GSzwaGBw,lose your data sovereignty as you're um sending information to AIs that aren't,new,,,20260919_235645_YT001,20260919_235645_YT001
ais how,AIS. How,person_or_named_entity,3,1,1,0,2026-09-20T07:01:11.243757+00:00,2026-09-20T07:01:11.243757+00:00,mq7GSzwaGBw,people are seeing from the uh public AIS. How do you get that same capability,new,,,20260919_235645_YT001,20260919_235645_YT001
alade,Alade,named_entity,3,1,1,0,2026-09-20T07:01:11.243757+00:00,2026-09-20T07:01:11.243757+00:00,MGnJEb4sXwM,"even to put the radar back in in in in Gata in the Alade base there, it it it",new,,,20260919_235645_YT001,20260919_235645_YT001
alcoa,Alcoa,named_entity,3,1,1,0,2026-09-20T07:01:11.243757+00:00,2026-09-20T07:01:11.243757+00:00,OnEOcaUnBg0,"believe he's sincere and he really is. And the next thing you know, Alcoa is",new,,,20260919_235645_YT001,20260919_235645_YT001
alistair,Alistair,named_entity,3,1,1,0,2026-09-20T07:01:11.243757+00:00,2026-09-20T07:01:11.243757+00:00,MGnJEb4sXwM,"said, ""I want you to go back and listen to what Alistair said again because this",new,,,20260919_235645_YT001,20260919_235645_YT001
alistister,Alistister,named_entity,3,1,1,0,2026-09-20T07:01:11.243757+00:00,2026-09-20T07:01:11.243757+00:00,MGnJEb4sXwM,we've discovered is that there's a this started Alistister because our,new,,,20260919_235645_YT001,20260919_235645_YT001
alistister crook,Alistister Crook,product,3,1,1,0,2026-09-20T07:01:11.243757+00:00,2026-09-20T07:01:11.243757+00:00,MGnJEb4sXwM,"Cari Report. We have an immense treat for you today. Um, Alistister Crook is,",new,,,20260919_235645_YT001,20260919_235645_YT001
all of this is all the,all of this is all the,named_entity,3,1,1,0,2026-09-20T06:45:40.991711+00:00,2026-09-20T06:45:40.991711+00:00,37qD1Jj3NOc,So what are they going to do? >> My problem with all of this is all the,new,,,20260919_234459_YT001,20260919_234459_YT001
all the flock cameras in your,all the flock cameras in your,named_entity,3,1,1,0,2026-09-20T07:01:11.243757+00:00,2026-09-20T07:01:11.243757+00:00,vR-o6IGspmU,deflock.mme and you can it has a map with all the flock cameras in your area.,new,,,20260919_235645_YT001,20260919_235645_YT001
all these blocks,all these blocks,person_or_named_entity,3,1,1,0,2026-09-20T07:01:11.243757+00:00,2026-09-20T07:01:11.243757+00:00,YItOkNjS4OY,and the people up top can can control with all these blocks and sabotage and,new,,,20260919_235645_YT001,20260919_235645_YT001
almost,Almost,named_entity,3,1,1,0,2026-09-20T07:01:11.243757+00:00,2026-09-20T07:01:11.243757+00:00,vR-o6IGspmU,credit card fees taken out of South Dakota in one year was what? Almost a,new,,,20260919_235645_YT001,20260919_235645_YT001
although,Although,named_entity,3,1,1,0,2026-09-20T07:01:11.243757+00:00,2026-09-20T07:01:11.243757+00:00,mq7GSzwaGBw,>> It's a beautiful place. >> Although you weren't necessarily there,new,,,20260919_235645_YT001,20260919_235645_YT001
always there s,Always. There's,organization,3,1,1,0,2026-09-20T07:01:11.243757+00:00,2026-09-20T07:01:11.243757+00:00,mq7GSzwaGBw,that are accountable for that company. Always. There's a board. There's there's,new,,,20260919_235645_YT001,20260919_235645_YT001
amazing so,Amazing. So,person_or_named_entity,3,1,1,0,2026-09-20T07:01:11.243757+00:00,2026-09-20T07:01:11.243757+00:00,sSrRCNjcm5I,and she's an amazing researcher. Amazing. So we've got her checking,new,,,20260919_235645_YT001,20260919_235645_YT001
amazon s,Amazon's,named_entity,3,1,1,0,2026-09-20T07:01:11.243757+00:00,2026-09-20T07:01:11.243757+00:00,mq7GSzwaGBw,"centralized AIs, these big centralized hyperscalers. I mean Amazon's been",new,,,20260919_235645_YT001,20260919_235645_YT001
america and,America. And,organization,3,1,1,0,2026-09-20T07:01:11.243757+00:00,2026-09-20T07:01:11.243757+00:00,87SJi_DDbt4,"A coalition representing virtually every city, county, and town in America. And",new,,,20260919_235645_YT001,20260919_235645_YT001
america shut,America. Shut,person_or_named_entity,3,1,1,0,2026-09-20T07:01:11.243757+00:00,2026-09-20T07:01:11.243757+00:00,MGnJEb4sXwM,Arabia shut the use of its Prince Sultan air base to America. Shut it. Shut its,new,,,20260919_235645_YT001,20260919_235645_YT001
american ict,American ICT,person_or_named_entity,3,1,1,0,2026-09-20T07:01:11.243757+00:00,2026-09-20T07:01:11.243757+00:00,mq7GSzwaGBw,tracking assassination targets are American ICT and AI companies in,new,,,20260919_235645_YT001,20260919_235645_YT001
american because,American. Because,person_or_named_entity,3,1,1,0,2026-09-20T07:01:11.243757+00:00,2026-09-20T07:01:11.243757+00:00,Oxk8BAFUdBE,from Polish literally into into Western European and American. Because in,new,,,20260919_235645_YT001,20260919_235645_YT001
americans american,Americans American,person_or_named_entity,3,1,1,0,2026-09-20T07:01:11.243757+00:00,2026-09-20T07:01:11.243757+00:00,Nx-vggrpYNw,foreign adversaries. But if you think that Americans American,new,,,20260919_235645_YT001,20260919_235645_YT001
americans they re,Americans. They're,person_or_named_entity,3,1,1,0,2026-09-20T07:01:11.243757+00:00,2026-09-20T07:01:11.243757+00:00,j4rItIYZV_o,consistent with the uh economic aspirations of most Americans. They're,new,,,20260919_235645_YT001,20260919_235645_YT001
ammani,Ammani,named_entity,3,1,1,0,2026-09-20T07:01:11.243757+00:00,2026-09-20T07:01:11.243757+00:00,MGnJEb4sXwM,vessels look you know take the risk and try and stay as close to the Ammani,new,,,20260919_235645_YT001,20260919_235645_YT001
an agent the accountability of a,an agent the accountability of a,organization,3,1,1,0,2026-09-20T07:01:11.243757+00:00,2026-09-20T07:01:11.243757+00:00,mq7GSzwaGBw,>> oh that it's a terrible idea to give a a company an agent the accountability of a,new,,,20260919_235645_YT001,20260919_235645_YT001
an app,an app,product,3,1,1,0,2026-09-20T07:01:11.243757+00:00,2026-09-20T07:01:11.243757+00:00,vR-o6IGspmU,"buffalo. We can trade that digitally, too, on our phone with an app and we can",new,,,20260919_235645_YT001,20260919_235645_YT001
an automated third lock,an automated third lock,person_or_named_entity,3,1,1,0,2026-09-20T07:01:11.243757+00:00,2026-09-20T07:01:11.243757+00:00,tQjAGbYIw00,"If you achieve financial transaction control with an automated third lock,",new,,,20260919_235645_YT001,20260919_235645_YT001
an issue,an issue,person_or_named_entity,3,1,1,0,2026-09-20T07:01:11.243757+00:00,2026-09-20T07:01:11.243757+00:00,qy_N0XOlApA,There there's nothing worse when someone shows up to with an issue and they have,new,,,20260919_235645_YT001,20260919_235645_YT001
and this has been going on,and this has been going on,named_entity,3,1,1,0,2026-09-20T07:01:11.243757+00:00,2026-09-20T07:01:11.243757+00:00,MGnJEb4sXwM,um through the Iranian processing um for China um with and this has been going on,new,,,20260919_235645_YT001,20260919_235645_YT001
and welcome,and welcome,product,3,1,1,0,2026-09-20T07:01:11.243757+00:00,2026-09-20T07:01:11.243757+00:00,vR-o6IGspmU,"Ladies and gentlemen, welcome to the Salary Report and welcome to Sou Falls,",new,,,20260919_235645_YT001,20260919_235645_YT001
and you ve got,and you've got,media_show,3,1,1,0,2026-09-20T07:01:11.243757+00:00,2026-09-20T07:01:11.243757+00:00,9Td1lcX-Cno,">> Right. >> So, I've got a channel and you've got to",new,,,20260919_235645_YT001,20260919_235645_YT001
anra,Anra,named_entity,3,1,1,0,2026-09-20T07:01:11.243757+00:00,2026-09-20T07:01:11.243757+00:00,MGnJEb4sXwM,of a society that it can't just be the sort of the selfish gene as Anra was,new,,,20260919_235645_YT001,20260919_235645_YT001
anthropic,Anthropic,named_entity,3,1,1,0,2026-09-20T07:01:11.243757+00:00,2026-09-20T07:01:11.243757+00:00,mq7GSzwaGBw,"services. Companies like Amazon, Microsoft, Google, OpenAI, and Anthropic",new,,,20260919_235645_YT001,20260919_235645_YT001
any company,any company,organization,3,1,1,0,2026-09-20T07:01:11.243757+00:00,2026-09-20T07:01:11.243757+00:00,mq7GSzwaGBw,>> so Quansite becomes a we so Quite contracts with any company that is,new,,,20260919_235645_YT001,20260919_235645_YT001
anybody,Anybody,named_entity,3,1,1,0,2026-09-20T07:01:11.243757+00:00,2026-09-20T07:01:11.243757+00:00,vR-o6IGspmU,have a better idea? Do you have a better idea? Anybody here,new,,,20260919_235645_YT001,20260919_235645_YT001
anybody remember,anybody. Remember,person_or_named_entity,3,1,1,0,2026-09-20T07:01:11.243757+00:00,2026-09-20T07:01:11.243757+00:00,mD_aE7ZCMoo,"customer. You can't just do business with anybody. Remember, all of this is",new,,,20260919_235645_YT001,20260919_235645_YT001
anyone,Anyone,named_entity,3,1,1,0,2026-09-20T07:01:11.243757+00:00,2026-09-20T07:01:11.243757+00:00,vR-o6IGspmU,cops. >> There are no cops. Anyone can find you.,new,,,20260919_235645_YT001,20260919_235645_YT001
apac it s,Apac. It's,person_or_named_entity,3,1,1,0,2026-09-20T07:01:11.243757+00:00,2026-09-20T07:01:11.243757+00:00,MGnJEb4sXwM,Republican side has now gotten $9 million from Apac. It's quite it's quite,new,,,20260919_235645_YT001,20260919_235645_YT001
apple,Apple,named_entity,3,1,1,0,2026-09-20T07:01:11.243757+00:00,2026-09-20T07:01:11.243757+00:00,raxt96y9XFQ,with Google. You're going to reach them with Apple and Meta.,new,,,20260919_235645_YT001,20260919_235645_YT001
arachi,Arachi,named_entity,3,1,1,0,2026-09-20T07:01:11.243757+00:00,2026-09-20T07:01:11.243757+00:00,MGnJEb4sXwM,which was the first rapromo. And I suspect um as you know Arachi um,new,,,20260919_235645_YT001,20260919_235645_YT001
arizona,Arizona,named_entity,3,1,1,0,2026-09-20T07:01:11.243757+00:00,2026-09-20T07:01:11.243757+00:00,SOADMgNpZr0,heard about this doctor. She's got a a website in Arizona where she talks of,new,,,20260919_235645_YT001,20260919_235645_YT001
armageddon,Armageddon,named_entity,3,1,1,0,2026-09-20T07:01:11.243757+00:00,2026-09-20T07:01:11.243757+00:00,MGnJEb4sXwM,there's a messianic and and an embrace of um uh Armageddon as the uh solution,new,,,20260919_235645_YT001,20260919_235645_YT001
arrivals,Arrivals,named_entity,3,1,1,0,2026-09-20T07:01:11.243757+00:00,2026-09-20T07:01:11.243757+00:00,vR-o6IGspmU,>> I can't wait to see Margaret. >> Arrivals 087.,new,,,20260919_235645_YT001,20260919_235645_YT001
artists,Artists,named_entity,3,1,1,0,2026-09-20T07:01:11.243757+00:00,2026-09-20T07:01:11.243757+00:00,vR-o6IGspmU,anything they shove down your throat. Artists were supposed to turn a mirror,new,,,20260919_235645_YT001,20260919_235645_YT001
ashley,Ashley,named_entity,3,1,1,0,2026-09-20T07:01:11.243757+00:00,2026-09-20T07:01:11.243757+00:00,MGnJEb4sXwM,And these are done I I just quickly say by uh Ashley my wife I mean who works we,new,,,20260919_235645_YT001,20260919_235645_YT001
ask katherine,Ask Katherine,media_show,3,1,1,0,2026-09-20T07:01:11.243757+00:00,2026-09-20T07:01:11.243757+00:00,mq7GSzwaGBw,"this, I can't find that. Or on we have a show called Ask Katherine where we've",new,,,20260919_235645_YT001,20260919_235645_YT001
assassinating,Assassinating,named_entity,3,1,1,0,2026-09-20T07:01:11.243757+00:00,2026-09-20T07:01:11.243757+00:00,INWRgXjwPXk,"to place bets on, I don't know, Assassinating you. the assassination of",new,,,20260919_235645_YT001,20260919_235645_YT001
asteround,Asteround,named_entity,3,1,1,0,2026-09-20T07:01:11.243757+00:00,2026-09-20T07:01:11.243757+00:00,vR-o6IGspmU,me. Um but one of them specifically I checked into Asteround and it turns out,new,,,20260919_235645_YT001,20260919_235645_YT001
atlanta,Atlanta,named_entity,3,1,1,0,2026-09-20T07:01:11.243757+00:00,2026-09-20T07:01:11.243757+00:00,vR-o6IGspmU,now part of Mammoth Holdings based out of Atlanta with 67 car washes across the,new,,,20260919_235645_YT001,20260919_235645_YT001
attorney general ken paxton,Attorney General Ken Paxton,person_or_named_entity,3,1,1,0,2026-09-20T07:01:11.243757+00:00,2026-09-20T07:01:11.243757+00:00,r7POfIOIJd8,"Uh again, going back to Texas, uh Attorney General Ken Paxton filed a",new,,,20260919_235645_YT001,20260919_235645_YT001
austin texas,Austin Texas,person_or_named_entity,3,1,1,0,2026-09-20T07:01:11.243757+00:00,2026-09-20T07:01:11.243757+00:00,mq7GSzwaGBw,I can own the forefather claim >> and you've been living in Austin Texas,new,,,20260919_235645_YT001,20260919_235645_YT001
austin we re,Austin. We're,person_or_named_entity,3,1,1,0,2026-09-20T07:01:11.243757+00:00,2026-09-20T07:01:11.243757+00:00,mq7GSzwaGBw,meetup. We're just getting started. We've had one in Austin. We're having,new,,,20260919_235645_YT001,20260919_235645_YT001
australia,Australia,named_entity,3,1,1,0,2026-09-20T07:01:11.243757+00:00,2026-09-20T07:01:11.243757+00:00,YItOkNjS4OY,explosions and sabotage of energy plants around the world in Australia,new,,,20260919_235645_YT001,20260919_235645_YT001
australians,Australians,named_entity,3,1,1,0,2026-09-20T07:01:11.243757+00:00,2026-09-20T07:01:11.243757+00:00,raxt96y9XFQ,"it's about sea lanes, it's about real railroads. So, the Australians bombed",new,,,20260919_235645_YT001,20260919_235645_YT001
awesome,Awesome,named_entity,3,1,1,0,2026-09-20T07:01:11.243757+00:00,2026-09-20T07:01:11.243757+00:00,mq7GSzwaGBw,forward. >> Awesome.,new,,,20260919_235645_YT001,20260919_235645_YT001
axius,Axius,product,3,1,1,0,2026-09-20T07:01:11.243757+00:00,2026-09-20T07:01:11.243757+00:00,MGnJEb4sXwM,agreed those points that America made and were reported by Axius and of course,new,,,20260919_235645_YT001,20260919_235645_YT001
ayatollah,Ayatollah,named_entity,3,1,1,0,2026-09-20T07:01:11.243757+00:00,2026-09-20T07:01:11.243757+00:00,INWRgXjwPXk,"a single user made over $550,000 betting that the Ayatollah",new,,,20260919_235645_YT001,20260919_235645_YT001
babylon s,Babylon's,named_entity,3,1,1,0,2026-09-20T07:01:11.243757+00:00,2026-09-20T07:01:11.243757+00:00,oGWf3g8iYLA,"What what has been the problem? Well, in in Babylon's Banksters,",new,,,20260919_235645_YT001,20260919_235645_YT001
bach,Bach,named_entity,3,1,1,0,2026-09-20T07:01:11.243757+00:00,2026-09-20T07:01:11.243757+00:00,MGnJEb4sXwM,"heard a 100 high schooler and grade schoolers play Bach last night. So, it",new,,,20260919_235645_YT001,20260919_235645_YT001
bahrain,Bahrain,named_entity,3,1,1,0,2026-09-20T07:01:11.243757+00:00,2026-09-20T07:01:11.243757+00:00,mq7GSzwaGBw,companies including Palanteer. Iran also hit [music] Amazon hubs in Bahrain and,new,,,20260919_235645_YT001,20260919_235645_YT001
bank,Bank,named_entity,3,1,1,0,2026-09-20T07:01:11.243757+00:00,2026-09-20T07:01:11.243757+00:00,ChdoKKB48CU,"By the following year, they'd crashed the Bank of England, which had been",new,,,20260919_235645_YT001,20260919_235645_YT001
barksdale at,Barksdale. At,product,3,1,1,0,2026-09-20T07:01:11.243757+00:00,2026-09-20T07:01:11.243757+00:00,RRPA9FVZ2Ds,they changed course to Barksdale. At some,new,,,20260919_235645_YT001,20260919_235645_YT001
barry,Barry,named_entity,3,1,1,0,2026-09-20T07:01:11.243757+00:00,2026-09-20T07:01:11.243757+00:00,mq7GSzwaGBw,Greo be called the benevolent dictator and then [music] Barry suggested,new,,,20260919_235645_YT001,20260919_235645_YT001
battle,Battle,named_entity,3,1,1,0,2026-09-20T07:01:11.243757+00:00,2026-09-20T07:01:11.243757+00:00,mD_aE7ZCMoo,Rothschild exploited inside information about the Battle of Waterloo to trade on,new,,,20260919_235645_YT001,20260919_235645_YT001
bay area there s,Bay Area. There's,person_or_named_entity,3,1,1,0,2026-09-20T07:01:11.243757+00:00,2026-09-20T07:01:11.243757+00:00,mq7GSzwaGBw,We've had one in Austin. We're having them in the Bay Area. There's folks all,new,,,20260919_235645_YT001,20260919_235645_YT001
because j p morgan,Because J.P. Morgan,person_or_named_entity,3,1,1,0,2026-09-20T07:01:11.243757+00:00,2026-09-20T07:01:11.243757+00:00,oGWf3g8iYLA,that's a bunch of poppycock. Because J.P. Morgan stood to make a,new,,,20260919_235645_YT001,20260919_235645_YT001
beijing he,Beijing. He,person_or_named_entity,3,1,1,0,2026-09-20T07:01:11.243757+00:00,2026-09-20T07:01:11.243757+00:00,MGnJEb4sXwM,"been in Beijing and has just come back from Beijing. He didn't stop, by the",new,,,20260919_235645_YT001,20260919_235645_YT001
below,Below,named_entity,3,1,1,0,2026-09-20T07:01:11.243757+00:00,2026-09-20T07:01:11.243757+00:00,vR-o6IGspmU,>> Freezing. Below freezing. >> Below freezing.,new,,,20260919_235645_YT001,20260919_235645_YT001
bense,Bense,named_entity,3,1,1,0,2026-09-20T07:01:11.243757+00:00,2026-09-20T07:01:11.243757+00:00,MGnJEb4sXwM,"like um acts to to to in response to um well, Bense um attempt to sanction",new,,,20260919_235645_YT001,20260919_235645_YT001
benurian,Benurian,named_entity,3,1,1,0,2026-09-20T07:01:11.243757+00:00,2026-09-20T07:01:11.243757+00:00,MGnJEb4sXwM,uh when Israel was first founded um Benurian um said look we are a small,new,,,20260919_235645_YT001,20260919_235645_YT001
bible,Bible,named_entity,3,1,1,0,2026-09-20T07:01:11.243757+00:00,2026-09-20T07:01:11.243757+00:00,KKxQfBk1zBY,everywhere. Why? Because the Bible says so.,new,,,20260919_235645_YT001,20260919_235645_YT001
bilderberg group,Bilderberg Group,organization,3,1,1,0,2026-09-20T07:01:11.243757+00:00,2026-09-20T07:01:11.243757+00:00,ChdoKKB48CU,"Relations, the CFR, and the RIIA, and spawned the Bilderberg Group in 1954 and",new,,,20260919_235645_YT001,20260919_235645_YT001
birds eye,Birds Eye,person_or_named_entity,3,1,1,0,2026-09-20T06:45:40.991711+00:00,2026-09-20T06:45:40.991711+00:00,ZW6Lf7iQV3Q,"meals and snacks. Uh Conagra, which makes Birds Eye frozen vegetables and",new,,,20260919_234459_YT001,20260919_234459_YT001
bitcoin so,Bitcoin. So,person_or_named_entity,3,1,1,0,2026-09-20T07:01:11.243757+00:00,2026-09-20T07:01:11.243757+00:00,vR-o6IGspmU,of them. We had state investments in Bitcoin. So this would permit the state,new,,,20260919_235645_YT001,20260919_235645_YT001
boer war the boer war,Boer War. The Boer War,person_or_named_entity,3,1,1,0,2026-09-20T07:01:11.243757+00:00,2026-09-20T07:01:11.243757+00:00,ChdoKKB48CU,It was another secret society. It cited the Boer War. The Boer War was,new,,,20260919_235645_YT001,20260919_235645_YT001
both the stocks,both the stocks,person_or_named_entity,3,1,1,0,2026-09-20T07:01:11.243757+00:00,2026-09-20T07:01:11.243757+00:00,raxt96y9XFQ,"want is if you've got the accounts open with the you know, with both the stocks",new,,,20260919_235645_YT001,20260919_235645_YT001
brigita ben david,Brigita Ben David,person_or_named_entity,3,1,1,0,2026-09-20T07:01:11.243757+00:00,2026-09-20T07:01:11.243757+00:00,hxQGwThmCD8,with me Gita Ben David or Brigita Ben David from Denmark and,new,,,20260919_235645_YT001,20260919_235645_YT001
brit,Brit,named_entity,3,1,1,0,2026-09-20T07:01:11.243757+00:00,2026-09-20T07:01:11.243757+00:00,MGnJEb4sXwM,"know, you've got to help us with that. And so, that was the Brit quid proquo.",new,,,20260919_235645_YT001,20260919_235645_YT001
brussels,Brussels,named_entity,3,1,1,0,2026-09-20T07:01:11.243757+00:00,2026-09-20T07:01:11.243757+00:00,MGnJEb4sXwM,that and calling them a centrist party which obeys Brussels um uh autocracy. Um,new,,,20260919_235645_YT001,20260919_235645_YT001
bud,Bud,named_entity,3,1,1,0,2026-09-20T07:01:11.243757+00:00,2026-09-20T07:01:11.243757+00:00,W4aWp1dC5ZU,"could not get that passed. >> So, would you suggest Bud that if",new,,,20260919_235645_YT001,20260919_235645_YT001
build,Build,media_show,3,1,1,0,2026-09-20T07:01:11.243757+00:00,2026-09-20T07:01:11.243757+00:00,qy_N0XOlApA,Show up at their events. Uh show up early. Build a relationship with them.,new,,,20260919_235645_YT001,20260919_235645_YT001
building,Building,named_entity,3,1,1,0,2026-09-20T07:01:11.243757+00:00,2026-09-20T07:01:11.243757+00:00,ilzuEH2Enr4,than ever because the AI can support the gap of talent. Building business is one,new,,,20260919_235645_YT001,20260919_235645_YT001
bush,Bush,named_entity,3,1,1,0,2026-09-20T07:01:11.243757+00:00,2026-09-20T07:01:11.243757+00:00,RRPA9FVZ2Ds,someone allegedly made a phone call while Bush,new,,,20260919_235645_YT001,20260919_235645_YT001
but there going,but there going,organization,3,1,1,0,2026-09-20T07:01:11.243757+00:00,2026-09-20T07:01:11.243757+00:00,mq7GSzwaGBw,>> right and there needs to be a death penalty for company but there going to,new,,,20260919_235645_YT001,20260919_235645_YT001
by and,By And,person_or_named_entity,3,1,1,0,2026-09-20T07:01:11.243757+00:00,2026-09-20T07:01:11.243757+00:00,xIZYuhJjYAQ,"breathing into the root root chakra, you can say so. By And also",new,,,20260919_235645_YT001,20260919_235645_YT001
called ask katherine,called Ask Katherine,media_show,3,1,1,0,2026-09-20T07:01:11.243757+00:00,2026-09-20T07:01:11.243757+00:00,mq7GSzwaGBw,"this, I can't find that. Or on we have a show called Ask Katherine where we've",new,,,20260919_235645_YT001,20260919_235645_YT001
cardinal archbishop,Cardinal Archbishop,person_or_named_entity,3,1,1,0,2026-09-20T07:01:11.243757+00:00,2026-09-20T07:01:11.243757+00:00,RRdQPuFQCik,">> And you've got you've got Stefan Cardinal Wyszynski, Cardinal Archbishop",new,,,20260919_235645_YT001,20260919_235645_YT001
cari report we,Cari Report. We,product,3,1,1,0,2026-09-20T07:01:11.243757+00:00,2026-09-20T07:01:11.243757+00:00,MGnJEb4sXwM,"Ladies and gentlemen, welcome to the Cari Report. We have an immense treat",new,,,20260919_235645_YT001,20260919_235645_YT001
carlos,Carlos,named_entity,3,1,1,0,2026-09-20T07:01:11.243757+00:00,2026-09-20T07:01:11.243757+00:00,v02RjgeEg7Y,"but here's here's what you know, Carlos has said, and I think",new,,,20260919_235645_YT001,20260919_235645_YT001
carlos s,Carlos's,named_entity,3,1,1,0,2026-09-20T07:01:11.243757+00:00,2026-09-20T07:01:11.243757+00:00,eRQbIpPkxVE,"you realize this, but both both Carlos's father and my father were",new,,,20260919_235645_YT001,20260919_235645_YT001
cary cash,Cary Cash,person_or_named_entity,3,1,1,0,2026-09-20T07:01:11.243757+00:00,2026-09-20T07:01:11.243757+00:00,vR-o6IGspmU,"same costume every year. So, we made new costumes. It's called Cary Cash. So,",new,,,20260919_235645_YT001,20260919_235645_YT001
cary cash so,Cary Cash. So,person_or_named_entity,3,1,1,0,2026-09-20T07:01:11.243757+00:00,2026-09-20T07:01:11.243757+00:00,vR-o6IGspmU,"same costume every year. So, we made new costumes. It's called Cary Cash. So,",new,,,20260919_235645_YT001,20260919_235645_YT001
cash,Cash,named_entity,3,1,1,0,2026-09-20T07:01:11.243757+00:00,2026-09-20T07:01:11.243757+00:00,vR-o6IGspmU,"we have an emergency, we are in real trouble if we don't have cash. Cash",new,,,20260919_235645_YT001,20260919_235645_YT001
cash and don t support businesses,cash and don't support businesses,person_or_named_entity,3,1,1,0,2026-09-20T07:01:11.243757+00:00,2026-09-20T07:01:11.243757+00:00,vR-o6IGspmU,easier way is for us all just to pay with cash and don't support businesses,new,,,20260919_235645_YT001,20260919_235645_YT001
cash at least,cash at least,person_or_named_entity,3,1,1,0,2026-09-20T07:01:11.243757+00:00,2026-09-20T07:01:11.243757+00:00,vR-o6IGspmU,can fix this for us we have got to choose to pay with cash at least for gas,new,,,20260919_235645_YT001,20260919_235645_YT001
cash messages so,cash messages. So,person_or_named_entity,3,1,1,0,2026-09-20T07:01:11.243757+00:00,2026-09-20T07:01:11.243757+00:00,vR-o6IGspmU,"do at Easter is we put cash in the Easter eggs with cash messages. So, that",new,,,20260919_235645_YT001,20260919_235645_YT001
cash s king,Cash's King,person_or_named_entity,3,1,1,0,2026-09-20T07:01:11.243757+00:00,2026-09-20T07:01:11.243757+00:00,vR-o6IGspmU,"Halloween cash at Halloween. So, I have my Cash's King costume where I just",new,,,20260919_235645_YT001,20260919_235645_YT001
cash s king halloween,Cash's King Halloween,person_or_named_entity,3,1,1,0,2026-09-20T07:01:11.243757+00:00,2026-09-20T07:01:11.243757+00:00,vR-o6IGspmU,shoulders and and then I have a king hat and that's my Cash's King Halloween,new,,,20260919_235645_YT001,20260919_235645_YT001
catherine austin fitts,Catherine Austin Fitts,person,3,1,1,0,2026-09-20T07:01:11.243757+00:00,2026-09-20T07:01:11.243757+00:00,FXNfNrtGHlo,Solari Report with John Titus and Catherine Austin Fitts. This is money,existing,fitts_catherine,,20260919_235645_YT001,20260919_235645_YT001
catherine austin fitts this,Catherine Austin Fitts. This,product,3,1,1,0,2026-09-20T07:01:11.243757+00:00,2026-09-20T07:01:11.243757+00:00,FXNfNrtGHlo,Solari Report with John Titus and Catherine Austin Fitts. This is money,new,,,20260919_235645_YT001,20260919_235645_YT001
catherine s,Catherine's,named_entity,3,1,1,0,2026-09-20T07:01:11.243757+00:00,2026-09-20T07:01:11.243757+00:00,mq7GSzwaGBw,with Katherine. I'm going to use Catherine's frame because she publishes,new,,,20260919_235645_YT001,20260919_235645_YT001
celeria report this,Celeria Report. This,product,3,1,1,0,2026-09-20T07:01:11.243757+00:00,2026-09-20T07:01:11.243757+00:00,mq7GSzwaGBw,"Ladies and gentlemen, welcome to the Celeria Report. This is Katherine Austin",new,,,20260919_235645_YT001,20260919_235645_YT001
chachi bt,Chachi BT,person_or_named_entity,3,1,1,0,2026-09-20T07:01:11.243757+00:00,2026-09-20T07:01:11.243757+00:00,mq7GSzwaGBw,"inside to see how they work, including programs like Chachi BT. closed source,",new,,,20260919_235645_YT001,20260919_235645_YT001
chad gpt,Chad GPT,person_or_named_entity,3,1,1,0,2026-09-20T07:01:11.243757+00:00,2026-09-20T07:01:11.243757+00:00,mq7GSzwaGBw,capabilities for dual use research and development. [music] Chad GPT recently,new,,,20260919_235645_YT001,20260919_235645_YT001
charge,Charge,named_entity,3,1,1,0,2026-09-20T07:01:11.243757+00:00,2026-09-20T07:01:11.243757+00:00,mq7GSzwaGBw,just charge forward. >> Charge in.,new,,,20260919_235645_YT001,20260919_235645_YT001
charged,Charged,named_entity,3,1,1,0,2026-09-20T07:01:11.243757+00:00,2026-09-20T07:01:11.243757+00:00,KiRtjIh2kjc,"of particles. Charged particles. What is charge? Well,",new,,,20260919_235645_YT001,20260919_235645_YT001
chicago they,Chicago. They,person_or_named_entity,3,1,1,0,2026-09-20T07:01:11.243757+00:00,2026-09-20T07:01:11.243757+00:00,tK4hyAbE3rw,met were were Polish. I met them in Chicago. They are just,new,,,20260919_235645_YT001,20260919_235645_YT001
chillings,Chillings,named_entity,3,1,1,0,2026-09-20T07:01:11.243757+00:00,2026-09-20T07:01:11.243757+00:00,mq7GSzwaGBw,a wonderful movie like I don't know about eight weeks ago called Chillings,new,,,20260919_235645_YT001,20260919_235645_YT001
china iran railroad,China-Iran Railroad,person_or_named_entity,3,1,1,0,2026-09-20T07:01:11.243757+00:00,2026-09-20T07:01:11.243757+00:00,raxt96y9XFQ,"railroads. So, the Australians bombed the China-Iran Railroad in April, right?",new,,,20260919_235645_YT001,20260919_235645_YT001
china china,China. China,person_or_named_entity,3,1,1,0,2026-09-20T07:01:11.243757+00:00,2026-09-20T07:01:11.243757+00:00,mq7GSzwaGBw,than any other country in the world including China. China I think has I,new,,,20260919_235645_YT001,20260919_235645_YT001
china right,China. Right,person_or_named_entity,3,1,1,0,2026-09-20T07:01:11.243757+00:00,2026-09-20T07:01:11.243757+00:00,9Td1lcX-Cno,States because they send the data to China. Right.,new,,,20260919_235645_YT001,20260919_235645_YT001
china there s,China. There's,person_or_named_entity,3,1,1,0,2026-09-20T07:01:11.243757+00:00,2026-09-20T07:01:11.243757+00:00,MGnJEb4sXwM,this and also on the inner ring of violence around China. There's a buildup,new,,,20260919_235645_YT001,20260919_235645_YT001
christian,Christian,named_entity,3,1,1,0,2026-09-20T07:01:11.243757+00:00,2026-09-20T07:01:11.243757+00:00,2FCT_uA2z5k,"to follow the old religion. The old if you like pre-Islamic, pre-Christian",new,,,20260919_235645_YT001,20260919_235645_YT001
cia,CIA,government,3,1,1,0,2026-09-20T07:01:11.243757+00:00,2026-09-20T07:01:11.243757+00:00,MGnJEb4sXwM,your work. Thank you for joining us on the CIA report. Any last words?,new,,,20260919_235645_YT001,20260919_235645_YT001
citizen,Citizen,named_entity,3,1,1,0,2026-09-20T07:01:11.243757+00:00,2026-09-20T07:01:11.243757+00:00,vR-o6IGspmU,>> Welcome to Utopia. Citizen departure 67. Citizen arrival 077,new,,,20260919_235645_YT001,20260919_235645_YT001
civilization,Civilization,named_entity,3,1,1,0,2026-09-20T07:01:11.243757+00:00,2026-09-20T07:01:11.243757+00:00,LCbpnzlLKg8,uh and and also civilization. Civilization,new,,,20260919_235645_YT001,20260919_235645_YT001
civilization of course,civilization of course,product,3,1,1,0,2026-09-20T07:01:11.243757+00:00,2026-09-20T07:01:11.243757+00:00,MGnJEb4sXwM,that element which is deeply tied up with civilization of course with in many,new,,,20260919_235645_YT001,20260919_235645_YT001
clausewitz,Clausewitz,named_entity,3,1,1,0,2026-09-20T07:01:11.243757+00:00,2026-09-20T07:01:11.243757+00:00,eoeftpuyQXw,"that Clausewitz Uh so, for those who aren't familiar, uh Clausewitz wrote On",new,,,20260919_235645_YT001,20260919_235645_YT001
clausewitz uh,Clausewitz Uh,person_or_named_entity,3,1,1,0,2026-09-20T07:01:11.243757+00:00,2026-09-20T07:01:11.243757+00:00,eoeftpuyQXw,"best way to really think about it is that Clausewitz Uh so, for those who",new,,,20260919_235645_YT001,20260919_235645_YT001
cleveland,Cleveland,named_entity,3,1,1,0,2026-09-20T07:01:11.243757+00:00,2026-09-20T07:01:11.243757+00:00,j4rItIYZV_o,discovered in Cleveland during the last,new,,,20260919_235645_YT001,20260919_235645_YT001
close very,Close. Very,person_or_named_entity,3,1,1,0,2026-09-20T07:01:11.243757+00:00,2026-09-20T07:01:11.243757+00:00,MGnJEb4sXwM,market up. It's not to have an economic. >> Precisely. Yeah. [laughter] Close. Very,new,,,20260919_235645_YT001,20260919_235645_YT001
coinbase,Coinbase,named_entity,3,1,1,0,2026-09-20T07:01:11.243757+00:00,2026-09-20T07:01:11.243757+00:00,raxt96y9XFQ,"is you want them to to get on, you know, Coinbase and the",new,,,20260919_235645_YT001,20260919_235645_YT001
colby eldridge,Colby Eldridge,person_or_named_entity,3,1,1,0,2026-09-20T07:01:11.243757+00:00,2026-09-20T07:01:11.243757+00:00,MGnJEb4sXwM,"ago in the United States, seemingly authored mainly by Colby Eldridge. um",new,,,20260919_235645_YT001,20260919_235645_YT001
collateral damage,collateral damage,person_or_named_entity,3,1,1,0,2026-09-20T07:01:11.243757+00:00,2026-09-20T07:01:11.243757+00:00,mq7GSzwaGBw,>> So there was uh permission to uh kill 300 people with collateral damage.,new,,,20260919_235645_YT001,20260919_235645_YT001
colt repo it s,Colt Repo. It's,product,3,1,1,0,2026-09-20T07:01:11.243757+00:00,2026-09-20T07:01:11.243757+00:00,mq7GSzwaGBw,>> It's called the Python documentary. It was it was produced by Colt Repo. It's,new,,,20260919_235645_YT001,20260919_235645_YT001
come,Come,named_entity,3,1,1,0,2026-09-20T07:01:11.243757+00:00,2026-09-20T07:01:11.243757+00:00,MGnJEb4sXwM,"human shield around their power stations and said, ""Come and get us if you want.",new,,,20260919_235645_YT001,20260919_235645_YT001
companies,Companies,named_entity,3,1,1,0,2026-09-20T07:01:11.243757+00:00,2026-09-20T07:01:11.243757+00:00,mq7GSzwaGBw,"unlike Palanteer, they all provide vital services. Companies like Amazon,",new,,,20260919_235645_YT001,20260919_235645_YT001
confirming,Confirming,named_entity,3,1,1,0,2026-09-20T07:01:11.243757+00:00,2026-09-20T07:01:11.243757+00:00,v4d389XfJbA,3410DTM. Okay? Confirming that they had the right,new,,,20260919_235645_YT001,20260919_235645_YT001
conflicts,Conflicts,media_show,3,1,1,0,2026-09-20T07:01:11.243757+00:00,2026-09-20T07:01:11.243757+00:00,MGnJEb4sXwM,"you have a wonderful Substack called Conflicts Forum, which we hang out at",new,,,20260919_235645_YT001,20260919_235645_YT001
consider,Consider,named_entity,3,1,1,0,2026-09-20T07:01:11.243757+00:00,2026-09-20T07:01:11.243757+00:00,vR-o6IGspmU,"the email I said, ""Isn't that is not true. Consider that there's currently",new,,,20260919_235645_YT001,20260919_235645_YT001
cook island,Cook Island,person_or_named_entity,3,1,1,0,2026-09-20T07:01:11.243757+00:00,2026-09-20T07:01:11.243757+00:00,eyItREqSFvA,"to Switzerland? Can I put my money in a Cook Island trust? Can I you know, they",new,,,20260919_235645_YT001,20260919_235645_YT001
copern,Copern-,named_entity,3,1,1,0,2026-09-20T07:01:11.243757+00:00,2026-09-20T07:01:11.243757+00:00,oc8B5AqvkUE,"distinguished, weren't they? And so this is the still the Copern-",new,,,20260919_235645_YT001,20260919_235645_YT001
corey,Corey,named_entity,3,1,1,0,2026-09-20T07:01:11.243757+00:00,2026-09-20T07:01:11.243757+00:00,sSrRCNjcm5I,lucky cuz right now Corey Lynn who's got a great website Corey digs is I want to,new,,,20260919_235645_YT001,20260919_235645_YT001
corey digs is i want,Corey digs is I want,person_or_named_entity,3,1,1,0,2026-09-20T07:01:11.243757+00:00,2026-09-20T07:01:11.243757+00:00,sSrRCNjcm5I,lucky cuz right now Corey Lynn who's got a great website Corey digs is I want to,new,,,20260919_235645_YT001,20260919_235645_YT001
corpos,Corpos,named_entity,3,1,1,0,2026-09-20T07:01:11.243757+00:00,2026-09-20T07:01:11.243757+00:00,vR-o6IGspmU,Republicans to what I call corpos versus peeps. Now what does that mean? Corpos,new,,,20260919_235645_YT001,20260919_235645_YT001
correct correct,Correct. Correct,person_or_named_entity,3,1,1,0,2026-09-20T07:01:11.243757+00:00,2026-09-20T07:01:11.243757+00:00,mq7GSzwaGBw,starting to look very economic? >> Correct. Correct. right now and for the,new,,,20260919_235645_YT001,20260919_235645_YT001
correct correct and,Correct. Correct. And,person_or_named_entity,3,1,1,0,2026-09-20T07:01:11.243757+00:00,2026-09-20T07:01:11.243757+00:00,vR-o6IGspmU,recuse yourself. Good heavens. >> Correct. Correct. And unfortunately at,new,,,20260919_235645_YT001,20260919_235645_YT001
correct it,Correct. It,person_or_named_entity,3,1,1,0,2026-09-20T07:01:11.243757+00:00,2026-09-20T07:01:11.243757+00:00,mq7GSzwaGBw,price. It has to be hugely subsidized. >> Correct. It is absolutely hugely,new,,,20260919_235645_YT001,20260919_235645_YT001
correct it s,Correct. It's,person_or_named_entity,3,1,1,0,2026-09-20T07:01:11.243757+00:00,2026-09-20T07:01:11.243757+00:00,vR-o6IGspmU,>> and it's a surprising number of people. >> Correct. It's about um what is it,new,,,20260919_235645_YT001,20260919_235645_YT001
correct no and,Correct. No. And,person_or_named_entity,3,1,1,0,2026-09-20T07:01:11.243757+00:00,2026-09-20T07:01:11.243757+00:00,mq7GSzwaGBw,"control, it's out of their control. >> Correct. No. And I believe because it is",new,,,20260919_235645_YT001,20260919_235645_YT001
correct that s,Correct. That's,person_or_named_entity,3,1,1,0,2026-09-20T07:01:11.243757+00:00,2026-09-20T07:01:11.243757+00:00,mq7GSzwaGBw,you away from being a scientist. >> Correct. That's exactly right. So in,new,,,20260919_235645_YT001,20260919_235645_YT001
correct yes it s,Correct. Yes. It's,person_or_named_entity,3,1,1,0,2026-09-20T07:01:11.243757+00:00,2026-09-20T07:01:11.243757+00:00,mq7GSzwaGBw,control it. >> Correct. Yes. It's not only out of our,new,,,20260919_235645_YT001,20260919_235645_YT001
council,Council,organization,3,1,1,0,2026-09-20T07:01:11.243757+00:00,2026-09-20T07:01:11.243757+00:00,ChdoKKB48CU,"Royal Institute of International Affairs, the Council on Foreign",new,,,20260919_235645_YT001,20260919_235645_YT001
counties,Counties,organization,3,1,1,0,2026-09-20T07:01:11.243757+00:00,2026-09-20T07:01:11.243757+00:00,87SJi_DDbt4,"you had the National Association of Counties get together. Okay, that that",new,,,20260919_235645_YT001,20260919_235645_YT001
couple,Couple,named_entity,3,1,1,0,2026-09-20T07:01:11.243757+00:00,2026-09-20T07:01:11.243757+00:00,mq7GSzwaGBw,that you want to own your your ideas. AI can make that worse. Couple that with a,new,,,20260919_235645_YT001,20260919_235645_YT001
courtesy,Courtesy,named_entity,3,1,1,0,2026-09-20T07:01:11.243757+00:00,2026-09-20T07:01:11.243757+00:00,vR-o6IGspmU,">> Welcome home, Jack. >> Courtesy note, all fines must be paid",new,,,20260919_235645_YT001,20260919_235645_YT001
crazy horse crazy horse,Crazy Horse. Crazy Horse,person_or_named_entity,3,1,1,0,2026-09-20T07:01:11.243757+00:00,2026-09-20T07:01:11.243757+00:00,vR-o6IGspmU,"Rushmore, don't go without going to Crazy Horse. Crazy Horse is way better",new,,,20260919_235645_YT001,20260919_235645_YT001
create dominance,create dominance,organization,3,1,1,0,2026-09-20T07:01:11.243757+00:00,2026-09-20T07:01:11.243757+00:00,mq7GSzwaGBw,">> You're helping you're helping that company create dominance, right?",new,,,20260919_235645_YT001,20260919_235645_YT001
crs,CRS,named_entity,3,1,1,0,2026-09-20T07:01:11.243757+00:00,2026-09-20T07:01:11.243757+00:00,MGnJEb4sXwM,"50,000 um CRS um the anti- riot people on the",new,,,20260919_235645_YT001,20260919_235645_YT001
cuba,Cuba,named_entity,3,1,1,0,2026-09-20T07:01:11.243757+00:00,2026-09-20T07:01:11.243757+00:00,MGnJEb4sXwM,So we saw this in Venezuela. We've seen it in Cuba taking place. Um we see it in,new,,,20260919_235645_YT001,20260919_235645_YT001
dai,Dai,product,3,1,1,0,2026-09-20T07:01:11.243757+00:00,2026-09-20T07:01:11.243757+00:00,xIZYuhJjYAQ,"living down there in the belly. In the Chinese system, the Dai Mai, the eight",new,,,20260919_235645_YT001,20260919_235645_YT001
dai mai,Dai Mai,product,3,1,1,0,2026-09-20T07:01:11.243757+00:00,2026-09-20T07:01:11.243757+00:00,xIZYuhJjYAQ,"Chinese system, the Dai Mai, the eight extraordinary vessels, the Dai Mai is",new,,,20260919_235645_YT001,20260919_235645_YT001
daoist,Daoist,named_entity,3,1,1,0,2026-09-20T07:01:11.243757+00:00,2026-09-20T07:01:11.243757+00:00,2FCT_uA2z5k,"Actually, the idea of the divine was largely came from the Daoist",new,,,20260919_235645_YT001,20260919_235645_YT001
david,David,named_entity,3,1,1,0,2026-09-20T07:01:11.243757+00:00,2026-09-20T07:01:11.243757+00:00,W4aWp1dC5ZU,I had another one back-to-back that dealt with part of what David was,new,,,20260919_235645_YT001,20260919_235645_YT001
david griffiths,David Griffiths,person_or_named_entity,3,1,1,0,2026-09-20T07:01:11.243757+00:00,2026-09-20T07:01:11.243757+00:00,m50hk1fyOYs,"people or any of the other 9/11 truth researchers, David Griffiths and so on,",new,,,20260919_235645_YT001,20260919_235645_YT001
declaration,Declaration,named_entity,3,1,1,0,2026-09-20T07:01:11.243757+00:00,2026-09-20T07:01:11.243757+00:00,eoeftpuyQXw,"means that we have inherent dignity. We have, as the Declaration of Independence",new,,,20260919_235645_YT001,20260919_235645_YT001
defense,Defense,named_entity,3,1,1,0,2026-09-20T07:01:11.243757+00:00,2026-09-20T07:01:11.243757+00:00,aQYwmh0gCQo,in the dining room for the Secretary of Defense at the Pentagon getting a,new,,,20260919_235645_YT001,20260919_235645_YT001
dei,DEI,named_entity,3,1,1,0,2026-09-20T07:01:11.243757+00:00,2026-09-20T07:01:11.243757+00:00,FXNfNrtGHlo,>> No. >> The The DEI and the transgender and all,new,,,20260919_235645_YT001,20260919_235645_YT001
deming,Deming,named_entity,3,1,1,0,2026-09-20T06:45:40.991711+00:00,2026-09-20T06:45:40.991711+00:00,RD8gcj5aP74,">> than they produce. You know, if you go to Wharton and you read Deming and",new,,,20260919_234459_YT001,20260919_234459_YT001
democrats i ll,Democrats. I'll,person_or_named_entity,3,1,1,0,2026-09-20T07:01:11.243757+00:00,2026-09-20T07:01:11.243757+00:00,vR-o6IGspmU,telling people when I go around and talk about cash. I'll talk to Democrats. I'll,new,,,20260919_235645_YT001,20260919_235645_YT001
denmark,Denmark,named_entity,3,1,1,0,2026-09-20T07:01:11.243757+00:00,2026-09-20T07:01:11.243757+00:00,hxQGwThmCD8,with me Gita Ben David or Brigita Ben David from Denmark and,new,,,20260919_235645_YT001,20260919_235645_YT001
department,Department,government,3,1,1,0,2026-09-20T07:01:11.243757+00:00,2026-09-20T07:01:11.243757+00:00,WET6BjpHGkc,"very sarcastically. Department of Justice, the FBI, uh",new,,,20260919_235645_YT001,20260919_235645_YT001
deutsche banks,Deutsche Banks,person_or_named_entity,3,1,1,0,2026-09-20T07:01:11.243757+00:00,2026-09-20T07:01:11.243757+00:00,MGnJEb4sXwM,and we've seen Also um even banks like Deutsche Banks are now giving a debt in,new,,,20260919_235645_YT001,20260919_235645_YT001
different votes,different votes,person_or_named_entity,3,1,1,0,2026-09-20T07:01:11.243757+00:00,2026-09-20T07:01:11.243757+00:00,qy_N0XOlApA,is the process the process can be changed with different votes and stuff.,new,,,20260919_235645_YT001,20260919_235645_YT001
digital technology,digital technology,person_or_named_entity,3,1,1,0,2026-09-20T07:01:11.243757+00:00,2026-09-20T07:01:11.243757+00:00,mD_aE7ZCMoo,">> Okay. >> Now, with digital technology, banks",new,,,20260919_235645_YT001,20260919_235645_YT001
distributed ownership,distributed ownership,person_or_named_entity,3,1,1,0,2026-09-20T07:01:11.243757+00:00,2026-09-20T07:01:11.243757+00:00,mq7GSzwaGBw,">> We can allow I mean our society thrives with distributed ownership and freedom,",new,,,20260919_235645_YT001,20260919_235645_YT001
district,District,named_entity,3,1,1,0,2026-09-20T07:01:11.243757+00:00,2026-09-20T07:01:11.243757+00:00,zXpH1Lw08m0,and that's the unseating of Thomas Massie in the 4th District of Kentucky,new,,,20260919_235645_YT001,20260919_235645_YT001
doj,DOJ,government,3,1,1,0,2026-09-20T07:01:11.243757+00:00,2026-09-20T07:01:11.243757+00:00,v5Hdh0OeemA,They're not and he's going to have the DOJ investigate them. This this is the,new,,,20260919_235645_YT001,20260919_235645_YT001
dollar,Dollar,named_entity,3,1,1,0,2026-09-20T07:01:11.243757+00:00,2026-09-20T07:01:11.243757+00:00,vR-o6IGspmU,embedded in stable coins being marketed all around the world. Dollar stable,new,,,20260919_235645_YT001,20260919_235645_YT001
donald trump,Donald Trump,person_or_named_entity,3,1,1,0,2026-09-20T07:01:11.243757+00:00,2026-09-20T07:01:11.243757+00:00,INWRgXjwPXk,"Okay? On April 7th, right before Donald Trump",new,,,20260919_235645_YT001,20260919_235645_YT001
drones and tried,drones and tried,product,3,1,1,0,2026-09-20T07:01:11.243757+00:00,2026-09-20T07:01:11.243757+00:00,MGnJEb4sXwM,was very software savvy and understood what was coming with drones and tried to,new,,,20260919_235645_YT001,20260919_235645_YT001
dss ai,DSS AI,person_or_named_entity,3,1,1,0,2026-09-20T07:01:11.243757+00:00,2026-09-20T07:01:11.243757+00:00,mq7GSzwaGBw,can be seen in the genocide in Gaza where Israel used several DSS AI,new,,,20260919_235645_YT001,20260919_235645_YT001
dss here s,DSS. Here's,person_or_named_entity,3,1,1,0,2026-09-20T07:01:11.243757+00:00,2026-09-20T07:01:11.243757+00:00,mq7GSzwaGBw,AIdriven decision support systems or DSS. Here's the process simplified.,new,,,20260919_235645_YT001,20260919_235645_YT001
dssis,DSSIs,named_entity,3,1,1,0,2026-09-20T07:01:11.243757+00:00,2026-09-20T07:01:11.243757+00:00,mq7GSzwaGBw,look at recent conflicts that implemented DSSIs in the US. One of the,new,,,20260919_235645_YT001,20260919_235645_YT001
dubai s,Dubai's,named_entity,3,1,1,0,2026-09-20T07:01:11.243757+00:00,2026-09-20T07:01:11.243757+00:00,LTWifAkVVDg,>> You have people leaving. If you're If you're to Dubai's financial center and,new,,,20260919_235645_YT001,20260919_235645_YT001
during,During,named_entity,3,1,1,0,2026-09-20T07:01:11.243757+00:00,2026-09-20T07:01:11.243757+00:00,mq7GSzwaGBw,"Israel violates regulations. [music] During the current war, the Iranian",new,,,20260919_235645_YT001,20260919_235645_YT001
earlier about it,earlier about it,product,3,1,1,0,2026-09-20T07:01:11.243757+00:00,2026-09-20T07:01:11.243757+00:00,MGnJEb4sXwM,authored mainly by Colby Eldridge. um and he wrote a book earlier about it and,new,,,20260919_235645_YT001,20260919_235645_YT001
earth based,Earth-based,named_entity,3,1,1,0,2026-09-20T07:01:11.243757+00:00,2026-09-20T07:01:11.243757+00:00,oc8B5AqvkUE,And that means that our science is an Earth-based science which is,new,,,20260919_235645_YT001,20260919_235645_YT001
east europe,East Europe,person_or_named_entity,3,1,1,0,2026-09-20T07:01:11.243757+00:00,2026-09-20T07:01:11.243757+00:00,eyItREqSFvA,investing them in East Germany or something or East sorry East Europe and,new,,,20260919_235645_YT001,20260919_235645_YT001
east germany,East Germany,person_or_named_entity,3,1,1,0,2026-09-20T07:01:11.243757+00:00,2026-09-20T07:01:11.243757+00:00,eyItREqSFvA,it's about like selling your assets and investing them in East Germany or,new,,,20260919_235645_YT001,20260919_235645_YT001
east tennessee,East Tennessee,person_or_named_entity,3,1,1,0,2026-09-20T07:01:11.243757+00:00,2026-09-20T07:01:11.243757+00:00,vR-o6IGspmU,literally in emergencies saves lives. So we saw in East Tennessee and western,new,,,20260919_235645_YT001,20260919_235645_YT001
eat,Eat,organization,3,1,1,0,2026-09-20T07:01:11.243757+00:00,2026-09-20T07:01:11.243757+00:00,mq7GSzwaGBw,"company keeps under lock and key. You can use the final product, Eat the Food,",new,,,20260919_235645_YT001,20260919_235645_YT001
edge,Edge,named_entity,3,1,1,0,2026-09-20T07:01:11.243757+00:00,2026-09-20T07:01:11.243757+00:00,mq7GSzwaGBw,"hit [music] Amazon hubs in Bahrain and the UAE. Speaking of the UAE, Edge",new,,,20260919_235645_YT001,20260919_235645_YT001
ehood barak this,Ehood Barak. This,person_or_named_entity,3,1,1,0,2026-09-20T07:01:11.243757+00:00,2026-09-20T07:01:11.243757+00:00,mq7GSzwaGBw,"Palanteer's founder, and former Israeli prime minister Ehood Barak. This is the",new,,,20260919_235645_YT001,20260919_235645_YT001
elsa,Elsa,named_entity,3,1,1,0,2026-09-20T07:01:11.243757+00:00,2026-09-20T07:01:11.243757+00:00,SOADMgNpZr0,I'm waiting I'm waiting for that that instant Elsa of of critical mass when,new,,,20260919_235645_YT001,20260919_235645_YT001
elson hamlin,Elson Hamlin,person_or_named_entity,3,1,1,0,2026-09-20T07:01:11.243757+00:00,2026-09-20T07:01:11.243757+00:00,tK4hyAbE3rw,"save the culture."" And Elson Hamlin did a great interview",new,,,20260919_235645_YT001,20260919_235645_YT001
emails,Emails,named_entity,3,1,1,0,2026-09-20T07:01:11.243757+00:00,2026-09-20T07:01:11.243757+00:00,87SJi_DDbt4,phone and start screaming. Right. Right. They wake up. Emails,new,,,20260919_235645_YT001,20260919_235645_YT001
embridge,Embridge,product,3,1,1,0,2026-09-20T07:01:11.243757+00:00,2026-09-20T07:01:11.243757+00:00,MGnJEb4sXwM,"uh their own currency. So when the BIS moved out of the Embridge system, they",new,,,20260919_235645_YT001,20260919_235645_YT001
england,England,named_entity,3,1,1,0,2026-09-20T07:01:11.243757+00:00,2026-09-20T07:01:11.243757+00:00,ChdoKKB48CU,"say, ""I don't care who's on the throne in England. I wouldn't care who is the",new,,,20260919_235645_YT001,20260919_235645_YT001
english english,English English,person_or_named_entity,3,1,1,0,2026-09-20T07:01:11.243757+00:00,2026-09-20T07:01:11.243757+00:00,vR-o6IGspmU,bathrooms. And the movie has a fun uh English English accent to it that people,new,,,20260919_235645_YT001,20260919_235645_YT001
english all,English. All,person_or_named_entity,3,1,1,0,2026-09-20T07:01:11.243757+00:00,2026-09-20T07:01:11.243757+00:00,mq7GSzwaGBw,"experts. Well, with AI now you can actually just write English. All of a",new,,,20260919_235645_YT001,20260919_235645_YT001
enjoy,Enjoy,named_entity,3,1,1,0,2026-09-20T07:01:11.243757+00:00,2026-09-20T07:01:11.243757+00:00,WFgjKQU-yFE,"And from about 4 ft away, 4-5 ft away, he threw it at me and said, ""Enjoy your",new,,,20260919_235645_YT001,20260919_235645_YT001
entropic,Entropic,named_entity,3,1,1,0,2026-09-20T07:01:11.243757+00:00,2026-09-20T07:01:11.243757+00:00,mq7GSzwaGBw,"help them. >> Right. and code. In fact, Entropic",new,,,20260919_235645_YT001,20260919_235645_YT001
epstein epstein,Epstein Epstein,person_or_named_entity,3,1,1,0,2026-09-20T07:01:11.243757+00:00,2026-09-20T07:01:11.243757+00:00,Oxk8BAFUdBE,"political opportunity. So, I'm thinking of the Epstein Epstein release. Or in",new,,,20260919_235645_YT001,20260919_235645_YT001
eric,Eric,named_entity,3,1,1,0,2026-09-20T07:01:11.243757+00:00,2026-09-20T07:01:11.243757+00:00,mq7GSzwaGBw,decentralists. >> Did you ever know Eric Hughes? He was,new,,,20260919_235645_YT001,20260919_235645_YT001
escape,Escape,named_entity,3,1,1,0,2026-09-20T07:01:11.243757+00:00,2026-09-20T07:01:11.243757+00:00,MaTz-usR3uo,things we're covering in Money and Markets is the Escape sub stack has a,new,,,20260919_235645_YT001,20260919_235645_YT001
essentially,Essentially,named_entity,3,1,1,0,2026-09-20T07:01:11.243757+00:00,2026-09-20T07:01:11.243757+00:00,mq7GSzwaGBw,"rather see 55 million smaller data centers, right? Essentially where",new,,,20260919_235645_YT001,20260919_235645_YT001
etsy,Etsy,named_entity,3,1,1,0,2026-09-20T07:01:11.243757+00:00,2026-09-20T07:01:11.243757+00:00,v02RjgeEg7Y,looking at scarves like the kind I was I've been buying on Etsy for maybe 50 to,new,,,20260919_235645_YT001,20260919_235645_YT001
europe s,Europe's,named_entity,3,1,1,0,2026-09-20T07:01:11.243757+00:00,2026-09-20T07:01:11.243757+00:00,MGnJEb4sXwM,"be careful, you know, may not be in America and Europe's interest for you to",new,,,20260919_235645_YT001,20260919_235645_YT001
everyone,Everyone,named_entity,3,1,1,0,2026-09-20T07:01:11.243757+00:00,2026-09-20T07:01:11.243757+00:00,9Td1lcX-Cno,an oil choke point. It's a data choke point. Everyone understands that the,new,,,20260919_235645_YT001,20260919_235645_YT001
exactly the total of how many,exactly the total of how many,named_entity,3,1,1,0,2026-09-20T07:01:11.243757+00:00,2026-09-20T07:01:11.243757+00:00,vR-o6IGspmU,were happy to email me a couple hours later with exactly the total of how many,new,,,20260919_235645_YT001,20260919_235645_YT001
exactly data,Exactly. Data,person_or_named_entity,3,1,1,0,2026-09-20T07:01:11.243757+00:00,2026-09-20T07:01:11.243757+00:00,mq7GSzwaGBw,>> we always get back to data sovereignty. >> Exactly. Data sovereignty and then,new,,,20260919_235645_YT001,20260919_235645_YT001
exactly in,Exactly. In,person_or_named_entity,3,1,1,0,2026-09-20T07:01:11.243757+00:00,2026-09-20T07:01:11.243757+00:00,mq7GSzwaGBw,"what you never ever do these things? >> Exactly. In fact, you brought up the",new,,,20260919_235645_YT001,20260919_235645_YT001
exactly it s,Exactly. It's,person_or_named_entity,3,1,1,0,2026-09-20T07:01:11.243757+00:00,2026-09-20T07:01:11.243757+00:00,vR-o6IGspmU,fighting. >> Exactly. It's a plan. Is it It's working,new,,,20260919_235645_YT001,20260919_235645_YT001
exactly now,Exactly. Now,product,3,1,1,0,2026-09-20T07:01:11.243757+00:00,2026-09-20T07:01:11.243757+00:00,mD_aE7ZCMoo,third lock system? >> Exactly. Now we have a complex,new,,,20260919_235645_YT001,20260919_235645_YT001
exactly so,Exactly. So,person_or_named_entity,3,1,1,0,2026-09-20T07:01:11.243757+00:00,2026-09-20T07:01:11.243757+00:00,vR-o6IGspmU,"and so it can be devastating for them. >> Exactly. So on our statistics here, it",new,,,20260919_235645_YT001,20260919_235645_YT001
exactly that s,Exactly. That's,person_or_named_entity,3,1,1,0,2026-09-20T07:01:11.243757+00:00,2026-09-20T07:01:11.243757+00:00,mq7GSzwaGBw,interests. >> Exactly. That's what happens all all the,new,,,20260919_235645_YT001,20260919_235645_YT001
exactly the,Exactly. The,government,3,1,1,0,2026-09-20T07:01:11.243757+00:00,2026-09-20T07:01:11.243757+00:00,-YPhdbbhvv4,dangerous than the government. >> Exactly. The public-private thing is far,new,,,20260919_235645_YT001,20260919_235645_YT001
exactly this,Exactly. This,person_or_named_entity,3,1,1,0,2026-09-20T07:01:11.243757+00:00,2026-09-20T07:01:11.243757+00:00,mq7GSzwaGBw,easier to produce what you need. Exactly. This where I'm the big fan of,new,,,20260919_235645_YT001,20260919_235645_YT001
expensive aircraft,expensive aircraft,person_or_named_entity,3,1,1,0,2026-09-20T07:01:11.243757+00:00,2026-09-20T07:01:11.243757+00:00,MGnJEb4sXwM,"thinking the old way of fighting a war with expensive aircraft, expensive",new,,,20260919_235645_YT001,20260919_235645_YT001
factory,Factory,product,3,1,1,0,2026-09-20T07:01:11.243757+00:00,2026-09-20T07:01:11.243757+00:00,eoeftpuyQXw,"it's a basically a book. It's a very long. It's called The Factory Reset, uh",new,,,20260919_235645_YT001,20260919_235645_YT001
fasb,FASB,named_entity,3,1,1,0,2026-09-20T07:01:11.243757+00:00,2026-09-20T07:01:11.243757+00:00,tQjAGbYIw00,>> Um >> This is like FASB 56.,new,,,20260919_235645_YT001,20260919_235645_YT001
fda,FDA,government,3,1,1,0,2026-09-20T07:01:11.243757+00:00,2026-09-20T07:01:11.243757+00:00,vR-o6IGspmU,forth which is ridiculous because if the FDA updates you know food handling,new,,,20260919_235645_YT001,20260919_235645_YT001
febru i m,Febru- I'm,person_or_named_entity,3,1,1,0,2026-09-20T07:01:11.243757+00:00,2026-09-20T07:01:11.243757+00:00,Xu8_onfDCsQ,"cuz I just shared it with the mentors in our in our Febru- I'm sorry, with the",new,,,20260919_235645_YT001,20260919_235645_YT001
feder,Feder,organization,3,1,1,0,2026-09-20T07:01:11.243757+00:00,2026-09-20T07:01:11.243757+00:00,v4d389XfJbA,"at least according to Flock. But, when Feder got the company on on",new,,,20260919_235645_YT001,20260919_235645_YT001
feder s range rover,Feder's Range Rover,person_or_named_entity,3,1,1,0,2026-09-20T07:01:11.243757+00:00,2026-09-20T07:01:11.243757+00:00,v4d389XfJbA,The cops said the license plate on Feder's Range Rover had been reported,new,,,20260919_235645_YT001,20260919_235645_YT001
federal,Federal,named_entity,3,1,1,0,2026-09-20T07:01:11.243757+00:00,2026-09-20T07:01:11.243757+00:00,vR-o6IGspmU,"the interest and finance charges. So according to the Federal Reserve, the",new,,,20260919_235645_YT001,20260919_235645_YT001
federal housing,Federal Housing,government,3,1,1,0,2026-09-20T06:45:40.991711+00:00,2026-09-20T06:45:40.991711+00:00,RD8gcj5aP74,"I'll never forget when I first got to the Federal Housing Administration,",new,,,20260919_234459_YT001,20260919_234459_YT001
feds,Feds,media_show,3,1,1,0,2026-09-20T07:01:11.243757+00:00,2026-09-20T07:01:11.243757+00:00,9Td1lcX-Cno,"be in my channel. That was the fight I had, you know, with the Feds because I",new,,,20260919_235645_YT001,20260919_235645_YT001
fetter,Fetter,named_entity,3,1,1,0,2026-09-20T07:01:11.243757+00:00,2026-09-20T07:01:11.243757+00:00,v4d389XfJbA,"Later, Fetter discovered that the car they were",new,,,20260919_235645_YT001,20260919_235645_YT001
fiscal larges you know,fiscal larges. you know,person_or_named_entity,3,1,1,0,2026-09-20T07:01:11.243757+00:00,2026-09-20T07:01:11.243757+00:00,MGnJEb4sXwM,"of buying popular support in the United States with fiscal larges. you know, the",new,,,20260919_235645_YT001,20260919_235645_YT001
five kids like there were a,five kids. Like there were a,named_entity,3,1,1,0,2026-09-20T07:01:11.243757+00:00,2026-09-20T07:01:11.243757+00:00,vR-o6IGspmU,to work and seems to be out all the time with five kids. Like there were a lot of,new,,,20260919_235645_YT001,20260919_235645_YT001
flagstaff,Flagstaff,named_entity,3,1,1,0,2026-09-20T07:01:11.243757+00:00,2026-09-20T07:01:11.243757+00:00,9Td1lcX-Cno,That was followed by the cutting of an internet cable between Flagstaff and,new,,,20260919_235645_YT001,20260919_235645_YT001
flock flock,Flock Flock,person_or_named_entity,3,1,1,0,2026-09-20T07:01:11.243757+00:00,2026-09-20T07:01:11.243757+00:00,v4d389XfJbA,>> about Flock and its cameras. Flock Flock cameras screw up swarm an,new,,,20260919_235645_YT001,20260919_235645_YT001
flock they,Flock. They,person_or_named_entity,3,1,1,0,2026-09-20T07:01:11.243757+00:00,2026-09-20T07:01:11.243757+00:00,v4d389XfJbA,"So, as long as you fit the genus, you know, that's good enough for Flock. They",new,,,20260919_235645_YT001,20260919_235645_YT001
florida b,Florida. B-,organization,3,1,1,0,2026-09-20T07:01:11.243757+00:00,2026-09-20T07:01:11.243757+00:00,WET6BjpHGkc,creates a new anti-terrorism group in Florida. B- because nobody at the,new,,,20260919_235645_YT001,20260919_235645_YT001
food,Food,named_entity,3,1,1,0,2026-09-20T07:01:11.243757+00:00,2026-09-20T07:01:11.243757+00:00,tK4hyAbE3rw,"You know, Nina Hyde who writes our uh Food for the Soul, her mom was",new,,,20260919_235645_YT001,20260919_235645_YT001
for doctors,for doctors,person_or_named_entity,3,1,1,0,2026-09-20T07:01:11.243757+00:00,2026-09-20T07:01:11.243757+00:00,SOADMgNpZr0,"But somebody started this website. Well, imagine a similar website for doctors",new,,,20260919_235645_YT001,20260919_235645_YT001
for teachers,for teachers,person_or_named_entity,3,1,1,0,2026-09-20T07:01:11.243757+00:00,2026-09-20T07:01:11.243757+00:00,SOADMgNpZr0,">> You know, imagine imagine a similar website for teachers who are in favor of",new,,,20260919_235645_YT001,20260919_235645_YT001
foreign,Foreign,organization,3,1,1,0,2026-09-20T07:01:11.243757+00:00,2026-09-20T07:01:11.243757+00:00,ChdoKKB48CU,"Royal Institute of International Affairs, the Council on Foreign",new,,,20260919_235645_YT001,20260919_235645_YT001
forget,Forget,named_entity,3,1,1,0,2026-09-20T07:01:11.243757+00:00,2026-09-20T07:01:11.243757+00:00,wnz7NM7h9R4,">> High cost for them, low cost for us, and striking Qatar does that. Forget it if",new,,,20260919_235645_YT001,20260919_235645_YT001
frankfurt,Frankfurt,named_entity,3,1,1,0,2026-09-20T07:01:11.243757+00:00,2026-09-20T07:01:11.243757+00:00,ChdoKKB48CU,connected to the Messianic movement of Sabbatean Frankist circles in Frankfurt,new,,,20260919_235645_YT001,20260919_235645_YT001
franklin,Franklin,named_entity,3,1,1,0,2026-09-20T07:01:11.243757+00:00,2026-09-20T07:01:11.243757+00:00,vR-o6IGspmU,"The [sighs] Abraham Lincoln ice cream or the Franklin ice cream. Anyway, this ice",new,,,20260919_235645_YT001,20260919_235645_YT001
freedom caucus,Freedom Caucus,person_or_named_entity,3,1,1,0,2026-09-20T07:01:11.243757+00:00,2026-09-20T07:01:11.243757+00:00,vR-o6IGspmU,to eight. We went from 0 to 13 to 4 to8. The Freedom Caucus supported the bill,new,,,20260919_235645_YT001,20260919_235645_YT001
freezing below,Freezing. Below,person_or_named_entity,3,1,1,0,2026-09-20T07:01:11.243757+00:00,2026-09-20T07:01:11.243757+00:00,vR-o6IGspmU,January? I don't know. >> Freezing. Below freezing.,new,,,20260919_235645_YT001,20260919_235645_YT001
french,French,named_entity,3,1,1,0,2026-09-20T07:01:11.243757+00:00,2026-09-20T07:01:11.243757+00:00,sSrRCNjcm5I,"good chunk of the time. Nevertheless, from French and Italian universities",new,,,20260919_235645_YT001,20260919_235645_YT001
friday that,Friday. That,person_or_named_entity,3,1,1,0,2026-09-20T07:01:11.243757+00:00,2026-09-20T07:01:11.243757+00:00,vR-o6IGspmU,"I think a Thursday. They don't they're not in session on Friday. That Friday,",new,,,20260919_235645_YT001,20260919_235645_YT001
fujara fujara,Fujara. Fujara,person_or_named_entity,3,1,1,0,2026-09-20T07:01:11.243757+00:00,2026-09-20T07:01:11.243757+00:00,MGnJEb4sXwM,Iran of its restricted area right up including Fujara. Fujara is a port,new,,,20260919_235645_YT001,20260919_235645_YT001
game,Game,named_entity,3,1,1,0,2026-09-20T07:01:11.243757+00:00,2026-09-20T07:01:11.243757+00:00,MaTz-usR3uo,"you know, the that the the iron bank, if you've ever watched the Game of Thrones,",new,,,20260919_235645_YT001,20260919_235645_YT001
gaza,Gaza,named_entity,3,1,1,0,2026-09-20T07:01:11.243757+00:00,2026-09-20T07:01:11.243757+00:00,mq7GSzwaGBw,seconds. The extent of AI implementation can be seen in the genocide in Gaza,new,,,20260919_235645_YT001,20260919_235645_YT001
gaza in,Gaza. In,person_or_named_entity,3,1,1,0,2026-09-20T07:01:11.243757+00:00,2026-09-20T07:01:11.243757+00:00,MGnJEb4sXwM,"failed. Look, Hamas is still there. It's still largely controlling Gaza. In in",new,,,20260919_235645_YT001,20260919_235645_YT001
george friedman s,George Friedman's,product,3,1,1,0,2026-09-20T07:01:11.243757+00:00,2026-09-20T07:01:11.243757+00:00,aQYwmh0gCQo,"reading All right, I was sitting in the Jacuzzi reading George Friedman's book",new,,,20260919_235645_YT001,20260919_235645_YT001
george orwell,George Orwell,person_or_named_entity,3,1,1,0,2026-09-20T07:01:11.243757+00:00,2026-09-20T07:01:11.243757+00:00,r7POfIOIJd8,And this sounds like something out of a out of a uh George Orwell novel.,new,,,20260919_235645_YT001,20260919_235645_YT001
german,German,named_entity,3,1,1,0,2026-09-20T07:01:11.243757+00:00,2026-09-20T07:01:11.243757+00:00,eoeftpuyQXw,"aren't familiar, uh Clausewitz wrote On War. And uh the the German term is",new,,,20260919_235645_YT001,20260919_235645_YT001
germans,Germans,named_entity,3,1,1,0,2026-09-20T07:01:11.243757+00:00,2026-09-20T07:01:11.243757+00:00,m50hk1fyOYs,"thing. You know, the Germans rounded up a bunch",new,,,20260919_235645_YT001,20260919_235645_YT001
get get,Get Get,person_or_named_entity,3,1,1,0,2026-09-20T07:01:11.243757+00:00,2026-09-20T07:01:11.243757+00:00,ad0pzcCcJ04,>> your own thing. >> Get Get them outdoors.,new,,,20260919_235645_YT001,20260919_235645_YT001
giordano bruno,Giordano Bruno,person_or_named_entity,3,1,1,0,2026-09-20T07:01:11.243757+00:00,2026-09-20T07:01:11.243757+00:00,oc8B5AqvkUE,after a few inconvenient things like Giordano Bruno in 1600 having been burnt,new,,,20260919_235645_YT001,20260919_235645_YT001
gita ben david,Gita Ben David,person_or_named_entity,3,1,1,0,2026-09-20T07:01:11.243757+00:00,2026-09-20T07:01:11.243757+00:00,hxQGwThmCD8,It's exciting day for me because I have with me Gita Ben David,new,,,20260919_235645_YT001,20260919_235645_YT001
gita s,Gita's,named_entity,3,1,1,0,2026-09-20T07:01:11.243757+00:00,2026-09-20T07:01:11.243757+00:00,hxQGwThmCD8,understanding of the human being. And so Gita's work is something that I,new,,,20260919_235645_YT001,20260919_235645_YT001
give,Give,named_entity,3,1,1,0,2026-09-20T07:01:11.243757+00:00,2026-09-20T07:01:11.243757+00:00,vR-o6IGspmU,friends and family. Give me a business that doesn't take,new,,,20260919_235645_YT001,20260919_235645_YT001
going,Going,named_entity,3,1,1,0,2026-09-20T07:01:11.243757+00:00,2026-09-20T07:01:11.243757+00:00,Xu8_onfDCsQ,going back is a good way like a good advice and I think that's so true. Going,new,,,20260919_235645_YT001,20260919_235645_YT001
good,Good,named_entity,3,1,1,0,2026-09-20T07:01:11.243757+00:00,2026-09-20T07:01:11.243757+00:00,vR-o6IGspmU,to have one. So you need the ability to recuse yourself. Good heavens.,new,,,20260919_235645_YT001,20260919_235645_YT001
google where,Google. Where,person_or_named_entity,3,1,1,0,2026-09-20T07:01:11.243757+00:00,2026-09-20T07:01:11.243757+00:00,mq7GSzwaGBw,"Pi where Python came from. >> Okay, Google. Where was Pyon held in",new,,,20260919_235645_YT001,20260919_235645_YT001
google you re,Google. You're,person_or_named_entity,3,1,1,0,2026-09-20T07:01:11.243757+00:00,2026-09-20T07:01:11.243757+00:00,raxt96y9XFQ,going to reach them with Google. You're going to reach them,new,,,20260919_235645_YT001,20260919_235645_YT001
google you re going,Google. You're going,person_or_named_entity,3,1,1,0,2026-09-20T07:01:11.243757+00:00,2026-09-20T07:01:11.243757+00:00,raxt96y9XFQ,going to reach them with Google. You're going to reach them,new,,,20260919_235645_YT001,20260919_235645_YT001
got,Got,named_entity,3,1,1,0,2026-09-20T07:01:11.243757+00:00,2026-09-20T07:01:11.243757+00:00,-YPhdbbhvv4,get your money. >> Got your got your money. Yeah. We,new,,,20260919_235645_YT001,20260919_235645_YT001
great that,Great. That,person_or_named_entity,3,1,1,0,2026-09-20T07:01:11.243757+00:00,2026-09-20T07:01:11.243757+00:00,mq7GSzwaGBw,who would work would interact with? >> Great. That is a great question. We we,new,,,20260919_235645_YT001,20260919_235645_YT001
greenland,Greenland,named_entity,3,1,1,0,2026-09-20T07:01:11.243757+00:00,2026-09-20T07:01:11.243757+00:00,YItOkNjS4OY,>> Yes. shutting off the Russian >> and Greenland and all the things he,new,,,20260919_235645_YT001,20260919_235645_YT001
greo,Greo,named_entity,3,1,1,0,2026-09-20T07:01:11.243757+00:00,2026-09-20T07:01:11.243757+00:00,mq7GSzwaGBw,>> I think it was me who suggested that Greo be called the benevolent dictator,new,,,20260919_235645_YT001,20260919_235645_YT001
guido,Guido,named_entity,3,1,1,0,2026-09-20T07:01:11.243757+00:00,2026-09-20T07:01:11.243757+00:00,mq7GSzwaGBw,"Really? >> So, the story goes that Guido invented",new,,,20260919_235645_YT001,20260919_235645_YT001
gulf so,Gulf. So,person_or_named_entity,3,1,1,0,2026-09-20T07:01:11.243757+00:00,2026-09-20T07:01:11.243757+00:00,MGnJEb4sXwM,oil directly by passing the hormuz um into the Persian uh uh Gulf. So that was,new,,,20260919_235645_YT001,20260919_235645_YT001
had,Had,product,3,1,1,0,2026-09-20T07:01:11.243757+00:00,2026-09-20T07:01:11.243757+00:00,x0S5J-EquJA,model. Had this model been available to,new,,,20260919_235645_YT001,20260919_235645_YT001
had these slides,had these slides,person_or_named_entity,3,1,1,0,2026-09-20T07:01:11.243757+00:00,2026-09-20T07:01:11.243757+00:00,vR-o6IGspmU,proponent testimony was that the prime sponsor had these slides that were very,new,,,20260919_235645_YT001,20260919_235645_YT001
halloween dollars,Halloween. Dollars,person_or_named_entity,3,1,1,0,2026-09-20T07:01:11.243757+00:00,2026-09-20T07:01:11.243757+00:00,vR-o6IGspmU,That's all I need. You don't need to give out stickers at Halloween. Dollars,new,,,20260919_235645_YT001,20260919_235645_YT001
halloween we,Halloween. We,product,3,1,1,0,2026-09-20T07:01:11.243757+00:00,2026-09-20T07:01:11.243757+00:00,vR-o6IGspmU,for us. And then we of course give out cash at the door for Halloween. We give,new,,,20260919_235645_YT001,20260919_235645_YT001
halloween you,Halloween. You,person_or_named_entity,3,1,1,0,2026-09-20T07:01:11.243757+00:00,2026-09-20T07:01:11.243757+00:00,vR-o6IGspmU,give out stickers at Halloween. Dollars with stickers at Halloween. You just,new,,,20260919_235645_YT001,20260919_235645_YT001
hamas,Hamas,named_entity,3,1,1,0,2026-09-20T07:01:11.243757+00:00,2026-09-20T07:01:11.243757+00:00,MGnJEb4sXwM,">> And so they're saying in Gaza, you have failed. Look, Hamas is still there. It's",new,,,20260919_235645_YT001,20260919_235645_YT001
hamilton,Hamilton,named_entity,3,1,1,0,2026-09-20T07:01:11.243757+00:00,2026-09-20T07:01:11.243757+00:00,mq7GSzwaGBw,"but I remember right after he got on the front page of wire, he came to Hamilton",new,,,20260919_235645_YT001,20260919_235645_YT001
heaven,Heaven,named_entity,3,1,1,0,2026-09-20T07:01:11.243757+00:00,2026-09-20T07:01:11.243757+00:00,mq7GSzwaGBw,about eight weeks ago called Chillings from Heaven.,new,,,20260919_235645_YT001,20260919_235645_YT001
help,Help,named_entity,3,1,1,0,2026-09-20T07:01:11.243757+00:00,2026-09-20T07:01:11.243757+00:00,qy_N0XOlApA,"early. Build a relationship with them. Help them set up chairs or um you know,",new,,,20260919_235645_YT001,20260919_235645_YT001
her,Her,named_entity,3,1,1,0,2026-09-20T07:01:11.243757+00:00,2026-09-20T07:01:11.243757+00:00,Xu8_onfDCsQ,"to be about her first. Her first, you know, food, her first",new,,,20260919_235645_YT001,20260919_235645_YT001
her cash,her cash,person_or_named_entity,3,1,1,0,2026-09-20T07:01:11.243757+00:00,2026-09-20T07:01:11.243757+00:00,vR-o6IGspmU,"She's off at college now, so she buys her gas and groceries with her cash and",new,,,20260919_235645_YT001,20260919_235645_YT001
her voice,her voice,person_or_named_entity,3,1,1,0,2026-09-20T07:01:11.243757+00:00,2026-09-20T07:01:11.243757+00:00,xIZYuhJjYAQ,"found an anger, she could express that anger with her voice and",new,,,20260919_235645_YT001,20260919_235645_YT001
hermetic,Hermetic,named_entity,3,1,1,0,2026-09-20T07:01:11.243757+00:00,2026-09-20T07:01:11.243757+00:00,2FCT_uA2z5k,uh thinking and the Hermetic thinking.,new,,,20260919_235645_YT001,20260919_235645_YT001
hezbollah,Hezbollah,named_entity,3,1,1,0,2026-09-20T07:01:11.243757+00:00,2026-09-20T07:01:11.243757+00:00,MGnJEb4sXwM,"Lebanon, you are being defeated. the the Hezbollah using new drones um fiber",new,,,20260919_235645_YT001,20260919_235645_YT001
high,High,named_entity,3,1,1,0,2026-09-20T07:01:11.243757+00:00,2026-09-20T07:01:11.243757+00:00,wnz7NM7h9R4,">> Right. >> High cost for them, low cost for us, and",new,,,20260919_235645_YT001,20260919_235645_YT001
his,His,named_entity,3,1,1,0,2026-09-20T07:01:11.243757+00:00,2026-09-20T07:01:11.243757+00:00,vR-o6IGspmU,exciting thing is our representative that brings our cash legislation. His,new,,,20260919_235645_YT001,20260919_235645_YT001
his independent bid,his independent bid,person_or_named_entity,3,1,1,0,2026-09-20T07:01:11.243757+00:00,2026-09-20T07:01:11.243757+00:00,j4rItIYZV_o,1992 from upending the political class with his independent bid.,new,,,20260919_235645_YT001,20260919_235645_YT001
hispanics,Hispanics,named_entity,3,1,1,0,2026-09-20T07:01:11.243757+00:00,2026-09-20T07:01:11.243757+00:00,vR-o6IGspmU,overall is 6% but 13% of blacks are unbanked. 12% of Hispanics are unbanked.,new,,,20260919_235645_YT001,20260919_235645_YT001
holman,Holman,named_entity,3,1,1,0,2026-09-20T07:01:11.243757+00:00,2026-09-20T07:01:11.243757+00:00,INWRgXjwPXk,trading. Holman was skeptical about how bold the,new,,,20260919_235645_YT001,20260919_235645_YT001
homo strait,Homo Strait,person_or_named_entity,3,1,1,0,2026-09-20T07:01:11.243757+00:00,2026-09-20T07:01:11.243757+00:00,MGnJEb4sXwM,the Omani side o of the entrance to the Homo Strait in attempt to make a dash,new,,,20260919_235645_YT001,20260919_235645_YT001
hong kong,Hong Kong,person_or_named_entity,3,1,1,0,2026-09-20T07:01:11.243757+00:00,2026-09-20T07:01:11.243757+00:00,MGnJEb4sXwM,Chinese um if you like um capital restrictions areas in Hong Kong or in,new,,,20260919_235645_YT001,20260919_235645_YT001
hong kong hong kong,Hong Kong Hong Kong,person_or_named_entity,3,1,1,0,2026-09-20T07:01:11.243757+00:00,2026-09-20T07:01:11.243757+00:00,MGnJEb4sXwM,Canal has two ports on it which formerly were owned by Hong Kong Hong Kong entity,new,,,20260919_235645_YT001,20260919_235645_YT001
hope,Hope,named_entity,3,1,1,0,2026-09-20T07:01:11.243757+00:00,2026-09-20T07:01:11.243757+00:00,WET6BjpHGkc,as Hope everyone's seated.,new,,,20260919_235645_YT001,20260919_235645_YT001
hopefully i ll,Hopefully I'll,product,3,1,1,0,2026-09-20T07:01:11.243757+00:00,2026-09-20T07:01:11.243757+00:00,vR-o6IGspmU,cash messages um taped on. So that's that's next year. Hopefully I'll report,new,,,20260919_235645_YT001,20260919_235645_YT001
house bill,House Bill,person_or_named_entity,3,1,1,0,2026-09-20T07:01:11.243757+00:00,2026-09-20T07:01:11.243757+00:00,WET6BjpHGkc,"authority, period. But beyond that, House Bill 945",new,,,20260919_235645_YT001,20260919_235645_YT001
houthies,Houthies,named_entity,3,1,1,0,2026-09-20T07:01:11.243757+00:00,2026-09-20T07:01:11.243757+00:00,mq7GSzwaGBw,"Yemen. Between 2023 and 2025, US operations against the Houthies caused",new,,,20260919_235645_YT001,20260919_235645_YT001
how s,How's,named_entity,3,1,1,0,2026-09-20T07:01:11.243757+00:00,2026-09-20T07:01:11.243757+00:00,vR-o6IGspmU,What are you doing? >> How's this work?,new,,,20260919_235645_YT001,20260919_235645_YT001
huahei,Huahei,event,3,1,1,0,2026-09-20T07:01:11.243757+00:00,2026-09-20T07:01:11.243757+00:00,MGnJEb4sXwM,conference taking place in Beijing when I was there with Huahei and all these,new,,,20260919_235645_YT001,20260919_235645_YT001
hud,HUD,named_entity,3,1,1,0,2026-09-20T07:01:11.243757+00:00,2026-09-20T07:01:11.243757+00:00,9Td1lcX-Cno,And and they were using money out of the back door of HUD to do that. Okay. So So,new,,,20260919_235645_YT001,20260919_235645_YT001
huh,Huh,named_entity,3,1,1,0,2026-09-20T07:01:11.243757+00:00,2026-09-20T07:01:11.243757+00:00,p0mDiJCUXWc,"are now in a partnership in Washington. >> Huh. Oh, joy.",new,,,20260919_235645_YT001,20260919_235645_YT001
hum,Hum,named_entity,3,1,1,0,2026-09-20T07:01:11.243757+00:00,2026-09-20T07:01:11.243757+00:00,MGnJEb4sXwM,remember correctly one very large um tanker uh passed through Hum through the,new,,,20260919_235645_YT001,20260919_235645_YT001
humans,Humans,named_entity,3,1,1,0,2026-09-20T07:01:11.243757+00:00,2026-09-20T07:01:11.243757+00:00,mq7GSzwaGBw,the conflict. >> Humans will always make final decisions,new,,,20260919_235645_YT001,20260919_235645_YT001
hummus,Hummus,named_entity,3,1,1,0,2026-09-20T07:01:11.243757+00:00,2026-09-20T07:01:11.243757+00:00,MGnJEb4sXwM,in order to try and break the siege in Hummus and is in favor of further,new,,,20260919_235645_YT001,20260919_235645_YT001
hummus it s,Hummus. It's,person_or_named_entity,3,1,1,0,2026-09-20T07:01:11.243757+00:00,2026-09-20T07:01:11.243757+00:00,MGnJEb4sXwM,dependence China is on supply lines of um oil from Hummus. It's only 7% of of,new,,,20260919_235645_YT001,20260919_235645_YT001
humus,Humus,named_entity,3,1,1,0,2026-09-20T07:01:11.243757+00:00,2026-09-20T07:01:11.243757+00:00,MGnJEb4sXwM,with the United States will coordinate a mass um breaking o of Humus and not,new,,,20260919_235645_YT001,20260919_235645_YT001
hungary,Hungary,named_entity,3,1,1,0,2026-09-20T07:01:11.243757+00:00,2026-09-20T07:01:11.243757+00:00,MGnJEb4sXwM,the one market um for European uh states that's Hungary and Sloan Slovenia are,new,,,20260919_235645_YT001,20260919_235645_YT001
hunter,Hunter,named_entity,3,1,1,0,2026-09-20T07:01:11.243757+00:00,2026-09-20T07:01:11.243757+00:00,6Mg0q_IyWgY,Street Journal and the New York Times. I'm I'm on their feeds about the Hunter,new,,,20260919_235645_YT001,20260919_235645_YT001
hus,HUS,named_entity,3,1,1,0,2026-09-20T07:01:11.243757+00:00,2026-09-20T07:01:11.243757+00:00,MGnJEb4sXwM,China is not being squeezed as people see by by what's happening in HUS,new,,,20260919_235645_YT001,20260919_235645_YT001
i see,I see,person_or_named_entity,3,1,1,0,2026-09-20T07:01:11.243757+00:00,2026-09-20T07:01:11.243757+00:00,mq7GSzwaGBw,was part of what they were using to do assassinations with I see to do the war,new,,,20260919_235645_YT001,20260919_235645_YT001
i m also telling people,I'm also telling people,organization,3,1,1,0,2026-09-20T07:01:11.243757+00:00,2026-09-20T07:01:11.243757+00:00,mq7GSzwaGBw,like so 80% and uh and inside of my company I'm also telling people to lean,new,,,20260919_235645_YT001,20260919_235645_YT001
i m and,I'm And,person_or_named_entity,3,1,1,0,2026-09-20T07:01:11.243757+00:00,2026-09-20T07:01:11.243757+00:00,WGn_E_9ZS2Q,>> Uh-huh. >> And I I'm And that And that money is,new,,,20260919_235645_YT001,20260919_235645_YT001
i m i m i m,I'm I'm I'm,person_or_named_entity,3,1,1,0,2026-09-20T07:01:11.243757+00:00,2026-09-20T07:01:11.243757+00:00,KKxQfBk1zBY,here he is. I need this money. I'm I'm I'm,new,,,20260919_235645_YT001,20260919_235645_YT001
i ve ever walked into,I've ever walked into,organization,3,1,1,0,2026-09-20T06:45:40.991711+00:00,2026-09-20T06:45:40.991711+00:00,RD8gcj5aP74,it was the least productive culture and organization I've ever walked into.,new,,,20260919_234459_YT001,20260919_234459_YT001
ibm,IBM,named_entity,3,1,1,0,2026-09-20T07:01:11.243757+00:00,2026-09-20T07:01:11.243757+00:00,mq7GSzwaGBw,answer so in the evolution of computing it's why Microsoft showed up because IBM,new,,,20260919_235645_YT001,20260919_235645_YT001
idaho,Idaho,government,3,1,1,0,2026-09-20T07:01:11.243757+00:00,2026-09-20T07:01:11.243757+00:00,4SOH-kpAOhE,And and I guess something we've realized in Idaho law is we have government,new,,,20260919_235645_YT001,20260919_235645_YT001
idf,IDF,named_entity,3,1,1,0,2026-09-20T07:01:11.243757+00:00,2026-09-20T07:01:11.243757+00:00,MGnJEb4sXwM,officer talking about the deterioration of the IDF into barbarism. And I was,new,,,20260919_235645_YT001,20260919_235645_YT001
idfs,IDFs,named_entity,3,1,1,0,2026-09-20T07:01:11.243757+00:00,2026-09-20T07:01:11.243757+00:00,MGnJEb4sXwM,wanted to do this we would need six or seven IDFs not one six or seven it's,new,,,20260919_235645_YT001,20260919_235645_YT001
ids,IDs,named_entity,3,1,1,0,2026-09-20T07:01:11.243757+00:00,2026-09-20T07:01:11.243757+00:00,vR-o6IGspmU,backed up with the data centers and with digital IDs and and what that means is,new,,,20260919_235645_YT001,20260919_235645_YT001
illuminati,Illuminati,named_entity,3,1,1,0,2026-09-20T07:01:11.243757+00:00,2026-09-20T07:01:11.243757+00:00,71DIp8e2mXk,is actually what Adam Weishaupt said that he modeled the Illuminati off of,new,,,20260919_235645_YT001,20260919_235645_YT001
illuminist,Illuminist,named_entity,3,1,1,0,2026-09-20T07:01:11.243757+00:00,2026-09-20T07:01:11.243757+00:00,tUE5vpNZDtU,">> [clears throat] >> uh to move towards this Illuminist um,",new,,,20260919_235645_YT001,20260919_235645_YT001
immediately,Immediately,named_entity,3,1,1,0,2026-09-20T07:01:11.243757+00:00,2026-09-20T07:01:11.243757+00:00,mq7GSzwaGBw,"be honest. >> Immediately on trying it, I was just",new,,,20260919_235645_YT001,20260919_235645_YT001
impeachment is they can get lots,impeachment is they can get lots,named_entity,3,1,1,0,2026-09-20T07:01:11.243757+00:00,2026-09-20T07:01:11.243757+00:00,58byubq4VLQ,that. And one of the things they can do with impeachment is they can get lots of,new,,,20260919_235645_YT001,20260919_235645_YT001
in abu dhabi,in Abu Dhabi,organization,3,1,1,0,2026-09-20T07:01:11.243757+00:00,2026-09-20T07:01:11.243757+00:00,mq7GSzwaGBw,"Group, [music] a state-owned defense company in Abu Dhabi, has invested",new,,,20260919_235645_YT001,20260919_235645_YT001
in arizona,in Arizona,person_or_named_entity,3,1,1,0,2026-09-20T07:01:11.243757+00:00,2026-09-20T07:01:11.243757+00:00,SOADMgNpZr0,heard about this doctor. She's got a a website in Arizona where she talks of,new,,,20260919_235645_YT001,20260919_235645_YT001
in dubai can be cut off,in Dubai can be cut off,organization,3,1,1,0,2026-09-20T07:01:11.243757+00:00,2026-09-20T07:01:11.243757+00:00,MztMjj6LxXk,elsewhere. A company in Dubai can be cut off from,new,,,20260919_235645_YT001,20260919_235645_YT001
in europe,In Europe,person_or_named_entity,3,1,1,0,2026-09-20T07:01:11.243757+00:00,2026-09-20T07:01:11.243757+00:00,KKxQfBk1zBY,"Now, there was a catch. In Europe until 300 and",new,,,20260919_235645_YT001,20260919_235645_YT001
in montreal,In Montreal,person_or_named_entity,3,1,1,0,2026-09-20T07:01:11.243757+00:00,2026-09-20T07:01:11.243757+00:00,mq7GSzwaGBw,2015? >> In Montreal.,new,,,20260919_235645_YT001,20260919_235645_YT001
in the secretary s office,in the secretary's office,product,3,1,1,0,2026-09-20T06:45:40.991711+00:00,2026-09-20T06:45:40.991711+00:00,RD8gcj5aP74,"course, what's happening is I'm getting called in the secretary's office and",new,,,20260919_234459_YT001,20260919_234459_YT001
in utah,In Utah,person_or_named_entity,3,1,1,0,2026-09-20T07:01:11.243757+00:00,2026-09-20T07:01:11.243757+00:00,mq7GSzwaGBw,planet. Way way more. Yeah. Okay. >> In Utah for sure.,new,,,20260919_235645_YT001,20260919_235645_YT001
in utah in utah yeah yeah,In Utah. In Utah. Yeah. Yeah,named_entity,3,1,1,0,2026-09-20T07:01:11.243757+00:00,2026-09-20T07:01:11.243757+00:00,mq7GSzwaGBw,>> in Utah. >> In Utah. In Utah. Yeah. Yeah. Not on the,new,,,20260919_235645_YT001,20260919_235645_YT001
incorrect china,Incorrect. China,person_or_named_entity,3,1,1,0,2026-09-20T07:01:11.243757+00:00,2026-09-20T07:01:11.243757+00:00,tXxuSX7iNeM,"it's hurt uh hurting us. Incorrect. China is fine, as we've seen.",new,,,20260919_235645_YT001,20260919_235645_YT001
independence,Independence,named_entity,3,1,1,0,2026-09-20T07:01:11.243757+00:00,2026-09-20T07:01:11.243757+00:00,eoeftpuyQXw,"means that we have inherent dignity. We have, as the Declaration of Independence",new,,,20260919_235645_YT001,20260919_235645_YT001
indonesia,Indonesia,named_entity,3,1,1,0,2026-09-20T07:01:11.243757+00:00,2026-09-20T07:01:11.243757+00:00,MGnJEb4sXwM,>> Uh we just saw sort of new negotiations with Indonesia on the Straits of Mala.,new,,,20260919_235645_YT001,20260919_235645_YT001
indonesia on the straits of mala,Indonesia on the Straits of Mala,named_entity,3,1,1,0,2026-09-20T07:01:11.243757+00:00,2026-09-20T07:01:11.243757+00:00,MGnJEb4sXwM,>> Uh we just saw sort of new negotiations with Indonesia on the Straits of Mala.,new,,,20260919_235645_YT001,20260919_235645_YT001
intentional right,Intentional. Right,person_or_named_entity,3,1,1,0,2026-09-20T07:01:11.243757+00:00,2026-09-20T07:01:11.243757+00:00,tdcH4dZ12vQ,inducement. Intentional. Right.,new,,,20260919_235645_YT001,20260919_235645_YT001
international,International,organization,3,1,1,0,2026-09-20T07:01:11.243757+00:00,2026-09-20T07:01:11.243757+00:00,ChdoKKB48CU,at that point. uh and uh and spawned the Royal Institute of International,new,,,20260919_235645_YT001,20260919_235645_YT001
investigations,Investigations,organization,3,1,1,0,2026-09-20T07:01:11.243757+00:00,2026-09-20T07:01:11.243757+00:00,mq7GSzwaGBw,Islamic State group in 2017. Investigations later found that US,new,,,20260919_235645_YT001,20260919_235645_YT001
investment screen,Investment Screen,person_or_named_entity,3,1,1,0,2026-09-20T07:01:11.243757+00:00,2026-09-20T07:01:11.243757+00:00,OnEOcaUnBg0,these companies have a Paul We call at the Investment Screen,new,,,20260919_235645_YT001,20260919_235645_YT001
ipo,IPO,product,3,1,1,0,2026-09-20T07:01:11.243757+00:00,2026-09-20T07:01:11.243757+00:00,mq7GSzwaGBw,traded. We had a software tool called IPO in a box. Wow. And you could click,new,,,20260919_235645_YT001,20260919_235645_YT001
ira,IRA,named_entity,3,1,1,0,2026-09-20T07:01:11.243757+00:00,2026-09-20T07:01:11.243757+00:00,mq7GSzwaGBw,using I've been I've been showing people how they can use their 401k and IRA,new,,,20260919_235645_YT001,20260919_235645_YT001
iran related,Iran-related,named_entity,3,1,1,0,2026-09-20T07:01:11.243757+00:00,2026-09-20T07:01:11.243757+00:00,MztMjj6LxXk,between primary and secondary sanctions. Primary sanctions bar Iran-related,new,,,20260919_235645_YT001,20260919_235645_YT001
iran even,Iran. Even,person_or_named_entity,3,1,1,0,2026-09-20T07:01:11.243757+00:00,2026-09-20T07:01:11.243757+00:00,MGnJEb4sXwM,not been destroyed. There was no uprising in Iran. Even the Israeli,new,,,20260919_235645_YT001,20260919_235645_YT001
iran nothing,Iran. Nothing,person_or_named_entity,3,1,1,0,2026-09-20T07:01:11.243757+00:00,2026-09-20T07:01:11.243757+00:00,MGnJEb4sXwM,happened. You achieved none of the goals you wanted in Iran. Nothing has,new,,,20260919_235645_YT001,20260919_235645_YT001
iran right right,Iran. Right. Right,person_or_named_entity,3,1,1,0,2026-09-20T07:01:11.243757+00:00,2026-09-20T07:01:11.243757+00:00,tXxuSX7iNeM,"I mean, they they've prepared for this. It's so is Iran. Right. Right. So, so",new,,,20260919_235645_YT001,20260919_235645_YT001
iran they ve,Iran. They've,person_or_named_entity,3,1,1,0,2026-09-20T07:01:11.243757+00:00,2026-09-20T07:01:11.243757+00:00,MGnJEb4sXwM,Hummus and is in favor of further conflict with Iran. They've made that,new,,,20260919_235645_YT001,20260919_235645_YT001
iran they ve made,Iran. They've made,person_or_named_entity,3,1,1,0,2026-09-20T07:01:11.243757+00:00,2026-09-20T07:01:11.243757+00:00,MGnJEb4sXwM,Hummus and is in favor of further conflict with Iran. They've made that,new,,,20260919_235645_YT001,20260919_235645_YT001
iranians,Iranians,named_entity,3,1,1,0,2026-09-20T07:01:11.243757+00:00,2026-09-20T07:01:11.243757+00:00,MGnJEb4sXwM,"open and we've done it. Freedom, it's been opened. And the Iranians saw that",new,,,20260919_235645_YT001,20260919_235645_YT001
iraq,Iraq,named_entity,3,1,1,0,2026-09-20T07:01:11.243757+00:00,2026-09-20T07:01:11.243757+00:00,mq7GSzwaGBw,by Palanteer. It was first deployed in Iraq and Syria during the war on the,new,,,20260919_235645_YT001,20260919_235645_YT001
iras,IRAs,named_entity,3,1,1,0,2026-09-20T07:01:11.243757+00:00,2026-09-20T07:01:11.243757+00:00,wfpVe_F_0UE,is out of people's out of the pension funds and retirement funds and IRAs.,new,,,20260919_235645_YT001,20260919_235645_YT001
ireland,Ireland,named_entity,3,1,1,0,2026-09-20T06:45:40.991711+00:00,2026-09-20T06:45:40.991711+00:00,37qD1Jj3NOc,there are first ministers in Scotland and Wales and in the north of Ireland,new,,,20260919_234459_YT001,20260919_234459_YT001
iron curtain and,Iron Curtain. And,person_or_named_entity,3,1,1,0,2026-09-20T07:01:11.243757+00:00,2026-09-20T07:01:11.243757+00:00,tK4hyAbE3rw,>> So So we had all these Poles get out from uh behind the Iron Curtain. And,new,,,20260919_235645_YT001,20260919_235645_YT001
irs,IRS,named_entity,3,1,1,0,2026-09-20T07:01:11.243757+00:00,2026-09-20T07:01:11.243757+00:00,es1SX2TSqz8,"to start saying, ""Oh, we need to reach into IRS data and all this other data.""",new,,,20260919_235645_YT001,20260919_235645_YT001
is a revolution in fact,is a revolution. In fact,person_or_named_entity,3,1,1,0,2026-09-20T07:01:11.243757+00:00,2026-09-20T07:01:11.243757+00:00,0X0H0jcnelU,"Now, I'm not saying that what we're involved with is a revolution. In fact,",new,,,20260919_235645_YT001,20260919_235645_YT001
is saying he s saying,is saying. He's saying,person_or_named_entity,3,1,1,0,2026-09-20T07:01:11.243757+00:00,2026-09-20T07:01:11.243757+00:00,vR-o6IGspmU,"digital payments. That's what the prime sponsor is saying. He's saying, ""Well,",new,,,20260919_235645_YT001,20260919_235645_YT001
is tattoos,is tattoos,media_show,3,1,1,0,2026-09-20T07:01:11.243757+00:00,2026-09-20T07:01:11.243757+00:00,FXNfNrtGHlo,>> Part of the madness and really sort of a sub sub theme of the show is tattoos and,new,,,20260919_235645_YT001,20260919_235645_YT001
islamic state,Islamic State,organization,3,1,1,0,2026-09-20T07:01:11.243757+00:00,2026-09-20T07:01:11.243757+00:00,mq7GSzwaGBw,Iraq and Syria during the war on the Islamic State group in 2017.,new,,,20260919_235645_YT001,20260919_235645_YT001
it this time,it this time,person_or_named_entity,3,1,1,0,2026-09-20T07:01:11.243757+00:00,2026-09-20T07:01:11.243757+00:00,MGnJEb4sXwM,signaling maybe you're not going to get away with it this time.,new,,,20260919_235645_YT001,20260919_235645_YT001
it ll,It'll,named_entity,3,1,1,0,2026-09-20T07:01:11.243757+00:00,2026-09-20T07:01:11.243757+00:00,mq7GSzwaGBw,"learning, keep you engaged. They're just sick offense, right? It'll just tell you",new,,,20260919_235645_YT001,20260919_235645_YT001
it s it s it s,It's It's It's,person_or_named_entity,3,1,1,0,2026-09-20T07:01:11.243757+00:00,2026-09-20T07:01:11.243757+00:00,FXNfNrtGHlo,>> Yeah. >> Right. It did It's It's It's calculated.,new,,,20260919_235645_YT001,20260919_235645_YT001
it that s,it. That's,person_or_named_entity,3,1,1,0,2026-09-20T07:01:11.243757+00:00,2026-09-20T07:01:11.243757+00:00,mq7GSzwaGBw,educate people about what they can do with it. That's where we start. That's,new,,,20260919_235645_YT001,20260919_235645_YT001
it this is agreed,it. This is agreed,person_or_named_entity,3,1,1,0,2026-09-20T07:01:11.243757+00:00,2026-09-20T07:01:11.243757+00:00,KKxQfBk1zBY,Particularly when you think you can get away with it. This is agreed to be kept,new,,,20260919_235645_YT001,20260919_235645_YT001
it we had our prime sponsor,it. We had our prime sponsor,named_entity,3,1,1,0,2026-09-20T07:01:11.243757+00:00,2026-09-20T07:01:11.243757+00:00,vR-o6IGspmU,Turns out he didn't want to prime sponsor it. We had our prime sponsor,new,,,20260919_235645_YT001,20260919_235645_YT001
italy and i m,Italy. And I'm,product,3,1,1,0,2026-09-20T07:01:11.243757+00:00,2026-09-20T07:01:11.243757+00:00,MGnJEb4sXwM,second course. We're going to have a wonderful event in Italy. And I'm hoping,new,,,20260919_235645_YT001,20260919_235645_YT001
j d,J.D,named_entity,3,1,1,0,2026-09-20T07:01:11.243757+00:00,2026-09-20T07:01:11.243757+00:00,58byubq4VLQ,"the thing, if you want to implement stablecoins and digital tokens with J.D.",new,,,20260919_235645_YT001,20260919_235645_YT001
jack we,Jack. We,person_or_named_entity,3,1,1,0,2026-09-20T07:01:11.243757+00:00,2026-09-20T07:01:11.243757+00:00,vR-o6IGspmU,">> I'm your brother, Frank. >> I can't fight it anymore, Jack. We hate",new,,,20260919_235645_YT001,20260919_235645_YT001
jack what,Jack. What,person_or_named_entity,3,1,1,0,2026-09-20T07:01:11.243757+00:00,2026-09-20T07:01:11.243757+00:00,vR-o6IGspmU,">> Why? >> $2,000 in fines, Jack. What the hell",new,,,20260919_235645_YT001,20260919_235645_YT001
jacobite,Jacobite,named_entity,3,1,1,0,2026-09-20T07:01:11.243757+00:00,2026-09-20T07:01:11.243757+00:00,tUE5vpNZDtU,Civil War was financed out of Amsterdam. Um the Jacobite war was financed uh also,new,,,20260919_235645_YT001,20260919_235645_YT001
jacuzzi,Jacuzzi,product,3,1,1,0,2026-09-20T07:01:11.243757+00:00,2026-09-20T07:01:11.243757+00:00,aQYwmh0gCQo,"reading All right, I was sitting in the Jacuzzi reading George Friedman's book",new,,,20260919_235645_YT001,20260919_235645_YT001
jeffrey epstein,Jeffrey Epstein,person_or_named_entity,3,1,1,0,2026-09-20T07:01:11.243757+00:00,2026-09-20T07:01:11.243757+00:00,mq7GSzwaGBw,"did we get here? Surprise, surprise. Jeffrey Epstein was involved in this",new,,,20260919_235645_YT001,20260919_235645_YT001
jesuit,Jesuit,product,3,1,1,0,2026-09-20T07:01:11.243757+00:00,2026-09-20T07:01:11.243757+00:00,71DIp8e2mXk,that he modeled the Illuminati off of the Jesuit rings on rings model. And he,new,,,20260919_235645_YT001,20260919_235645_YT001
jewish,Jewish,named_entity,3,1,1,0,2026-09-20T07:01:11.243757+00:00,2026-09-20T07:01:11.243757+00:00,tUE5vpNZDtU,Um the Jacobite war was financed uh also actually that by Jewish by um,new,,,20260919_235645_YT001,20260919_235645_YT001
joel,Joel,named_entity,3,1,1,0,2026-09-20T07:01:11.243757+00:00,2026-09-20T07:01:11.243757+00:00,v4d389XfJbA,"So, this guy, he's an automotive journalist named Joel Feder,",new,,,20260919_235645_YT001,20260919_235645_YT001
joel feder,Joel Feder,person_or_named_entity,3,1,1,0,2026-09-20T07:01:11.243757+00:00,2026-09-20T07:01:11.243757+00:00,v4d389XfJbA,"So, this guy, he's an automotive journalist named Joel Feder,",new,,,20260919_235645_YT001,20260919_235645_YT001
john sharta,John Sharta,person_or_named_entity,3,1,1,0,2026-09-20T07:01:11.243757+00:00,2026-09-20T07:01:11.243757+00:00,vR-o6IGspmU,that brings our cash legislation. His name is John Sharta. A fantastic local,new,,,20260919_235645_YT001,20260919_235645_YT001
joseph,Joseph,named_entity,3,1,1,0,2026-09-20T07:01:11.243757+00:00,2026-09-20T07:01:11.243757+00:00,tK4hyAbE3rw,their culture. And Joseph has really studied it and,new,,,20260919_235645_YT001,20260919_235645_YT001
judeo christian,Judeo-Christian,named_entity,3,1,1,0,2026-09-20T07:01:11.243757+00:00,2026-09-20T07:01:11.243757+00:00,eoeftpuyQXw,"historically, the worldview was this uh Judeo-Christian concept of Imago Dei.",new,,,20260919_235645_YT001,20260919_235645_YT001
kal,Kal,named_entity,3,1,1,0,2026-09-20T07:01:11.243757+00:00,2026-09-20T07:01:11.243757+00:00,INWRgXjwPXk,Kalshi and Polymarket uh Kal,new,,,20260919_235645_YT001,20260919_235645_YT001
karen house s,Karen House's,person_or_named_entity,3,1,1,0,2026-09-20T07:01:11.243757+00:00,2026-09-20T07:01:11.243757+00:00,WCezIGm3Cp4,the best reads of so far that I've read in the last 12 months is Karen House's,new,,,20260919_235645_YT001,20260919_235645_YT001
karl denninger,Karl Denninger,person_or_named_entity,3,1,1,0,2026-09-20T07:01:11.243757+00:00,2026-09-20T07:01:11.243757+00:00,tdcH4dZ12vQ,>> Yeah. You got to remember um one thing that Karl Denninger told me when I was,new,,,20260919_235645_YT001,20260919_235645_YT001
kasam island,Kasam Island,person_or_named_entity,3,1,1,0,2026-09-20T07:01:11.243757+00:00,2026-09-20T07:01:11.243757+00:00,MGnJEb4sXwM,protocols of which passage they use between Kasam Island and Larak Island in,new,,,20260919_235645_YT001,20260919_235645_YT001
katherine i m,Katherine. I'm,person_or_named_entity,3,1,1,0,2026-09-20T07:01:11.243757+00:00,2026-09-20T07:01:11.243757+00:00,mq7GSzwaGBw,I'm going to have a conversation about with Katherine. I'm going to use,new,,,20260919_235645_YT001,20260919_235645_YT001
katherine i m going,Katherine. I'm going,person_or_named_entity,3,1,1,0,2026-09-20T07:01:11.243757+00:00,2026-09-20T07:01:11.243757+00:00,mq7GSzwaGBw,I'm going to have a conversation about with Katherine. I'm going to use,new,,,20260919_235645_YT001,20260919_235645_YT001
keeps under lock,keeps under lock,organization,3,1,1,0,2026-09-20T07:01:11.243757+00:00,2026-09-20T07:01:11.243757+00:00,mq7GSzwaGBw,Think of it like a secret recipe that a company keeps under lock and key. You,new,,,20260919_235645_YT001,20260919_235645_YT001
kentucky,Kentucky,named_entity,3,1,1,0,2026-09-20T07:01:11.243757+00:00,2026-09-20T07:01:11.243757+00:00,zXpH1Lw08m0,and that's the unseating of Thomas Massie in the 4th District of Kentucky,new,,,20260919_235645_YT001,20260919_235645_YT001
kerbal,Kerbal,named_entity,3,1,1,0,2026-09-20T07:01:11.243757+00:00,2026-09-20T07:01:11.243757+00:00,MGnJEb4sXwM,can't just go back to Kerbala and you can't say well you know Kerbal is our,new,,,20260919_235645_YT001,20260919_235645_YT001
kerbala,Kerbala,named_entity,3,1,1,0,2026-09-20T07:01:11.243757+00:00,2026-09-20T07:01:11.243757+00:00,MGnJEb4sXwM,with senior leadership about saying you can't just go back to Kerbala and you,new,,,20260919_235645_YT001,20260919_235645_YT001
kevin,Kevin,named_entity,3,1,1,0,2026-09-20T07:01:11.243757+00:00,2026-09-20T07:01:11.243757+00:00,vR-o6IGspmU,"somewhere before. And sure enough, it turns out he used slides from Kevin",new,,,20260919_235645_YT001,20260919_235645_YT001
kids,Kids,named_entity,3,1,1,0,2026-09-20T07:01:11.243757+00:00,2026-09-20T07:01:11.243757+00:00,aQYwmh0gCQo,Paradigm shift I ran in the tunnel missile war part two in the future. Kids,new,,,20260919_235645_YT001,20260919_235645_YT001
kier starmer,Kier Starmer,person_or_named_entity,3,1,1,0,2026-09-20T07:01:11.243757+00:00,2026-09-20T07:01:11.243757+00:00,mq7GSzwaGBw,providing services to the [music] UK after Kier Starmer was introduced to,new,,,20260919_235645_YT001,20260919_235645_YT001
kuwait,Kuwait,named_entity,3,1,1,0,2026-09-20T07:01:11.243757+00:00,2026-09-20T07:01:11.243757+00:00,MGnJEb4sXwM,altogether. >> And so did And so did Kuwait.,new,,,20260919_235645_YT001,20260919_235645_YT001
kuwait okay both,Kuwait. Okay. Both,person_or_named_entity,3,1,1,0,2026-09-20T07:01:11.243757+00:00,2026-09-20T07:01:11.243757+00:00,MGnJEb4sXwM,>> And so did And so did Kuwait. >> So did Kuwait. Okay. Both all both of,new,,,20260919_235645_YT001,20260919_235645_YT001
larak island,Larak Island,person_or_named_entity,3,1,1,0,2026-09-20T07:01:11.243757+00:00,2026-09-20T07:01:11.243757+00:00,MGnJEb4sXwM,protocols of which passage they use between Kasam Island and Larak Island in,new,,,20260919_235645_YT001,20260919_235645_YT001
larry,Larry,named_entity,3,1,1,0,2026-09-20T06:45:40.991711+00:00,2026-09-20T06:45:40.991711+00:00,DS3LfI1HbjI,"you get So, I tell the story, there's a commentary it's Larry called Turtle",new,,,20260919_234459_YT001,20260919_234459_YT001
las vegas,Las Vegas,person_or_named_entity,3,1,1,0,2026-09-20T07:01:11.243757+00:00,2026-09-20T07:01:11.243757+00:00,9Td1lcX-Cno,Salt Lake City's air traffic had to be shunted to Phoenix and Las Vegas and Los,new,,,20260919_235645_YT001,20260919_235645_YT001
latin america,Latin America,person_or_named_entity,3,1,1,0,2026-09-20T07:01:11.243757+00:00,2026-09-20T07:01:11.243757+00:00,mq7GSzwaGBw,lot of interest and connections in Africa and Latin America and the,new,,,20260919_235645_YT001,20260919_235645_YT001
latis,Latis,named_entity,3,1,1,0,2026-09-20T07:01:11.243757+00:00,2026-09-20T07:01:11.243757+00:00,mq7GSzwaGBw,Palunteer technologies using AI systems like Latis which quote accelerates,new,,,20260919_235645_YT001,20260919_235645_YT001
lavro,Lavro,named_entity,3,1,1,0,2026-09-20T07:01:11.243757+00:00,2026-09-20T07:01:11.243757+00:00,MGnJEb4sXwM,it was their technology and that's what is being used and that's what Lavro is,new,,,20260919_235645_YT001,20260919_235645_YT001
lavrov,Lavrov,named_entity,3,1,1,0,2026-09-20T07:01:11.243757+00:00,2026-09-20T07:01:11.243757+00:00,MGnJEb4sXwM,whole lot of those uh things are are are happening and um uh uh Lavrov just the,new,,,20260919_235645_YT001,20260919_235645_YT001
lebanon we,Lebanon. We,person_or_named_entity,3,1,1,0,2026-09-20T07:01:11.243757+00:00,2026-09-20T07:01:11.243757+00:00,MGnJEb4sXwM,"take, you know, Syria. We're going to take Lebanon, part of Lebanon. We are",new,,,20260919_235645_YT001,20260919_235645_YT001
legends global,Legends Global,person_or_named_entity,3,1,1,0,2026-09-20T07:01:11.243757+00:00,2026-09-20T07:01:11.243757+00:00,vR-o6IGspmU,"Premier Center Concessions is operated by Legends Global based in Los Angeles,",new,,,20260919_235645_YT001,20260919_235645_YT001
let s let s,Let's Let's,person_or_named_entity,3,1,1,0,2026-09-20T07:01:11.243757+00:00,2026-09-20T07:01:11.243757+00:00,mq7GSzwaGBw,"move to Utah all the time. >> No, I know. Let's Let's put a goal.",new,,,20260919_235645_YT001,20260919_235645_YT001
life,Life,named_entity,3,1,1,0,2026-09-20T07:01:11.243757+00:00,2026-09-20T07:01:11.243757+00:00,Xu8_onfDCsQ,"there wasn't that we all gather in the kitchen. Life was too busy, frankly. I",new,,,20260919_235645_YT001,20260919_235645_YT001
linkedin,LinkedIn,named_entity,3,1,1,0,2026-09-20T07:01:11.243757+00:00,2026-09-20T07:01:11.243757+00:00,mq7GSzwaGBw,>> Uh you can find me. You can also find me on LinkedIn personally. Uh uh you can,new,,,20260919_235645_YT001,20260919_235645_YT001
lng so,LNG. So,person_or_named_entity,3,1,1,0,2026-09-20T07:01:11.243757+00:00,2026-09-20T07:01:11.243757+00:00,wnz7NM7h9R4,"cyclone hit uh Australia, and that shut their LNG. So essentially, the US is",new,,,20260919_235645_YT001,20260919_235645_YT001
local boys got rolled,Local Boys Got Rolled,person_or_named_entity,3,1,1,0,2026-09-20T07:01:11.243757+00:00,2026-09-20T07:01:11.243757+00:00,mq7GSzwaGBw,"from World War II on, it would be called How the Local Boys Got Rolled.",new,,,20260919_235645_YT001,20260919_235645_YT001
london stock exchange,London Stock Exchange,person_or_named_entity,3,1,1,0,2026-09-20T07:01:11.243757+00:00,2026-09-20T07:01:11.243757+00:00,mD_aE7ZCMoo,about the Battle of Waterloo to trade on the London Stock Exchange.,new,,,20260919_235645_YT001,20260919_235645_YT001
long bear,Long Bear,person_or_named_entity,3,1,1,0,2026-09-20T07:01:11.243757+00:00,2026-09-20T07:01:11.243757+00:00,mq7GSzwaGBw,"Python over a Christmas holiday. [music] >> I showed it to Long Bear and I said,",new,,,20260919_235645_YT001,20260919_235645_YT001
made those slides i knew,made those slides. I knew,person_or_named_entity,3,1,1,0,2026-09-20T07:01:11.243757+00:00,2026-09-20T07:01:11.243757+00:00,vR-o6IGspmU,did not make them. There's no way that prime sponsor made those slides. I knew,new,,,20260919_235645_YT001,20260919_235645_YT001
main street,Main Street,person_or_named_entity,3,1,1,0,2026-09-20T07:01:11.243757+00:00,2026-09-20T07:01:11.243757+00:00,Nx-vggrpYNw,But if you think that Americans American in Main Street or some somehow exempt,new,,,20260919_235645_YT001,20260919_235645_YT001
malaysia,Malaysia,named_entity,3,1,1,0,2026-09-20T07:01:11.243757+00:00,2026-09-20T07:01:11.243757+00:00,MGnJEb4sXwM,vessels from Pakistan and from India and I think even from Malaysia have been,new,,,20260919_235645_YT001,20260919_235645_YT001
malika,Malika,named_entity,3,1,1,0,2026-09-20T07:01:11.243757+00:00,2026-09-20T07:01:11.243757+00:00,MGnJEb4sXwM,Do you think that the US is going to try and squeeze on the Straits of Malika as,new,,,20260919_235645_YT001,20260919_235645_YT001
mammoth holdings,Mammoth Holdings,person_or_named_entity,3,1,1,0,2026-09-20T07:01:11.243757+00:00,2026-09-20T07:01:11.243757+00:00,vR-o6IGspmU,locations in South Dakota. They're not now part of Mammoth Holdings based out,new,,,20260919_235645_YT001,20260919_235645_YT001
mandelola,Mandelola,organization,3,1,1,0,2026-09-20T07:01:11.243757+00:00,2026-09-20T07:01:11.243757+00:00,vR-o6IGspmU,"They're they're what we would say Mandelola or their group, their people,",new,,,20260919_235645_YT001,20260919_235645_YT001
manhattan so,Manhattan. So,person_or_named_entity,3,1,1,0,2026-09-20T07:01:11.243757+00:00,2026-09-20T07:01:11.243757+00:00,tK4hyAbE3rw,"know, I'd get I had to go all over Manhattan. So we were always stuck in",new,,,20260919_235645_YT001,20260919_235645_YT001
many vessels,many vessels,person_or_named_entity,3,1,1,0,2026-09-20T07:01:11.243757+00:00,2026-09-20T07:01:11.243757+00:00,MGnJEb4sXwM,Homo Strait in attempt to make a dash through with many vessels and say it's,new,,,20260919_235645_YT001,20260919_235645_YT001
margaret nice,Margaret. Nice,person_or_named_entity,3,1,1,0,2026-09-20T07:01:11.243757+00:00,2026-09-20T07:01:11.243757+00:00,vR-o6IGspmU,"day, >> Margaret. Nice to",new,,,20260919_235645_YT001,20260919_235645_YT001
marie callender,Marie Callender,person_or_named_entity,3,1,1,0,2026-09-20T06:45:40.991711+00:00,2026-09-20T06:45:40.991711+00:00,ZW6Lf7iQV3Q,"makes Birds Eye frozen vegetables and Marie Callender meals,",new,,,20260919_234459_YT001,20260919_234459_YT001
marlo,Marlo,named_entity,3,1,1,0,2026-09-20T07:01:11.243757+00:00,2026-09-20T07:01:11.243757+00:00,mq7GSzwaGBw,"But if you look at how talented and capable Marlo is, you know, with your",new,,,20260919_235645_YT001,20260919_235645_YT001
marlo oaks,Marlo Oaks,person_or_named_entity,3,1,1,0,2026-09-20T07:01:11.243757+00:00,2026-09-20T07:01:11.243757+00:00,mq7GSzwaGBw,"the Netherlands, I kept saying, ""You have to meet Marlo Oaks and his wife",new,,,20260919_235645_YT001,20260919_235645_YT001
massie s,Massie's,named_entity,3,1,1,0,2026-09-20T07:01:11.243757+00:00,2026-09-20T07:01:11.243757+00:00,zXpH1Lw08m0,member of an evangelical church. >> You remember Massie's term doesn't end,new,,,20260919_235645_YT001,20260919_235645_YT001
matter,Matter,named_entity,3,1,1,0,2026-09-20T07:01:11.243757+00:00,2026-09-20T07:01:11.243757+00:00,v-BQUZFqnRc,the frequent communication is important. It doesn't have to be detailed. Matter,new,,,20260919_235645_YT001,20260919_235645_YT001
maven,Maven,named_entity,3,1,1,0,2026-09-20T07:01:11.243757+00:00,2026-09-20T07:01:11.243757+00:00,mq7GSzwaGBw,"under reportported, often due to faulty intelligence. Maven was later used in",new,,,20260919_235645_YT001,20260919_235645_YT001
may china,May China,person_or_named_entity,3,1,1,0,2026-09-20T07:01:11.243757+00:00,2026-09-20T07:01:11.243757+00:00,MGnJEb4sXwM,a rotating thing and it first from 1 of May China is president's security,new,,,20260919_235645_YT001,20260919_235645_YT001
mayo clinic,Mayo Clinic,person_or_named_entity,3,1,1,0,2026-09-20T07:01:11.243757+00:00,2026-09-20T07:01:11.243757+00:00,mq7GSzwaGBw,sensing. I was studying medical imaging at the Mayo Clinic and I encountered,new,,,20260919_235645_YT001,20260919_235645_YT001
mcdonald s,McDonald's,named_entity,3,1,1,0,2026-09-20T07:01:11.243757+00:00,2026-09-20T07:01:11.243757+00:00,W4aWp1dC5ZU,time. I meet people in town here at McDonald's all the time.,new,,,20260919_235645_YT001,20260919_235645_YT001
me before session,me before session,person_or_named_entity,3,1,1,0,2026-09-20T07:01:11.243757+00:00,2026-09-20T07:01:11.243757+00:00,vR-o6IGspmU,from the cash at school events. He would he actually called me before session and,new,,,20260919_235645_YT001,20260919_235645_YT001
me who was just released,me who was just released,person_or_named_entity,3,1,1,0,2026-09-20T07:01:11.243757+00:00,2026-09-20T07:01:11.243757+00:00,3Yse_2fUKuk,personal story from a citizen that had called me who was just released from,new,,,20260919_235645_YT001,20260919_235645_YT001
medicare,Medicare,named_entity,3,1,1,0,2026-09-20T07:01:11.243757+00:00,2026-09-20T07:01:11.243757+00:00,eRQbIpPkxVE,>> But my father came home when they passed the Medicare bill and sat down. It's the,new,,,20260919_235645_YT001,20260919_235645_YT001
meister efkols,Meister Efkols,person_or_named_entity,3,1,1,0,2026-09-20T07:01:11.243757+00:00,2026-09-20T07:01:11.243757+00:00,71DIp8e2mXk,special. And so you're appealing to people This is the whole Meister Efkols,new,,,20260919_235645_YT001,20260919_235645_YT001
messianic,Messianic,named_entity,3,1,1,0,2026-09-20T07:01:11.243757+00:00,2026-09-20T07:01:11.243757+00:00,ChdoKKB48CU,"Frankfurt, that were connected to the Messianic movement of",new,,,20260919_235645_YT001,20260919_235645_YT001
meta we,Meta. We,person_or_named_entity,3,1,1,0,2026-09-20T07:01:11.243757+00:00,2026-09-20T07:01:11.243757+00:00,mq7GSzwaGBw,"And so, uh, it's I partner with uh we partner with with Meta. We partner with",new,,,20260919_235645_YT001,20260919_235645_YT001
mexico,Mexico,named_entity,3,1,1,0,2026-09-20T07:01:11.243757+00:00,2026-09-20T07:01:11.243757+00:00,MGnJEb4sXwM,"imports, China's gone from being number one to number three. Mexico and Canada",new,,,20260919_235645_YT001,20260919_235645_YT001
mhm and,Mhm. And,person_or_named_entity,3,1,1,0,2026-09-20T07:01:11.243757+00:00,2026-09-20T07:01:11.243757+00:00,MaTz-usR3uo,"you've ever watched the Game of Thrones, is on top. Mhm. And it's um one of the",new,,,20260919_235645_YT001,20260919_235645_YT001
mhm which,Mhm. Which,person_or_named_entity,3,1,1,0,2026-09-20T07:01:11.243757+00:00,2026-09-20T07:01:11.243757+00:00,taUQwaop3Ro,"things are like here, that's what things are like everywhere. Mhm. Which is weak",new,,,20260919_235645_YT001,20260919_235645_YT001
mhm you,Mhm. You,person_or_named_entity,3,1,1,0,2026-09-20T07:01:11.243757+00:00,2026-09-20T07:01:11.243757+00:00,MaTz-usR3uo,"control grids that the BIS envisions. Mhm. You know, so so and",new,,,20260919_235645_YT001,20260919_235645_YT001
microsoft word,Microsoft Word,product,3,1,1,0,2026-09-20T07:01:11.243757+00:00,2026-09-20T07:01:11.243757+00:00,mq7GSzwaGBw,"made. So, most of the software we use daily, like Microsoft Word or Adobe",new,,,20260919_235645_YT001,20260919_235645_YT001
microwave,Microwave,named_entity,3,1,1,0,2026-09-20T07:01:11.243757+00:00,2026-09-20T07:01:11.243757+00:00,Xu8_onfDCsQ,"Open the box. Microwave the plastic. Peel the plastic,",new,,,20260919_235645_YT001,20260919_235645_YT001
middle east but,Middle East. But,person_or_named_entity,3,1,1,0,2026-09-20T07:01:11.243757+00:00,2026-09-20T07:01:11.243757+00:00,MGnJEb4sXwM,proxy wars whether in the Ukraine or the Middle East. But what is the goal? And,new,,,20260919_235645_YT001,20260919_235645_YT001
midwest there s,Midwest. There's,person_or_named_entity,3,1,1,0,2026-09-20T07:01:11.243757+00:00,2026-09-20T07:01:11.243757+00:00,vR-o6IGspmU,of Atlanta with 67 car washes across the Midwest. There's four more here. I'm not,new,,,20260919_235645_YT001,20260919_235645_YT001
milk,Milk,named_entity,3,1,1,0,2026-09-20T07:01:11.243757+00:00,2026-09-20T07:01:11.243757+00:00,mq7GSzwaGBw,weaponization of everything. So you know you name it they've weaponized it. Milk,new,,,20260919_235645_YT001,20260919_235645_YT001
minab girl,Minab Girl,person_or_named_entity,3,1,1,0,2026-09-20T07:01:11.243757+00:00,2026-09-20T07:01:11.243757+00:00,mq7GSzwaGBw,"the war on Iran, strikes on civilian infrastructure, like the Minab Girl",new,,,20260919_235645_YT001,20260919_235645_YT001
mish,Mish,named_entity,3,1,1,0,2026-09-20T06:45:40.991711+00:00,2026-09-20T06:45:40.991711+00:00,ZW6Lf7iQV3Q,prices are coming for the rest of the year. This is Mish.,new,,,20260919_234459_YT001,20260919_234459_YT001
modric,Modric,named_entity,3,1,1,0,2026-09-20T07:01:11.243757+00:00,2026-09-20T07:01:11.243757+00:00,MGnJEb4sXwM,you know that uh you're missing the point these people and I've heard Modric,new,,,20260919_235645_YT001,20260919_235645_YT001
montreal,Montreal,named_entity,3,1,1,0,2026-09-20T07:01:11.243757+00:00,2026-09-20T07:01:11.243757+00:00,mq7GSzwaGBw,">> In Montreal. >> Oh, it was Montreal.",new,,,20260919_235645_YT001,20260919_235645_YT001
mosaic,Mosaic,named_entity,3,1,1,0,2026-09-20T07:01:11.243757+00:00,2026-09-20T07:01:11.243757+00:00,2FCT_uA2z5k,if you like by the arrival of um uh the Mosaic,new,,,20260919_235645_YT001,20260919_235645_YT001
moscow,Moscow,named_entity,3,1,1,0,2026-09-20T07:01:11.243757+00:00,2026-09-20T07:01:11.243757+00:00,MGnJEb4sXwM,and he came there from having had talks in Moscow to in St. Petersburg with with,new,,,20260919_235645_YT001,20260919_235645_YT001
mr globalist they re,Mr. Globalist. They're,person_or_named_entity,3,1,1,0,2026-09-20T07:01:11.243757+00:00,2026-09-20T07:01:11.243757+00:00,LCbpnzlLKg8,"universities, everywhere. There isn't a Mr. Globalist. They're everywhere. This",new,,,20260919_235645_YT001,20260919_235645_YT001
mr kevin freeman,Mr. Kevin Freeman,person_or_named_entity,3,1,1,0,2026-09-20T07:01:11.243757+00:00,2026-09-20T07:01:11.243757+00:00,vR-o6IGspmU,"said, ""The prime sponsor slides were made by Mr. Kevin Freeman from Pirate",new,,,20260919_235645_YT001,20260919_235645_YT001
mr trump and,Mr. Trump. And,person_or_named_entity,3,1,1,0,2026-09-20T07:01:11.243757+00:00,2026-09-20T07:01:11.243757+00:00,MGnJEb4sXwM,And that was a very tough statement uh to Mr. Trump. And I I think that we if,new,,,20260919_235645_YT001,20260919_235645_YT001
multiples,Multiples,named_entity,3,1,1,0,2026-09-20T07:01:11.243757+00:00,2026-09-20T07:01:11.243757+00:00,tXxuSX7iNeM,lot more of our aircraft than anybody ever imagined. Multiples of,new,,,20260919_235645_YT001,20260919_235645_YT001
murphy s,Murphy's,named_entity,3,1,1,0,2026-09-20T07:01:11.243757+00:00,2026-09-20T07:01:11.243757+00:00,mq7GSzwaGBw,>> I don't. >> Do you know what Murphy's law was?,new,,,20260919_235645_YT001,20260919_235645_YT001
must,Must,named_entity,3,1,1,0,2026-09-20T07:01:11.243757+00:00,2026-09-20T07:01:11.243757+00:00,vR-o6IGspmU,Let's buy a bandana. Must have fallen out my pocket.,new,,,20260919_235645_YT001,20260919_235645_YT001
my quarterly information,my quarterly information,person_or_named_entity,3,1,1,0,2026-09-20T07:01:11.243757+00:00,2026-09-20T07:01:11.243757+00:00,mq7GSzwaGBw,"you're giving it. Oh, I'm going to feed it with my quarterly information to this",new,,,20260919_235645_YT001,20260919_235645_YT001
national counterterrorism,National Counterterrorism,government,3,1,1,0,2026-09-20T07:01:11.243757+00:00,2026-09-20T07:01:11.243757+00:00,WET6BjpHGkc,"Department of Justice, the FBI, uh National Counterterrorism Center, I",new,,,20260919_235645_YT001,20260919_235645_YT001
national league,National League,event,3,1,1,0,2026-09-20T07:01:11.243757+00:00,2026-09-20T07:01:11.243757+00:00,87SJi_DDbt4,"They were joined by the US Conference of Mayors, the National League of Cities,",new,,,20260919_235645_YT001,20260919_235645_YT001
nautical bowls they re,Nautical Bowls. They're,person_or_named_entity,3,1,1,0,2026-09-20T07:01:11.243757+00:00,2026-09-20T07:01:11.243757+00:00,vR-o6IGspmU,"billion in 2024. Okay, the next one, Nautical Bowls. They're not a small",new,,,20260919_235645_YT001,20260919_235645_YT001
nazi,Nazi,named_entity,3,1,1,0,2026-09-20T07:01:11.243757+00:00,2026-09-20T07:01:11.243757+00:00,Oxk8BAFUdBE,"deep state, whatever you want to call I call it the Nazi international because",new,,,20260919_235645_YT001,20260919_235645_YT001
nebraska,Nebraska,named_entity,3,1,1,0,2026-09-20T07:01:11.243757+00:00,2026-09-20T07:01:11.243757+00:00,vR-o6IGspmU,"Dakota has three 33,995 buffalo, the most of any state. Nebraska",new,,,20260919_235645_YT001,20260919_235645_YT001
neocon,Neocon,named_entity,3,1,1,0,2026-09-20T07:01:11.243757+00:00,2026-09-20T07:01:11.243757+00:00,ChdoKKB48CU,Trotskyism to America that ultimately became the Neocon groups.,new,,,20260919_235645_YT001,20260919_235645_YT001
netherlands we,Netherlands. We,person_or_named_entity,3,1,1,0,2026-09-20T07:01:11.243757+00:00,2026-09-20T07:01:11.243757+00:00,mq7GSzwaGBw,"special person, Travis Olivon, who came to visit in the Netherlands. We had an",new,,,20260919_235645_YT001,20260919_235645_YT001
nevada,Nevada,named_entity,3,1,1,0,2026-09-20T07:01:11.243757+00:00,2026-09-20T07:01:11.243757+00:00,INWRgXjwPXk,both They they were temporarily banned. Kalshi was temporarily banned in Nevada,new,,,20260919_235645_YT001,20260919_235645_YT001
nickels and now,nickels. And now,person_or_named_entity,3,1,1,0,2026-09-20T07:01:11.243757+00:00,2026-09-20T07:01:11.243757+00:00,Qvf4YA24LXM,But nickels are even worse. You lose more money with nickels. And now that,new,,,20260919_235645_YT001,20260919_235645_YT001
nimbus,Nimbus,organization,3,1,1,0,2026-09-20T07:01:11.243757+00:00,2026-09-20T07:01:11.243757+00:00,mq7GSzwaGBw,and Google partnered with Israel for the project Nimbus contract which obliges,new,,,20260919_235645_YT001,20260919_235645_YT001
nina hyde,Nina Hyde,person_or_named_entity,3,1,1,0,2026-09-20T07:01:11.243757+00:00,2026-09-20T07:01:11.243757+00:00,tK4hyAbE3rw,"finds it very interesting, and I do too. You know, Nina Hyde who writes our",new,,,20260919_235645_YT001,20260919_235645_YT001
nist,NIST,named_entity,3,1,1,0,2026-09-20T07:01:11.243757+00:00,2026-09-20T07:01:11.243757+00:00,m50hk1fyOYs,"truth community researchers, be it Dr. Wood or the national NIST",new,,,20260919_235645_YT001,20260919_235645_YT001
nobody,Nobody,named_entity,3,1,1,0,2026-09-20T07:01:11.243757+00:00,2026-09-20T07:01:11.243757+00:00,mq7GSzwaGBw,code can be another person's unreadable puzzle or a fosticated mess. Nobody had,new,,,20260919_235645_YT001,20260919_235645_YT001
none it s,None. It's,person_or_named_entity,3,1,1,0,2026-09-20T07:01:11.243757+00:00,2026-09-20T07:01:11.243757+00:00,MGnJEb4sXwM,you're right. Most people have no idea what's coming. None. It's shocking.,new,,,20260919_235645_YT001,20260919_235645_YT001
nonitizen,Nonitizen,named_entity,3,1,1,0,2026-09-20T07:01:11.243757+00:00,2026-09-20T07:01:11.243757+00:00,vR-o6IGspmU,>> Arrivals 087. Nonitizen arrival. 07.,new,,,20260919_235645_YT001,20260919_235645_YT001
nope,Nope,named_entity,3,1,1,0,2026-09-20T07:01:11.243757+00:00,2026-09-20T07:01:11.243757+00:00,vR-o6IGspmU,">> You're kidding. >> Nope. Uh, and people do not realize",new,,,20260919_235645_YT001,20260919_235645_YT001
north,North,named_entity,3,1,1,0,2026-09-20T07:01:11.243757+00:00,2026-09-20T07:01:11.243757+00:00,vR-o6IGspmU,"we saw in East Tennessee and western North Carolina, the people who had cash",new,,,20260919_235645_YT001,20260919_235645_YT001
north america,North America,person_or_named_entity,3,1,1,0,2026-09-20T07:01:11.243757+00:00,2026-09-20T07:01:11.243757+00:00,H0v8c7WingM,Canada right now but I spent the last 6 weeks here going around North America,new,,,20260919_235645_YT001,20260919_235645_YT001
nothing that s,Nothing. That's,person_or_named_entity,3,1,1,0,2026-09-20T07:01:11.243757+00:00,2026-09-20T07:01:11.243757+00:00,SkLWbV2A-aI,you see Nothing. That's a string That's a string,new,,,20260919_235645_YT001,20260919_235645_YT001
november,November,named_entity,3,1,1,0,2026-09-20T07:01:11.243757+00:00,2026-09-20T07:01:11.243757+00:00,vR-o6IGspmU,days and uh we're on the ballot in November and um we're going to work,new,,,20260919_235645_YT001,20260919_235645_YT001
november um,November. Um,person_or_named_entity,3,1,1,0,2026-09-20T07:01:11.243757+00:00,2026-09-20T07:01:11.243757+00:00,vR-o6IGspmU,"have it right across the street from our schools, God willing, in November. Um",new,,,20260919_235645_YT001,20260919_235645_YT001
nvidia,Nvidia,named_entity,3,1,1,0,2026-09-20T07:01:11.243757+00:00,2026-09-20T07:01:11.243757+00:00,mq7GSzwaGBw,builders >> like uh Nvidia for example does not want,new,,,20260919_235645_YT001,20260919_235645_YT001
october,October,named_entity,3,1,1,0,2026-09-20T07:01:11.243757+00:00,2026-09-20T07:01:11.243757+00:00,mq7GSzwaGBw,paid our salaries every 2 weeks and then suddenly in late October we weren't. It,new,,,20260919_235645_YT001,20260919_235645_YT001
october he,October. He,person_or_named_entity,3,1,1,0,2026-09-20T07:01:11.243757+00:00,2026-09-20T07:01:11.243757+00:00,MGnJEb4sXwM,have to do it. And Netanyahu broke this pattern after the 7th of October. He,new,,,20260919_235645_YT001,20260919_235645_YT001
of one,of one,organization,3,1,1,0,2026-09-20T07:01:11.243757+00:00,2026-09-20T07:01:11.243757+00:00,mq7GSzwaGBw,you need a core sense of central >> a company of one,new,,,20260919_235645_YT001,20260919_235645_YT001
of what i ve been working on,of what I've been working on,organization,3,1,1,0,2026-09-20T07:01:11.243757+00:00,2026-09-20T07:01:11.243757+00:00,mq7GSzwaGBw,create more owners? And so that was the foundation of what I've been working on,new,,,20260919_235645_YT001,20260919_235645_YT001
offutt air force base and,Offutt Air Force Base. And,person_or_named_entity,3,1,1,0,2026-09-20T07:01:11.243757+00:00,2026-09-20T07:01:11.243757+00:00,RRPA9FVZ2Ds,underground complex at Offutt Air Force Base. And,new,,,20260919_235645_YT001,20260919_235645_YT001
oh oh,Oh. Oh,person_or_named_entity,3,1,1,0,2026-09-20T07:01:11.243757+00:00,2026-09-20T07:01:11.243757+00:00,mq7GSzwaGBw,Sou Falls. >> Oh. Oh. and we're working with a,new,,,20260919_235645_YT001,20260919_235645_YT001
okay and,Okay. And,person_or_named_entity,3,1,1,0,2026-09-20T07:01:11.243757+00:00,2026-09-20T07:01:11.243757+00:00,vR-o6IGspmU,"have more credit card debt, right? >> Okay. And then it kind of goes down. As",new,,,20260919_235645_YT001,20260919_235645_YT001
okay must,Okay. Must,person_or_named_entity,3,1,1,0,2026-09-20T07:01:11.243757+00:00,2026-09-20T07:01:11.243757+00:00,vR-o6IGspmU,gift shop. >> In the gift shop. Okay. Must be the gift,new,,,20260919_235645_YT001,20260919_235645_YT001
okay people,Okay. People,person_or_named_entity,3,1,1,0,2026-09-20T07:01:11.243757+00:00,2026-09-20T07:01:11.243757+00:00,vR-o6IGspmU,corporations would pay someone to lead the opposition. Okay. People here in,new,,,20260919_235645_YT001,20260919_235645_YT001
okay so murphy s,Okay. So Murphy's,person_or_named_entity,3,1,1,0,2026-09-20T07:01:11.243757+00:00,2026-09-20T07:01:11.243757+00:00,mq7GSzwaGBw,>> I do. Yes. >> Okay. So Murphy's law was,new,,,20260919_235645_YT001,20260919_235645_YT001
okay so so,Okay. So So,person_or_named_entity,3,1,1,0,2026-09-20T07:01:11.243757+00:00,2026-09-20T07:01:11.243757+00:00,9Td1lcX-Cno,And and they were using money out of the back door of HUD to do that. Okay. So So,new,,,20260919_235645_YT001,20260919_235645_YT001
okay yes,Okay. Yes,person_or_named_entity,3,1,1,0,2026-09-20T07:01:11.243757+00:00,2026-09-20T07:01:11.243757+00:00,vR-o6IGspmU,">> Yeah. >> Okay. Yes. So, it it failed four to",new,,,20260919_235645_YT001,20260919_235645_YT001
oman oman,Oman. Oman,product,3,1,1,0,2026-09-20T07:01:11.243757+00:00,2026-09-20T07:01:11.243757+00:00,MGnJEb4sXwM,>> Saudi and Qatar is moving that way too and Oman. Oman of course has a a sort of,new,,,20260919_235645_YT001,20260919_235645_YT001
omani,Omani,named_entity,3,1,1,0,2026-09-20T07:01:11.243757+00:00,2026-09-20T07:01:11.243757+00:00,MGnJEb4sXwM,moving its vessels closer and closer to the Omani side o of the entrance to the,new,,,20260919_235645_YT001,20260919_235645_YT001
on april,On April,person_or_named_entity,3,1,1,0,2026-09-20T07:01:11.243757+00:00,2026-09-20T07:01:11.243757+00:00,INWRgXjwPXk,"Okay? On April 7th, right before Donald Trump",new,,,20260919_235645_YT001,20260919_235645_YT001
on february,On February,person_or_named_entity,3,1,1,0,2026-09-20T07:01:11.243757+00:00,2026-09-20T07:01:11.243757+00:00,1q3O8KbUHfU,"Beijing draws a line on digital dollars. On February 6th, 2026, People's Bank of",new,,,20260919_235645_YT001,20260919_235645_YT001
on new jersey,On New Jersey,person_or_named_entity,3,1,1,0,2026-09-20T07:01:11.243757+00:00,2026-09-20T07:01:11.243757+00:00,v4d389XfJbA,"middle digits. Okay? On New Jersey plates, the middle",new,,,20260919_235645_YT001,20260919_235645_YT001
once,Once,named_entity,3,1,1,0,2026-09-20T07:01:11.243757+00:00,2026-09-20T07:01:11.243757+00:00,m50hk1fyOYs,"signify their participation or presence in the operation. Once we've said that,",new,,,20260919_235645_YT001,20260919_235645_YT001
once once,Once Once,person_or_named_entity,3,1,1,0,2026-09-20T07:01:11.243757+00:00,2026-09-20T07:01:11.243757+00:00,ad0pzcCcJ04,">> Yeah, it's the that's that's the tough road. Once Once you found your own",new,,,20260919_235645_YT001,20260919_235645_YT001
only,Only,named_entity,3,1,1,0,2026-09-20T07:01:11.243757+00:00,2026-09-20T07:01:11.243757+00:00,vR-o6IGspmU,"pay with cash versus greater than 150,000 in income. Only 9% of those",new,,,20260919_235645_YT001,20260919_235645_YT001
opec,OPEC,named_entity,3,1,1,0,2026-09-20T07:01:11.243757+00:00,2026-09-20T07:01:11.243757+00:00,MGnJEb4sXwM,>> How does that relate to their dropping out of OPEC at the same time?,new,,,20260919_235645_YT001,20260919_235645_YT001
or community,or community,organization,3,1,1,0,2026-09-20T06:45:40.991711+00:00,2026-09-20T06:45:40.991711+00:00,RD8gcj5aP74,"I came to the conclusion that in any organization or community, 10% of the",new,,,20260919_234459_YT001,20260919_234459_YT001
orient express,Orient Express,person_or_named_entity,3,1,1,0,2026-09-20T07:01:11.243757+00:00,2026-09-20T07:01:11.243757+00:00,m50hk1fyOYs,is you're dealing with a kind of Agatha Christie murder on the Orient Express,new,,,20260919_235645_YT001,20260919_235645_YT001
other,Other,named_entity,3,1,1,0,2026-09-20T07:01:11.243757+00:00,2026-09-20T07:01:11.243757+00:00,mq7GSzwaGBw,"like sharing a recipe, but asking people to mention where they got it from. Other",new,,,20260919_235645_YT001,20260919_235645_YT001
other people,other people,person_or_named_entity,3,1,1,0,2026-09-20T07:01:11.243757+00:00,2026-09-20T07:01:11.243757+00:00,XdWOJT8oaqY,there especially with other people and that,new,,,20260919_235645_YT001,20260919_235645_YT001
our grain in our grain bins,our grain in our grain bins,named_entity,3,1,1,0,2026-09-20T07:01:11.243757+00:00,2026-09-20T07:01:11.243757+00:00,vR-o6IGspmU,bins. Why don't we back our currency with our grain in our grain bins? And I,new,,,20260919_235645_YT001,20260919_235645_YT001
our grandma in germany,our grandma in Germany,person_or_named_entity,3,1,1,0,2026-09-20T07:01:11.243757+00:00,2026-09-20T07:01:11.243757+00:00,vR-o6IGspmU,and growth and we need them to communicate with our grandma in Germany,new,,,20260919_235645_YT001,20260919_235645_YT001
our stuff,our stuff,person_or_named_entity,3,1,1,0,2026-09-20T07:01:11.243757+00:00,2026-09-20T07:01:11.243757+00:00,mq7GSzwaGBw,>> Okay. So we we occasionally have spooky guys interfering with our stuff.,new,,,20260919_235645_YT001,20260919_235645_YT001
ourself as an electric system,ourself as an electric system,product,3,1,1,0,2026-09-20T07:01:11.243757+00:00,2026-09-20T07:01:11.243757+00:00,xIZYuhJjYAQ,"Because when we work with this, we we work with ourself as an electric system.",new,,,20260919_235645_YT001,20260919_235645_YT001
out of it let me just,out of it. Let me just,media_show,3,1,1,0,2026-09-20T07:01:11.243757+00:00,2026-09-20T07:01:11.243757+00:00,XdWOJT8oaqY,"ah, you know, >> Make a big show out of it. Let me just",new,,,20260919_235645_YT001,20260919_235645_YT001
palanteer,Palanteer,named_entity,3,1,1,0,2026-09-20T07:01:11.243757+00:00,2026-09-20T07:01:11.243757+00:00,mq7GSzwaGBw,prime minister Ehood Barak. This is the same Palanteer that has started,new,,,20260919_235645_YT001,20260919_235645_YT001
palanteer s,Palanteer's,named_entity,3,1,1,0,2026-09-20T07:01:11.243757+00:00,2026-09-20T07:01:11.243757+00:00,mq7GSzwaGBw,"coordinated lunches between Peter Theel, Palanteer's founder, and former Israeli",new,,,20260919_235645_YT001,20260919_235645_YT001
palanteer iran,Palanteer. Iran,person_or_named_entity,3,1,1,0,2026-09-20T07:01:11.243757+00:00,2026-09-20T07:01:11.243757+00:00,mq7GSzwaGBw,"targets."" then listing a series of companies including Palanteer. Iran also",new,,,20260919_235645_YT001,20260919_235645_YT001
palanteer it,Palanteer. It,organization,3,1,1,0,2026-09-20T07:01:11.243757+00:00,2026-09-20T07:01:11.243757+00:00,mq7GSzwaGBw,"main systems is Project Maven, developed by Palanteer. It was first deployed in",new,,,20260919_235645_YT001,20260919_235645_YT001
palestinians,Palestinians,named_entity,3,1,1,0,2026-09-20T07:01:11.243757+00:00,2026-09-20T07:01:11.243757+00:00,mq7GSzwaGBw,Wolfpack have been used to categorize and track Palestinians and were linked,new,,,20260919_235645_YT001,20260919_235645_YT001
palunteer,Palunteer,named_entity,3,1,1,0,2026-09-20T07:01:11.243757+00:00,2026-09-20T07:01:11.243757+00:00,mq7GSzwaGBw,Andreel itself works closely with Palunteer technologies using AI systems,new,,,20260919_235645_YT001,20260919_235645_YT001
panopticon,Panopticon,named_entity,3,1,1,0,2026-09-20T07:01:11.243757+00:00,2026-09-20T07:01:11.243757+00:00,LTWifAkVVDg,"their financial side is not as strong as it was, particularly with the Panopticon",new,,,20260919_235645_YT001,20260919_235645_YT001
part,Part,named_entity,3,1,1,0,2026-09-20T07:01:11.243757+00:00,2026-09-20T07:01:11.243757+00:00,FXNfNrtGHlo,way that keeps you coherent. So. >> Part of the madness and really sort of a,new,,,20260919_235645_YT001,20260919_235645_YT001
patriot,Patriot,named_entity,3,1,1,0,2026-09-20T07:01:11.243757+00:00,2026-09-20T07:01:11.243757+00:00,mD_aE7ZCMoo,"laundering laws, and you know, with the Patriot Act, you",new,,,20260919_235645_YT001,20260919_235645_YT001
pattern,Pattern,named_entity,3,1,1,0,2026-09-20T07:01:11.243757+00:00,2026-09-20T07:01:11.243757+00:00,WET6BjpHGkc,on is called pattern of life data. Pattern of life data is,new,,,20260919_235645_YT001,20260919_235645_YT001
payment stable coins,payment stable coins,person_or_named_entity,3,1,1,0,2026-09-20T07:01:11.243757+00:00,2026-09-20T07:01:11.243757+00:00,vR-o6IGspmU,"you're going to have programmable money with payment stable coins, but also with",new,,,20260919_235645_YT001,20260919_235645_YT001
pcs,PCs,named_entity,3,1,1,0,2026-09-20T07:01:11.243757+00:00,2026-09-20T07:01:11.243757+00:00,mq7GSzwaGBw,>> and lo and behold actually the demand for PCs was enormous I think there's the,new,,,20260919_235645_YT001,20260919_235645_YT001
pearl,Pearl,named_entity,3,1,1,0,2026-09-20T07:01:11.243757+00:00,2026-09-20T07:01:11.243757+00:00,m50hk1fyOYs,"we would need a galvanizing event, which they called a new Pearl Harbor,",new,,,20260919_235645_YT001,20260919_235645_YT001
peel,Peel,named_entity,3,1,1,0,2026-09-20T07:01:11.243757+00:00,2026-09-20T07:01:11.243757+00:00,Xu8_onfDCsQ,"Open the box. Microwave the plastic. Peel the plastic,",new,,,20260919_235645_YT001,20260919_235645_YT001
peeled,Peeled,named_entity,3,1,1,0,2026-09-20T07:01:11.243757+00:00,2026-09-20T07:01:11.243757+00:00,WFgjKQU-yFE,"vials were kept. Peeled it off, walked back into the room",new,,,20260919_235645_YT001,20260919_235645_YT001
pennsylvania i m,Pennsylvania. I'm,person_or_named_entity,3,1,1,0,2026-09-20T07:01:11.243757+00:00,2026-09-20T07:01:11.243757+00:00,MGnJEb4sXwM,"live half the year in the Netherlands, but I'm in Pennsylvania. I'm in the",new,,,20260919_235645_YT001,20260919_235645_YT001
pentagon amazon,Pentagon. Amazon,person_or_named_entity,3,1,1,0,2026-09-20T07:01:11.243757+00:00,2026-09-20T07:01:11.243757+00:00,mq7GSzwaGBw,development. [music] Chad GPT recently signed a deal with the Pentagon. Amazon,new,,,20260919_235645_YT001,20260919_235645_YT001
people who lie,people who lie,person_or_named_entity,3,1,1,0,2026-09-20T07:01:11.243757+00:00,2026-09-20T07:01:11.243757+00:00,vR-o6IGspmU,that are funny. But but if you're not used to dealing with people who lie and,new,,,20260919_235645_YT001,20260919_235645_YT001
people s bank,People's Bank,person_or_named_entity,3,1,1,0,2026-09-20T07:01:11.243757+00:00,2026-09-20T07:01:11.243757+00:00,1q3O8KbUHfU,"Beijing draws a line on digital dollars. On February 6th, 2026, People's Bank of",new,,,20260919_235645_YT001,20260919_235645_YT001
perhaps,Perhaps,named_entity,3,1,1,0,2026-09-20T07:01:11.243757+00:00,2026-09-20T07:01:11.243757+00:00,mq7GSzwaGBw,"instead of going to the cafe every day. Perhaps most importantly, open source AI",new,,,20260919_235645_YT001,20260919_235645_YT001
phds,PhDs,named_entity,3,1,1,0,2026-09-20T07:01:11.243757+00:00,2026-09-20T07:01:11.243757+00:00,tK4hyAbE3rw,And so I had all these drivers who were PhDs from Poland. They were university,new,,,20260919_235645_YT001,20260919_235645_YT001
philippines,Philippines,named_entity,3,1,1,0,2026-09-20T07:01:11.243757+00:00,2026-09-20T07:01:11.243757+00:00,mq7GSzwaGBw,Africa and Latin America and the Philippines because open source got used,new,,,20260919_235645_YT001,20260919_235645_YT001
physical cash whenever,physical cash whenever,person_or_named_entity,3,1,1,0,2026-09-20T07:01:11.243757+00:00,2026-09-20T07:01:11.243757+00:00,vR-o6IGspmU,this state are strongly encouraged to pay with physical cash whenever and,new,,,20260919_235645_YT001,20260919_235645_YT001
pirate money he,Pirate Money. He,product,3,1,1,0,2026-09-20T07:01:11.243757+00:00,2026-09-20T07:01:11.243757+00:00,vR-o6IGspmU,"Freeman, who is Pirate Money. Okay, he's from Pirate Money. He wrote a book",new,,,20260919_235645_YT001,20260919_235645_YT001
poland and,Poland. And,person_or_named_entity,3,1,1,0,2026-09-20T07:01:11.243757+00:00,2026-09-20T07:01:11.243757+00:00,tK4hyAbE3rw,Chinese and her dad was Polish. She grew up in Poland. And so,new,,,20260919_235645_YT001,20260919_235645_YT001
poland they,Poland. They,person_or_named_entity,3,1,1,0,2026-09-20T07:01:11.243757+00:00,2026-09-20T07:01:11.243757+00:00,tK4hyAbE3rw,And so I had all these drivers who were PhDs from Poland. They were university,new,,,20260919_235645_YT001,20260919_235645_YT001
police,Police,named_entity,3,1,1,0,2026-09-20T07:01:11.243757+00:00,2026-09-20T07:01:11.243757+00:00,-YPhdbbhvv4,geofence warrant treats a location itself as the suspect. Police draw a,new,,,20260919_235645_YT001,20260919_235645_YT001
polish she,Polish. She,person_or_named_entity,3,1,1,0,2026-09-20T07:01:11.243757+00:00,2026-09-20T07:01:11.243757+00:00,tK4hyAbE3rw,"uh Food for the Soul, her mom was Chinese and her dad was Polish. She grew",new,,,20260919_235645_YT001,20260919_235645_YT001
polymarket,Polymarket,named_entity,3,1,1,0,2026-09-20T07:01:11.243757+00:00,2026-09-20T07:01:11.243757+00:00,INWRgXjwPXk,Look at this. Kalshi and Polymarket uh,new,,,20260919_235645_YT001,20260919_235645_YT001
ponzi,Ponzi,named_entity,3,1,1,0,2026-09-20T07:01:11.243757+00:00,2026-09-20T07:01:11.243757+00:00,C-nY_mj1XtE,"this right now, health insurance is the biggest Ponzi scheme there ever was or",new,,,20260919_235645_YT001,20260919_235645_YT001
popes,Popes,named_entity,3,1,1,0,2026-09-20T07:01:11.243757+00:00,2026-09-20T07:01:11.243757+00:00,2FCT_uA2z5k,Europe completely electrified it and the Popes got excited about it,new,,,20260919_235645_YT001,20260919_235645_YT001
precisely yeah,Precisely. Yeah,person_or_named_entity,3,1,1,0,2026-09-20T07:01:11.243757+00:00,2026-09-20T07:01:11.243757+00:00,MGnJEb4sXwM,market up. It's not to have an economic. >> Precisely. Yeah. [laughter] Close. Very,new,,,20260919_235645_YT001,20260919_235645_YT001
primary,Primary,named_entity,3,1,1,0,2026-09-20T07:01:11.243757+00:00,2026-09-20T07:01:11.243757+00:00,MztMjj6LxXk,between primary and secondary sanctions. Primary sanctions bar Iran-related,new,,,20260919_235645_YT001,20260919_235645_YT001
prince sultan,Prince Sultan,person_or_named_entity,3,1,1,0,2026-09-20T07:01:11.243757+00:00,2026-09-20T07:01:11.243757+00:00,MGnJEb4sXwM,result has been very important. Saudi Arabia shut the use of its Prince Sultan,new,,,20260919_235645_YT001,20260919_235645_YT001
project,Project,organization,3,1,1,0,2026-09-20T07:01:11.243757+00:00,2026-09-20T07:01:11.243757+00:00,mq7GSzwaGBw,"implemented DSSIs in the US. One of the main systems is Project Maven, developed",new,,,20260919_235645_YT001,20260919_235645_YT001
ps5,PS5,media_show,3,1,1,0,2026-09-20T07:01:11.243757+00:00,2026-09-20T07:01:11.243757+00:00,r7POfIOIJd8,"broadcast, cable. It could be your PS4, your PS5 if you're into gaming. It could",new,,,20260919_235645_YT001,20260919_235645_YT001
public,Public,government,3,1,1,0,2026-09-20T07:01:11.243757+00:00,2026-09-20T07:01:11.243757+00:00,INWRgXjwPXk,"Holman, a government affairs lobbyist for Public Citizen,",new,,,20260919_235645_YT001,20260919_235645_YT001
put,Put,organization,3,1,1,0,2026-09-20T07:01:11.243757+00:00,2026-09-20T07:01:11.243757+00:00,mq7GSzwaGBw,became a distribution company. How to get all this stuff installed. Put a lot,new,,,20260919_235645_YT001,20260919_235645_YT001
putin,Putin,named_entity,3,1,1,0,2026-09-20T07:01:11.243757+00:00,2026-09-20T07:01:11.243757+00:00,MGnJEb4sXwM,"in Moscow to in St. Petersburg with with Putin. So, I think",new,,,20260919_235645_YT001,20260919_235645_YT001
pyon,Pyon,named_entity,3,1,1,0,2026-09-20T07:01:11.243757+00:00,2026-09-20T07:01:11.243757+00:00,mq7GSzwaGBw,"Pi where Python came from. >> Okay, Google. Where was Pyon held in",new,,,20260919_235645_YT001,20260919_235645_YT001
quansite quite,Quansite. Quite,organization,3,1,1,0,2026-09-20T07:01:11.243757+00:00,2026-09-20T07:01:11.243757+00:00,mq7GSzwaGBw,one of my dear friends who actually runs a company called Quansite. Quite was a,new,,,20260919_235645_YT001,20260919_235645_YT001
rare exception was a plan,rare exception was a plan,person_or_named_entity,3,1,1,0,2026-09-20T07:01:11.243757+00:00,2026-09-20T07:01:11.243757+00:00,eyItREqSFvA,and what everyone who came to me wanted with rare exception was a plan to get,new,,,20260919_235645_YT001,20260919_235645_YT001
rather,Rather,named_entity,3,1,1,0,2026-09-20T07:01:11.243757+00:00,2026-09-20T07:01:11.243757+00:00,tUE5vpNZDtU,another family. Rather more discreet family.,new,,,20260919_235645_YT001,20260919_235645_YT001
real people so,real people. So,person_or_named_entity,3,1,1,0,2026-09-20T07:01:11.243757+00:00,2026-09-20T07:01:11.243757+00:00,mq7GSzwaGBw,"particular, you need you need to meet with real people. So, it's a it's a a",new,,,20260919_235645_YT001,20260919_235645_YT001
really they,Really. They,person_or_named_entity,3,1,1,0,2026-09-20T07:01:11.243757+00:00,2026-09-20T07:01:11.243757+00:00,oc8B5AqvkUE,universe. But then they didn't want to understand the universe. Really. They,new,,,20260919_235645_YT001,20260919_235645_YT001
recent,Recent,named_entity,3,1,1,0,2026-09-20T07:01:11.243757+00:00,2026-09-20T07:01:11.243757+00:00,mq7GSzwaGBw,"fewer mistakes, no civilian deaths. Recent conflicts, however, suggest the",new,,,20260919_235645_YT001,20260919_235645_YT001
red sea,Red Sea,person_or_named_entity,3,1,1,0,2026-09-20T07:01:11.243757+00:00,2026-09-20T07:01:11.243757+00:00,9Td1lcX-Cno,"Okay? It actually goes around into the Red Sea. Again, very tight pass.",new,,,20260919_235645_YT001,20260919_235645_YT001
refuse,Refuse,named_entity,3,1,1,0,2026-09-20T07:01:11.243757+00:00,2026-09-20T07:01:11.243757+00:00,vR-o6IGspmU,"pay with cash every day, gas and groceries at a minimum. Refuse to shop",new,,,20260919_235645_YT001,20260919_235645_YT001
reluctantly,Reluctantly,named_entity,3,1,1,0,2026-09-20T07:01:11.243757+00:00,2026-09-20T07:01:11.243757+00:00,oc8B5AqvkUE,"Earth going around the Sun and they said, ""Okay, okay."" Reluctantly they all",new,,,20260919_235645_YT001,20260919_235645_YT001
remember,Remember,named_entity,3,1,1,0,2026-09-20T07:01:11.243757+00:00,2026-09-20T07:01:11.243757+00:00,vR-o6IGspmU,"looked at him and I said, ""Do you want to live in utopia?"" Remember the horror",new,,,20260919_235645_YT001,20260919_235645_YT001
remnant health,Remnant Health,person_or_named_entity,3,1,1,0,2026-09-20T07:01:11.243757+00:00,2026-09-20T07:01:11.243757+00:00,DrGmCAQxBig,"We wanted to do something different here at Remnant Health Care, and I think we",new,,,20260919_235645_YT001,20260919_235645_YT001
republican republicans,Republican Republicans,person_or_named_entity,3,1,1,0,2026-09-20T07:01:11.243757+00:00,2026-09-20T07:01:11.243757+00:00,vR-o6IGspmU,their Republican brothers and sisters. And I hope the Republican Republicans,new,,,20260919_235645_YT001,20260919_235645_YT001
republican and,Republican. And,person_or_named_entity,3,1,1,0,2026-09-20T07:01:11.243757+00:00,2026-09-20T07:01:11.243757+00:00,vR-o6IGspmU,come out of their couch and put aside Democrat versus Republican. And what,new,,,20260919_235645_YT001,20260919_235645_YT001
republicans this,Republicans. This,person_or_named_entity,3,1,1,0,2026-09-20T07:01:11.243757+00:00,2026-09-20T07:01:11.243757+00:00,vR-o6IGspmU,about cash. I'll talk to Democrats. I'll talk to Republicans. This is a corpos,new,,,20260919_235645_YT001,20260919_235645_YT001
researchers,Researchers,named_entity,3,1,1,0,2026-09-20T07:01:11.243757+00:00,2026-09-20T07:01:11.243757+00:00,mq7GSzwaGBw,"examine, modify, and improve these models. Researchers in universities,",new,,,20260919_235645_YT001,20260919_235645_YT001
richard medhurst,Richard Medhurst,person_or_named_entity,3,1,1,0,2026-09-20T07:01:11.243757+00:00,2026-09-20T07:01:11.243757+00:00,YItOkNjS4OY,down other oil going to China and someone pointed out Richard Medhurst,new,,,20260919_235645_YT001,20260919_235645_YT001
right ai,Right. AI,person_or_named_entity,3,1,1,0,2026-09-20T07:01:11.243757+00:00,2026-09-20T07:01:11.243757+00:00,mq7GSzwaGBw,why I want to get the word out that it doesn't have to be that way. Right. AI,new,,,20260919_235645_YT001,20260919_235645_YT001
right because,Right. Because,person_or_named_entity,3,1,1,0,2026-09-20T07:01:11.243757+00:00,2026-09-20T07:01:11.243757+00:00,mq7GSzwaGBw,centralized compute to people. Right. >> Right. Because you this notion of,new,,,20260919_235645_YT001,20260919_235645_YT001
right do,Right. Do,person_or_named_entity,3,1,1,0,2026-09-20T06:45:40.991711+00:00,2026-09-20T06:45:40.991711+00:00,RD8gcj5aP74,>> Right. >> Right. Do everything you can to keep,new,,,20260919_234459_YT001,20260919_234459_YT001
right exactly,Right. Exactly,person_or_named_entity,3,1,1,0,2026-09-20T07:01:11.243757+00:00,2026-09-20T07:01:11.243757+00:00,vR-o6IGspmU,encroaching on freedom. >> Right. Exactly.,new,,,20260919_235645_YT001,20260919_235645_YT001
right exactly exactly,Right. Exactly. Exactly,person_or_named_entity,3,1,1,0,2026-09-20T07:01:11.243757+00:00,2026-09-20T07:01:11.243757+00:00,vR-o6IGspmU,">> Right. >> Right. Exactly. Exactly. So, we're",new,,,20260919_235645_YT001,20260919_235645_YT001
right for,Right. For,organization,3,1,1,0,2026-09-20T07:01:11.243757+00:00,2026-09-20T07:01:11.243757+00:00,mq7GSzwaGBw,"make it a company. >> Right. For me, this controversy started",new,,,20260919_235645_YT001,20260919_235645_YT001
right from,Right. From,person_or_named_entity,3,1,1,0,2026-09-20T07:01:11.243757+00:00,2026-09-20T07:01:11.243757+00:00,vVa6h4WYlOw,"appropriation. >> Right. From Afghanistan, from Iraq, um",new,,,20260919_235645_YT001,20260919_235645_YT001
right is,Right. Is,person_or_named_entity,3,1,1,0,2026-09-20T07:01:11.243757+00:00,2026-09-20T07:01:11.243757+00:00,INWRgXjwPXk,federal district court judges? Right. Is that is it is you you are you,new,,,20260919_235645_YT001,20260919_235645_YT001
right it,Right. It,person_or_named_entity,3,1,1,0,2026-09-20T07:01:11.243757+00:00,2026-09-20T07:01:11.243757+00:00,FXNfNrtGHlo,>> Yeah. >> Right. It did It's It's It's calculated.,new,,,20260919_235645_YT001,20260919_235645_YT001
right o brien slow,Right. O'Brien Slow,person_or_named_entity,3,1,1,0,2026-09-20T07:01:11.243757+00:00,2026-09-20T07:01:11.243757+00:00,mq7GSzwaGBw,>> something go wrong at will. >> Right. O'Brien Slow was Murphy was an,new,,,20260919_235645_YT001,20260919_235645_YT001
right right and,Right. Right. And,person_or_named_entity,3,1,1,0,2026-09-20T07:01:11.243757+00:00,2026-09-20T07:01:11.243757+00:00,vR-o6IGspmU,need to know how the perfect example. >> Right. Right. And at that point when I,new,,,20260919_235645_YT001,20260919_235645_YT001
right right not not,Right. Right. Not Not,person_or_named_entity,3,1,1,0,2026-09-20T07:01:11.243757+00:00,2026-09-20T07:01:11.243757+00:00,LTWifAkVVDg,Right? >> Right. Right. Not Not putting a target,new,,,20260919_235645_YT001,20260919_235645_YT001
right right so,Right. Right. So,person_or_named_entity,3,1,1,0,2026-09-20T07:01:11.243757+00:00,2026-09-20T07:01:11.243757+00:00,vR-o6IGspmU,>> I bet. >> Right. Right. So it depends on where you,new,,,20260919_235645_YT001,20260919_235645_YT001
right right there s,Right. Right. There's,person_or_named_entity,3,1,1,0,2026-09-20T07:01:11.243757+00:00,2026-09-20T07:01:11.243757+00:00,vR-o6IGspmU,information. >> Right. Right. There's that and just kind,new,,,20260919_235645_YT001,20260919_235645_YT001
right there s,Right. There's,person_or_named_entity,3,1,1,0,2026-09-20T07:01:11.243757+00:00,2026-09-20T07:01:11.243757+00:00,-YPhdbbhvv4,"transparency. >> Right. There's not only a no privacy,",new,,,20260919_235645_YT001,20260919_235645_YT001
right they re,Right. They're,person_or_named_entity,3,1,1,0,2026-09-20T07:01:11.243757+00:00,2026-09-20T07:01:11.243757+00:00,1q3O8KbUHfU,>> It's their money. Right. They're not going to have Jeff,new,,,20260919_235645_YT001,20260919_235645_YT001
right which,Right. Which,person_or_named_entity,3,1,1,0,2026-09-20T07:01:11.243757+00:00,2026-09-20T07:01:11.243757+00:00,mq7GSzwaGBw,>> Exactly. Exactly. And and I I share those concerns. Right. Which is partly,new,,,20260919_235645_YT001,20260919_235645_YT001
robert kennedy,Robert Kennedy,person_or_named_entity,3,1,1,0,2026-09-20T07:01:11.243757+00:00,2026-09-20T07:01:11.243757+00:00,Oxk8BAFUdBE,>> And um perhaps you can count Robert Kennedy,new,,,20260919_235645_YT001,20260919_235645_YT001
rockefeller,Rockefeller,named_entity,3,1,1,0,2026-09-20T07:01:11.243757+00:00,2026-09-20T07:01:11.243757+00:00,C-nY_mj1XtE,he's talking about because he's so deeply indoctrinated by Rockefeller,new,,,20260919_235645_YT001,20260919_235645_YT001
rogue,Rogue,organization,3,1,1,0,2026-09-20T07:01:11.243757+00:00,2026-09-20T07:01:11.243757+00:00,vR-o6IGspmU,"will talk to me. So, Republicans, Democrats, just any group, Rogue Foods,",new,,,20260919_235645_YT001,20260919_235645_YT001
roi,ROI,named_entity,3,1,1,0,2026-09-20T07:01:11.243757+00:00,2026-09-20T07:01:11.243757+00:00,wfpVe_F_0UE,announced CapEx increases recently are getting punished because there are ROI,new,,,20260919_235645_YT001,20260919_235645_YT001
ron desantis,Ron DeSantis,person_or_named_entity,3,1,1,0,2026-09-20T07:01:11.243757+00:00,2026-09-20T07:01:11.243757+00:00,WET6BjpHGkc,I don't like that. And and this is not a slam on Ron DeSantis. I don't think,new,,,20260919_235645_YT001,20260919_235645_YT001
round table,Round Table,person_or_named_entity,3,1,1,0,2026-09-20T07:01:11.243757+00:00,2026-09-20T07:01:11.243757+00:00,ChdoKKB48CU,Table. It was run by Lord Alfred Milner. And the Round Table worked behind the,new,,,20260919_235645_YT001,20260919_235645_YT001
royal institute,Royal Institute,organization,3,1,1,0,2026-09-20T07:01:11.243757+00:00,2026-09-20T07:01:11.243757+00:00,ChdoKKB48CU,at that point. uh and uh and spawned the Royal Institute of International,new,,,20260919_235645_YT001,20260919_235645_YT001
rushmore and,Rushmore. And,person_or_named_entity,3,1,1,0,2026-09-20T07:01:11.243757+00:00,2026-09-20T07:01:11.243757+00:00,vR-o6IGspmU,Crazy Horse. Crazy Horse is way better than Rushmore. And it's a way better,new,,,20260919_235645_YT001,20260919_235645_YT001
rushmore first,Rushmore. First,person_or_named_entity,3,1,1,0,2026-09-20T07:01:11.243757+00:00,2026-09-20T07:01:11.243757+00:00,vR-o6IGspmU,"things about if we can diverge about Rushmore. First of all, I don't like ice",new,,,20260919_235645_YT001,20260919_235645_YT001
rushmore um,Rushmore. Um,person_or_named_entity,3,1,1,0,2026-09-20T07:01:11.243757+00:00,2026-09-20T07:01:11.243757+00:00,vR-o6IGspmU,">> Yeah. By the way, if you come to South Dakota, okay, you go to Rushmore. Um two",new,,,20260919_235645_YT001,20260919_235645_YT001
russia for,Russia. For,person_or_named_entity,3,1,1,0,2026-09-20T07:01:11.243757+00:00,2026-09-20T07:01:11.243757+00:00,MGnJEb4sXwM,"rest of the world, but the the the tanker war against Russia. For example,",new,,,20260919_235645_YT001,20260919_235645_YT001
russia um,Russia. Um,person_or_named_entity,3,1,1,0,2026-09-20T07:01:11.243757+00:00,2026-09-20T07:01:11.243757+00:00,MGnJEb4sXwM,Gulf security architecture perhaps supported by China and Russia. Um but it,new,,,20260919_235645_YT001,20260919_235645_YT001
sabbatean frankist,Sabbatean Frankist,person_or_named_entity,3,1,1,0,2026-09-20T07:01:11.243757+00:00,2026-09-20T07:01:11.243757+00:00,ChdoKKB48CU,connected to the Messianic movement of Sabbatean Frankist circles in Frankfurt,new,,,20260919_235645_YT001,20260919_235645_YT001
said craig,Said Craig,person_or_named_entity,3,1,1,0,2026-09-20T07:01:11.243757+00:00,2026-09-20T07:01:11.243757+00:00,INWRgXjwPXk,"had insider knowledge and placed very substantial bets on it."" Said Craig",new,,,20260919_235645_YT001,20260919_235645_YT001
salary report,Salary Report,product,3,1,1,0,2026-09-20T07:01:11.243757+00:00,2026-09-20T07:01:11.243757+00:00,vR-o6IGspmU,"Ladies and gentlemen, welcome to the Salary Report and welcome to Sou Falls,",new,,,20260919_235645_YT001,20260919_235645_YT001
sallie,Sallie,named_entity,3,1,1,0,2026-09-20T07:01:11.243757+00:00,2026-09-20T07:01:11.243757+00:00,tdcH4dZ12vQ,"remember I used to be on the board of Sallie Mae, right?",new,,,20260919_235645_YT001,20260919_235645_YT001
salt lake city s,Salt Lake City's,person_or_named_entity,3,1,1,0,2026-09-20T07:01:11.243757+00:00,2026-09-20T07:01:11.243757+00:00,9Td1lcX-Cno,because Salt Lake City's air traffic had to be,new,,,20260919_235645_YT001,20260919_235645_YT001
salt lake city i ve,Salt Lake City. I've,product,3,1,1,0,2026-09-20T07:01:11.243757+00:00,2026-09-20T07:01:11.243757+00:00,mq7GSzwaGBw,Celeria Report. This is Katherine Austin Fitz. I am in Salt Lake City. I've had,new,,,20260919_235645_YT001,20260919_235645_YT001
same,Same,named_entity,3,1,1,0,2026-09-20T07:01:11.243757+00:00,2026-09-20T07:01:11.243757+00:00,MztMjj6LxXk,"Sure enough, that's exactly what's happening. Same as COVID 1.0. You're",new,,,20260919_235645_YT001,20260919_235645_YT001
san francisco,San Francisco,person_or_named_entity,3,1,1,0,2026-09-20T07:01:11.243757+00:00,2026-09-20T07:01:11.243757+00:00,9Td1lcX-Cno,There was an internet cable that cut that was cut in San Francisco that,new,,,20260919_235645_YT001,20260919_235645_YT001
satan um,Satan. Um,person_or_named_entity,3,1,1,0,2026-09-20T07:01:11.243757+00:00,2026-09-20T07:01:11.243757+00:00,71DIp8e2mXk,at it as like a one puppet master. I think things are less maybe Satan. Um,new,,,20260919_235645_YT001,20260919_235645_YT001
say 537 billion today it s dropped,say 537 billion. Today it's dropped,named_entity,3,1,1,0,2026-09-20T07:01:11.243757+00:00,2026-09-20T07:01:11.243757+00:00,MGnJEb4sXwM,China was the number one import source with say 537 billion. Today it's dropped,new,,,20260919_235645_YT001,20260919_235645_YT001
scandinavian,Scandinavian,named_entity,3,1,1,0,2026-09-20T07:01:11.243757+00:00,2026-09-20T07:01:11.243757+00:00,vR-o6IGspmU,"something, it was a mistake, the Scandinavian central banks, it's a",new,,,20260919_235645_YT001,20260919_235645_YT001
scott bosun,Scott Bosun,person_or_named_entity,3,1,1,0,2026-09-20T07:01:11.243757+00:00,2026-09-20T07:01:11.243757+00:00,mD_aE7ZCMoo,"and you've got to deal with them one by one. So, if you're a Scott Bosun who",new,,,20260919_235645_YT001,20260919_235645_YT001
second,Second,named_entity,3,1,1,0,2026-09-20T07:01:11.243757+00:00,2026-09-20T07:01:11.243757+00:00,vR-o6IGspmU,ice cream at Mount Rushmore if you go. Second thing is if you go to Mount,new,,,20260919_235645_YT001,20260919_235645_YT001
secondary,Secondary,named_entity,3,1,1,0,2026-09-20T07:01:11.243757+00:00,2026-09-20T07:01:11.243757+00:00,MztMjj6LxXk,other American jurisdictional links. Secondary sanctions reach non-US parties,new,,,20260919_235645_YT001,20260919_235645_YT001
see,See,named_entity,3,1,1,0,2026-09-20T07:01:11.243757+00:00,2026-09-20T07:01:11.243757+00:00,vR-o6IGspmU,">> ticket, sir. >> See you.",new,,,20260919_235645_YT001,20260919_235645_YT001
selective service service system,Selective Service Service System,product,3,1,1,0,2026-09-20T07:01:11.243757+00:00,2026-09-20T07:01:11.243757+00:00,es1SX2TSqz8,starting December 19th of this year. The Selective Service Service System will,new,,,20260919_235645_YT001,20260919_235645_YT001
senator,Senator,named_entity,3,1,1,0,2026-09-20T07:01:11.243757+00:00,2026-09-20T07:01:11.243757+00:00,87SJi_DDbt4,wipe out all local controls. And so >> Senator has done an incredible job of,new,,,20260919_235645_YT001,20260919_235645_YT001
senior leadership,senior leadership,person_or_named_entity,3,1,1,0,2026-09-20T07:01:11.243757+00:00,2026-09-20T07:01:11.243757+00:00,MGnJEb4sXwM,about that. I had some long discussions with senior leadership about saying you,new,,,20260919_235645_YT001,20260919_235645_YT001
shakespeare,Shakespeare,named_entity,3,1,1,0,2026-09-20T07:01:11.243757+00:00,2026-09-20T07:01:11.243757+00:00,LCbpnzlLKg8,of what was right and wrong that I described sort of Shakespeare,new,,,20260919_235645_YT001,20260919_235645_YT001
show,Show,media_show,3,1,1,0,2026-09-20T07:01:11.243757+00:00,2026-09-20T07:01:11.243757+00:00,qy_N0XOlApA,There's a lot of campaigning activities. Show up at their events. Uh show up,new,,,20260919_235645_YT001,20260919_235645_YT001
shut,Shut,named_entity,3,1,1,0,2026-09-20T07:01:11.243757+00:00,2026-09-20T07:01:11.243757+00:00,MGnJEb4sXwM,Arabia shut the use of its Prince Sultan air base to America. Shut it. Shut its,new,,,20260919_235645_YT001,20260919_235645_YT001
si siamese,Si Siamese,person_or_named_entity,3,1,1,0,2026-09-20T07:01:11.243757+00:00,2026-09-20T07:01:11.243757+00:00,MGnJEb4sXwM,always say that fighting with China is like two Si Siamese twins fighting and,new,,,20260919_235645_YT001,20260919_235645_YT001
silicon valley and,Silicon Valley. And,person_or_named_entity,3,1,1,0,2026-09-20T07:01:11.243757+00:00,2026-09-20T07:01:11.243757+00:00,vR-o6IGspmU,"it, but that is kind of the attitude um in Silicon Valley. And uh we just saw",new,,,20260919_235645_YT001,20260919_235645_YT001
simple,Simple,named_entity,3,1,1,0,2026-09-20T07:01:11.243757+00:00,2026-09-20T07:01:11.243757+00:00,vR-o6IGspmU,"big or small, you can't travel outside the country. Simple as that.",new,,,20260919_235645_YT001,20260919_235645_YT001
simply,Simply,named_entity,3,1,1,0,2026-09-20T07:01:11.243757+00:00,2026-09-20T07:01:11.243757+00:00,vR-o6IGspmU,for to qualify. Simply make at least 20,new,,,20260919_235645_YT001,20260919_235645_YT001
sioux,Sioux,named_entity,3,1,1,0,2026-09-20T07:01:11.243757+00:00,2026-09-20T07:01:11.243757+00:00,RRPA9FVZ2Ds,"Nebraska, and I'm from Sioux Falls, South",new,,,20260919_235645_YT001,20260919_235645_YT001
sloan slovenia,Sloan Slovenia,person_or_named_entity,3,1,1,0,2026-09-20T07:01:11.243757+00:00,2026-09-20T07:01:11.243757+00:00,MGnJEb4sXwM,the one market um for European uh states that's Hungary and Sloan Slovenia are,new,,,20260919_235645_YT001,20260919_235645_YT001
so mount rushmore,So Mount Rushmore,person_or_named_entity,3,1,1,0,2026-09-20T07:01:11.243757+00:00,2026-09-20T07:01:11.243757+00:00,vR-o6IGspmU,cash. Are they small businesses? >> So Mount Rushmore takes cash,new,,,20260919_235645_YT001,20260919_235645_YT001
so mr,So Mr,product,3,1,1,0,2026-09-20T07:01:11.243757+00:00,2026-09-20T07:01:11.243757+00:00,vR-o6IGspmU,three-lock system with a third lock which is superior. So Mr. global gets a,new,,,20260919_235645_YT001,20260919_235645_YT001
so python,So Python,person_or_named_entity,3,1,1,0,2026-09-20T07:01:11.243757+00:00,2026-09-20T07:01:11.243757+00:00,mq7GSzwaGBw,the computer. >> So Python attracted a lot of domain,new,,,20260919_235645_YT001,20260919_235645_YT001
so sou falls,So Sou Falls,person_or_named_entity,3,1,1,0,2026-09-20T07:01:11.243757+00:00,2026-09-20T07:01:11.243757+00:00,vR-o6IGspmU,think agricultural to light industrial industrial I believe. So Sou Falls had a,new,,,20260919_235645_YT001,20260919_235645_YT001
so south dakota,So South Dakota,person_or_named_entity,3,1,1,0,2026-09-20T07:01:11.243757+00:00,2026-09-20T07:01:11.243757+00:00,vR-o6IGspmU,"has 32,26 buffalo. So South Dakota owns the",new,,,20260919_235645_YT001,20260919_235645_YT001
so tedros,So Tedros,person_or_named_entity,3,1,1,0,2026-09-20T07:01:11.243757+00:00,2026-09-20T07:01:11.243757+00:00,6Mg0q_IyWgY,"Like, ""Oh my god, look how important my symptoms are."" So Tedros is all of",new,,,20260919_235645_YT001,20260919_235645_YT001
so uae,So UAE,person_or_named_entity,3,1,1,0,2026-09-20T07:01:11.243757+00:00,2026-09-20T07:01:11.243757+00:00,MGnJEb4sXwM,that was destroyed in the aftermath of these events set on fire. So UAE now has,new,,,20260919_235645_YT001,20260919_235645_YT001
so with this resolution i had,so with this resolution I had,named_entity,3,1,1,0,2026-09-20T07:01:11.243757+00:00,2026-09-20T07:01:11.243757+00:00,vR-o6IGspmU,and with so with this resolution I had two,new,,,20260919_235645_YT001,20260919_235645_YT001
social security,Social Security,person_or_named_entity,3,1,1,0,2026-09-20T07:01:11.243757+00:00,2026-09-20T07:01:11.243757+00:00,vR-o6IGspmU,"of cash movement that's sort of worldwide. Um, Social Security is going",new,,,20260919_235645_YT001,20260919_235645_YT001
society org,society.org,website,3,1,1,0,2026-09-20T07:01:11.243757+00:00,2026-09-20T07:01:11.243757+00:00,mq7GSzwaGBw,>> applied AI society >> applied so applied society.org and you,new,,,20260919_235645_YT001,20260919_235645_YT001
solar,Solar,named_entity,3,1,1,0,2026-09-20T07:01:11.243757+00:00,2026-09-20T07:01:11.243757+00:00,mq7GSzwaGBw,we do ourselves too. >> So my number one goal at Solar is first,new,,,20260919_235645_YT001,20260919_235645_YT001
solari report your,Solari Report. Your,product,3,1,1,0,2026-09-20T07:01:11.243757+00:00,2026-09-20T07:01:11.243757+00:00,KiRtjIh2kjc,"So, welcome [snorts] Mr. Temple to the Solari Report. Your book has made waves",new,,,20260919_235645_YT001,20260919_235645_YT001
solarians,Solarians,named_entity,3,1,1,0,2026-09-20T07:01:11.243757+00:00,2026-09-20T07:01:11.243757+00:00,hxQGwThmCD8,something that I for a long time wanted to bring across to the Solarians and to,new,,,20260919_235645_YT001,20260919_235645_YT001
soleri,Soleri,named_entity,3,1,1,0,2026-09-20T07:01:11.243757+00:00,2026-09-20T07:01:11.243757+00:00,vR-o6IGspmU,thing handout I gave them is this Solary business flyer that Soleri did for us.,new,,,20260919_235645_YT001,20260919_235645_YT001
sony,Sony,named_entity,3,1,1,0,2026-09-20T07:01:11.243757+00:00,2026-09-20T07:01:11.243757+00:00,9Td1lcX-Cno,in addition to the hacks that we saw against Wells Fargo and Sony and so on,new,,,20260919_235645_YT001,20260919_235645_YT001
souf falls,Souf Falls,person_or_named_entity,3,1,1,0,2026-09-20T07:01:11.243757+00:00,2026-09-20T07:01:11.243757+00:00,vR-o6IGspmU,and I showed them some pictures of them. Flock cameras. Souf Falls has a ton of,new,,,20260919_235645_YT001,20260919_235645_YT001
south dakota it,South Dakota. It,person_or_named_entity,3,1,1,0,2026-09-20T07:01:11.243757+00:00,2026-09-20T07:01:11.243757+00:00,vR-o6IGspmU,resonate. We need a natural disaster in South Dakota. It did not re that that,new,,,20260919_235645_YT001,20260919_235645_YT001
south dakota it s,South Dakota. It's,person_or_named_entity,3,1,1,0,2026-09-20T07:01:11.243757+00:00,2026-09-20T07:01:11.243757+00:00,vR-o6IGspmU,>> continued to circulate and multiply within South Dakota. It's amazing in,new,,,20260919_235645_YT001,20260919_235645_YT001
south dakota that s,South Dakota. That's,person_or_named_entity,3,1,1,0,2026-09-20T07:01:11.243757+00:00,2026-09-20T07:01:11.243757+00:00,vR-o6IGspmU,businesses on it in the whole state of South Dakota. That's what I could come,new,,,20260919_235645_YT001,20260919_235645_YT001
south dakota we,South Dakota. We,person_or_named_entity,3,1,1,0,2026-09-20T07:01:11.243757+00:00,2026-09-20T07:01:11.243757+00:00,vR-o6IGspmU,"trust. I mean, we live in a world of trust here in South Dakota. We all leave",new,,,20260919_235645_YT001,20260919_235645_YT001
south dotans,South Dotans,person_or_named_entity,3,1,1,0,2026-09-20T07:01:11.243757+00:00,2026-09-20T07:01:11.243757+00:00,vR-o6IGspmU,New York or Visa headquartered in San Francisco. Do we as South Dotans really,new,,,20260919_235645_YT001,20260919_235645_YT001
southeast united states,Southeast United States,person_or_named_entity,3,1,1,0,2026-09-20T07:01:11.243757+00:00,2026-09-20T07:01:11.243757+00:00,9Td1lcX-Cno,that messed up air traffic control in the entire Southeast United States,new,,,20260919_235645_YT001,20260919_235645_YT001
sovereignty over your data,sovereignty over your data,person_or_named_entity,3,1,1,0,2026-09-20T07:01:11.243757+00:00,2026-09-20T07:01:11.243757+00:00,mq7GSzwaGBw,>> their sovereignty over their data. It starts with sovereignty over your data,new,,,20260919_235645_YT001,20260919_235645_YT001
spot,Spot,named_entity,3,1,1,0,2026-09-20T07:01:11.243757+00:00,2026-09-20T07:01:11.243757+00:00,Xu8_onfDCsQ,Right? >> Spot on.,new,,,20260919_235645_YT001,20260919_235645_YT001
st nevis s so,St. Nevis's. So,person_or_named_entity,3,1,1,0,2026-09-20T07:01:11.243757+00:00,2026-09-20T07:01:11.243757+00:00,tUE5vpNZDtU,"to the Americans um through um the Caribbean, through St. Nevis's. So they",new,,,20260919_235645_YT001,20260919_235645_YT001
st petersburg,St. Petersburg,person_or_named_entity,3,1,1,0,2026-09-20T07:01:11.243757+00:00,2026-09-20T07:01:11.243757+00:00,MGnJEb4sXwM,and he came there from having had talks in Moscow to in St. Petersburg with with,new,,,20260919_235645_YT001,20260919_235645_YT001
stalin s,Stalin's,named_entity,3,1,1,0,2026-09-20T07:01:11.243757+00:00,2026-09-20T07:01:11.243757+00:00,RRdQPuFQCik,Polish history when they're under the boot heel of Stalin's uh Warsaw Pact,new,,,20260919_235645_YT001,20260919_235645_YT001
state legislators,state legislators,person_or_named_entity,3,1,1,0,2026-09-20T07:01:11.243757+00:00,2026-09-20T07:01:11.243757+00:00,v-BQUZFqnRc,"Dennis, when we uh meet with state legislators, it's we",new,,,20260919_235645_YT001,20260919_235645_YT001
stop,Stop,named_entity,3,1,1,0,2026-09-20T07:01:11.243757+00:00,2026-09-20T07:01:11.243757+00:00,WCezIGm3Cp4,like Stop poisoning people. They'll be fine.,new,,,20260919_235645_YT001,20260919_235645_YT001
strait,Strait,named_entity,3,1,1,0,2026-09-20T07:01:11.243757+00:00,2026-09-20T07:01:11.243757+00:00,9Td1lcX-Cno,point. Everyone understands that the Strait,new,,,20260919_235645_YT001,20260919_235645_YT001
substack it s,Substack. It's,media_show,3,1,1,0,2026-09-20T07:01:11.243757+00:00,2026-09-20T07:01:11.243757+00:00,MGnJEb4sXwM,everyone that they check out conflicts forum Substack. It's an invaluable,new,,,20260919_235645_YT001,20260919_235645_YT001
such,Such,product,3,1,1,0,2026-09-20T07:01:11.243757+00:00,2026-09-20T07:01:11.243757+00:00,ChdoKKB48CU,"way, crashed the financial system. Such that a leading member of some of",new,,,20260919_235645_YT001,20260919_235645_YT001
sun although,Sun. Although,person_or_named_entity,3,1,1,0,2026-09-20T07:01:11.243757+00:00,2026-09-20T07:01:11.243757+00:00,oc8B5AqvkUE,at the stake for saying that the Earth went round the Sun. Although there were,new,,,20260919_235645_YT001,20260919_235645_YT001
sunday,Sunday,named_entity,3,1,1,0,2026-09-20T07:01:11.243757+00:00,2026-09-20T07:01:11.243757+00:00,mq7GSzwaGBw,"started to happen when the priest one Sunday said, you know, announced to",new,,,20260919_235645_YT001,20260919_235645_YT001
supposed,Supposed,product,3,1,1,0,2026-09-20T07:01:11.243757+00:00,2026-09-20T07:01:11.243757+00:00,KKxQfBk1zBY,"But that was, of course a breach of contract. Supposed to be deposited with",new,,,20260919_235645_YT001,20260919_235645_YT001
supreme,Supreme,named_entity,3,1,1,0,2026-09-20T07:01:11.243757+00:00,2026-09-20T07:01:11.243757+00:00,-YPhdbbhvv4,"vacuum up everyone near a crime scene. But according to Supreme Court, they're",new,,,20260919_235645_YT001,20260919_235645_YT001
susan lucha,Susan Lucha,person_or_named_entity,3,1,1,0,2026-09-20T07:01:11.243757+00:00,2026-09-20T07:01:11.243757+00:00,vR-o6IGspmU,"hero of the year and the head of team cash, Susan Lucha. So, you need no",new,,,20260919_235645_YT001,20260919_235645_YT001
suv,SUV,product,3,1,1,0,2026-09-20T07:01:11.243757+00:00,2026-09-20T07:01:11.243757+00:00,v4d389XfJbA,photos taken by the cameras in the Flock app showing his SUV,new,,,20260919_235645_YT001,20260919_235645_YT001
swords on horses,swords on horses,person_or_named_entity,3,1,1,0,2026-09-20T07:01:11.243757+00:00,2026-09-20T07:01:11.243757+00:00,aQYwmh0gCQo,like we're we're Poland out there hitting tanks with swords on horses.,new,,,20260919_235645_YT001,20260919_235645_YT001
syria,Syria,named_entity,3,1,1,0,2026-09-20T07:01:11.243757+00:00,2026-09-20T07:01:11.243757+00:00,mq7GSzwaGBw,by Palanteer. It was first deployed in Iraq and Syria during the war on the,new,,,20260919_235645_YT001,20260919_235645_YT001
syria we re,Syria. We're,person_or_named_entity,3,1,1,0,2026-09-20T07:01:11.243757+00:00,2026-09-20T07:01:11.243757+00:00,MGnJEb4sXwM,"bust that and said, ""No, we're going to take, you know, Syria. We're going to",new,,,20260919_235645_YT001,20260919_235645_YT001
t bills,T-bills,named_entity,3,1,1,0,2026-09-20T07:01:11.243757+00:00,2026-09-20T07:01:11.243757+00:00,4L0_mfIwTzY,">> well, a default option for some people is T-bills. I know you have the reasons",new,,,20260919_235645_YT001,20260919_235645_YT001
t old,T-old,named_entity,3,1,1,0,2026-09-20T07:01:11.243757+00:00,2026-09-20T07:01:11.243757+00:00,vR-o6IGspmU,to 10. So that was good. And the next bill we had was a T-old bill. It was a,new,,,20260919_235645_YT001,20260919_235645_YT001
takes,Takes,named_entity,3,1,1,0,2026-09-20T07:01:11.243757+00:00,2026-09-20T07:01:11.243757+00:00,vR-o6IGspmU,"That's a manual third lock. It's very cumbersome. Takes a lot of work, a lot",new,,,20260919_235645_YT001,20260919_235645_YT001
talking,Talking,named_entity,3,1,1,0,2026-09-20T07:01:11.243757+00:00,2026-09-20T07:01:11.243757+00:00,hMSD8_AvyAM,kilo of gold worth today? Talking about,new,,,20260919_235645_YT001,20260919_235645_YT001
tarquin,Tarquin,named_entity,3,1,1,0,2026-09-20T07:01:11.243757+00:00,2026-09-20T07:01:11.243757+00:00,LCbpnzlLKg8,described sort of Shakespeare illustrating with Tarquin and um,new,,,20260919_235645_YT001,20260919_235645_YT001
te olifphant,TE Olifphant,person_or_named_entity,3,1,1,0,2026-09-20T07:01:11.243757+00:00,2026-09-20T07:01:11.243757+00:00,mq7GSzwaGBw,>> So at open teams.com obviously go there. I'm on X at TE Olifphant.,new,,,20260919_235645_YT001,20260919_235645_YT001
teams com,teams.com,website,3,1,1,0,2026-09-20T07:01:11.243757+00:00,2026-09-20T07:01:11.243757+00:00,mq7GSzwaGBw,>> How do we find you? >> So at open teams.com obviously go there.,new,,,20260919_235645_YT001,20260919_235645_YT001
technology,Technology,named_entity,3,1,1,0,2026-09-20T07:01:11.243757+00:00,2026-09-20T07:01:11.243757+00:00,MGnJEb4sXwM,technological world. It's not you know 79. It's a new world. Technology is,new,,,20260919_235645_YT001,20260919_235645_YT001
tedros,Tedros,named_entity,3,1,1,0,2026-09-20T07:01:11.243757+00:00,2026-09-20T07:01:11.243757+00:00,6Mg0q_IyWgY,"symptoms are."" So Tedros is all of Tedros at the WHO who was all over the",new,,,20260919_235645_YT001,20260919_235645_YT001
telecommunications officers,Telecommunications Officers,organization,3,1,1,0,2026-09-20T07:01:11.243757+00:00,2026-09-20T07:01:11.243757+00:00,87SJi_DDbt4,and a National Association of Telecommunications Officers and,new,,,20260919_235645_YT001,20260919_235645_YT001
texas so,Texas. So,person_or_named_entity,3,1,1,0,2026-09-20T07:01:11.243757+00:00,2026-09-20T07:01:11.243757+00:00,mq7GSzwaGBw,">> Yeah, it is. >> There's a lot of So, I was in Texas. So",new,,,20260919_235645_YT001,20260919_235645_YT001
that i think that s i think,that I think that's I think,organization,3,1,1,0,2026-09-20T07:01:11.243757+00:00,2026-09-20T07:01:11.243757+00:00,mq7GSzwaGBw,for company >> I agree with that I think that's I think,new,,,20260919_235645_YT001,20260919_235645_YT001
that provides,that provides,organization,3,1,1,0,2026-09-20T07:01:11.243757+00:00,2026-09-20T07:01:11.243757+00:00,mq7GSzwaGBw,>> They may need a support structure. Quite is a company that provides that,new,,,20260919_235645_YT001,20260919_235645_YT001
that you re watching,that you're watching,media_show,3,1,1,0,2026-09-20T07:01:11.243757+00:00,2026-09-20T07:01:11.243757+00:00,r7POfIOIJd8,"shows are you watching? It may be a streaming show that you're watching, it",new,,,20260919_235645_YT001,20260919_235645_YT001
that s that s,That's That's,person_or_named_entity,3,1,1,0,2026-09-20T07:01:11.243757+00:00,2026-09-20T07:01:11.243757+00:00,FXNfNrtGHlo,>> Yeah. >> That's That's my takeaway from that,new,,,20260919_235645_YT001,20260919_235645_YT001
that so,that. So,person_or_named_entity,3,1,1,0,2026-09-20T07:01:11.243757+00:00,2026-09-20T07:01:11.243757+00:00,eyItREqSFvA,"gather together and go in and and start to deal with that. So, and one of the",new,,,20260919_235645_YT001,20260919_235645_YT001
the 9,the 9,person_or_named_entity,3,1,1,0,2026-09-20T07:01:11.243757+00:00,2026-09-20T07:01:11.243757+00:00,m50hk1fyOYs,And that's why most people have difficulty with the 9/11 truth movement.,new,,,20260919_235645_YT001,20260919_235645_YT001
the abc high school bill uh,the ABC high school bill uh,named_entity,3,1,1,0,2026-09-20T07:01:11.243757+00:00,2026-09-20T07:01:11.243757+00:00,vR-o6IGspmU,threat of an enforcement bill that was called the ABC high school bill uh,new,,,20260919_235645_YT001,20260919_235645_YT001
the benevolent dictator,the benevolent dictator,person_or_named_entity,3,1,1,0,2026-09-20T07:01:11.243757+00:00,2026-09-20T07:01:11.243757+00:00,mq7GSzwaGBw,>> I think it was me who suggested that Greo be called the benevolent dictator,new,,,20260919_235645_YT001,20260919_235645_YT001
the cash messages on them the,the cash messages on them. The,named_entity,3,1,1,0,2026-09-20T07:01:11.243757+00:00,2026-09-20T07:01:11.243757+00:00,vR-o6IGspmU,kids and the little kids get quarters with the cash messages on them. The,new,,,20260919_235645_YT001,20260919_235645_YT001
the compute,the compute,person_or_named_entity,3,1,1,0,2026-09-20T07:01:11.243757+00:00,2026-09-20T07:01:11.243757+00:00,mq7GSzwaGBw,compute and and an op is the thing you do with the compute that will have human,new,,,20260919_235645_YT001,20260919_235645_YT001
the data centers,the data centers,person_or_named_entity,3,1,1,0,2026-09-20T07:01:11.243757+00:00,2026-09-20T07:01:11.243757+00:00,vR-o6IGspmU,pushing up to is an automatic third lock backed up with the data centers and with,new,,,20260919_235645_YT001,20260919_235645_YT001
the engineers,the engineers,person_or_named_entity,3,1,1,0,2026-09-20T07:01:11.243757+00:00,2026-09-20T07:01:11.243757+00:00,FXNfNrtGHlo,"And now we're seeing what's happening with the Iranians, with the engineers,",new,,,20260919_235645_YT001,20260919_235645_YT001
the factory reset,The Factory Reset,product,3,1,1,0,2026-09-20T07:01:11.243757+00:00,2026-09-20T07:01:11.243757+00:00,eoeftpuyQXw,"it's a basically a book. It's a very long. It's called The Factory Reset, uh",new,,,20260919_235645_YT001,20260919_235645_YT001
the feds,the Feds,media_show,3,1,1,0,2026-09-20T07:01:11.243757+00:00,2026-09-20T07:01:11.243757+00:00,9Td1lcX-Cno,"be in my channel. That was the fight I had, you know, with the Feds because I",new,,,20260919_235645_YT001,20260919_235645_YT001
the force of gravity,the force of gravity,person_or_named_entity,3,1,1,0,2026-09-20T07:01:11.243757+00:00,2026-09-20T07:01:11.243757+00:00,oc8B5AqvkUE,Um because we're pulled back by something called the force of gravity.,new,,,20260919_235645_YT001,20260919_235645_YT001
the human capacity,the human capacity,person_or_named_entity,3,1,1,0,2026-09-20T07:01:11.243757+00:00,2026-09-20T07:01:11.243757+00:00,sSrRCNjcm5I,"So, we wondered whether this would interfere with the human capacity to say",new,,,20260919_235645_YT001,20260919_235645_YT001
the iranian lighter oil,the Iranian lighter oil,person_or_named_entity,3,1,1,0,2026-09-20T07:01:11.243757+00:00,2026-09-20T07:01:11.243757+00:00,YItOkNjS4OY,set up to combine the Venezuelan heavy oil with the Iranian lighter oil and now,new,,,20260919_235645_YT001,20260919_235645_YT001
the iranians,the Iranians,person_or_named_entity,3,1,1,0,2026-09-20T07:01:11.243757+00:00,2026-09-20T07:01:11.243757+00:00,FXNfNrtGHlo,"And now we're seeing what's happening with the Iranians, with the engineers,",new,,,20260919_235645_YT001,20260919_235645_YT001
the most horrifying story of the,the most horrifying story of the,named_entity,3,1,1,0,2026-09-20T07:01:11.243757+00:00,2026-09-20T07:01:11.243757+00:00,sSrRCNjcm5I,the chase with the most horrifying story of the,new,,,20260919_235645_YT001,20260919_235645_YT001
the movie right now if you,the movie right now. If you,media_show,3,1,1,0,2026-09-20T07:01:11.243757+00:00,2026-09-20T07:01:11.243757+00:00,vR-o6IGspmU,want to warn everybody. We're going to show the movie right now. If you don't,new,,,20260919_235645_YT001,20260919_235645_YT001
the netherlands post office,the Netherlands post office,person_or_named_entity,3,1,1,0,2026-09-20T07:01:11.243757+00:00,2026-09-20T07:01:11.243757+00:00,v02RjgeEg7Y,"problems? No, they have a partnership with the Netherlands post office.",new,,,20260919_235645_YT001,20260919_235645_YT001
the pain longest,the pain longest,person_or_named_entity,3,1,1,0,2026-09-20T07:01:11.243757+00:00,2026-09-20T07:01:11.243757+00:00,tXxuSX7iNeM,">> And the contest is, well, who can put up with the pain longest? And the US",new,,,20260919_235645_YT001,20260919_235645_YT001
the patriot act,the Patriot Act,person_or_named_entity,3,1,1,0,2026-09-20T07:01:11.243757+00:00,2026-09-20T07:01:11.243757+00:00,mD_aE7ZCMoo,"laundering laws, and you know, with the Patriot Act, you",new,,,20260919_235645_YT001,20260919_235645_YT001
the pentagon amazon,the Pentagon. Amazon,person_or_named_entity,3,1,1,0,2026-09-20T07:01:11.243757+00:00,2026-09-20T07:01:11.243757+00:00,mq7GSzwaGBw,development. [music] Chad GPT recently signed a deal with the Pentagon. Amazon,new,,,20260919_235645_YT001,20260919_235645_YT001
the people,the people,person_or_named_entity,3,1,1,0,2026-09-20T07:01:11.243757+00:00,2026-09-20T07:01:11.243757+00:00,mq7GSzwaGBw,"Google, we partner with Nvidia, we partner with the people that are",new,,,20260919_235645_YT001,20260919_235645_YT001
the protocols,the protocols,person_or_named_entity,3,1,1,0,2026-09-20T07:01:11.243757+00:00,2026-09-20T07:01:11.243757+00:00,MGnJEb4sXwM,"passing through paying a fee, complying with the protocols to prove that their",new,,,20260919_235645_YT001,20260919_235645_YT001
the quarters,the quarters,person_or_named_entity,3,1,1,0,2026-09-20T07:01:11.243757+00:00,2026-09-20T07:01:11.243757+00:00,vR-o6IGspmU,"message. So, the message doesn't get circulated with the quarters, but it",new,,,20260919_235645_YT001,20260919_235645_YT001
the selective service,the Selective Service,product,3,1,1,0,2026-09-20T07:01:11.243757+00:00,2026-09-20T07:01:11.243757+00:00,es1SX2TSqz8,range have been required to register with the Selective Service.,new,,,20260919_235645_YT001,20260919_235645_YT001
the tattoos,the tattoos,person_or_named_entity,3,1,1,0,2026-09-20T07:01:11.243757+00:00,2026-09-20T07:01:11.243757+00:00,FXNfNrtGHlo,>> Right. >> the floor with the tattoos and muscles,new,,,20260919_235645_YT001,20260919_235645_YT001
the united states will coordinate a,the United States will coordinate a,named_entity,3,1,1,0,2026-09-20T07:01:11.243757+00:00,2026-09-20T07:01:11.243757+00:00,MGnJEb4sXwM,by UAE with the United States will coordinate a,new,,,20260919_235645_YT001,20260919_235645_YT001
the work,the work,person_or_named_entity,3,1,1,0,2026-09-20T07:01:11.243757+00:00,2026-09-20T07:01:11.243757+00:00,j4rItIYZV_o,And uh and we are are in the presence of a giant with the work that uh Katherine,new,,,20260919_235645_YT001,20260919_235645_YT001
the year of fire is you,the year of fire is you,named_entity,3,1,1,0,2026-09-20T07:01:11.243757+00:00,2026-09-20T07:01:11.243757+00:00,mq7GSzwaGBw,talking about it and the the only way you deal with the year of fire is you,new,,,20260919_235645_YT001,20260919_235645_YT001
the you know,the you know,person_or_named_entity,3,1,1,0,2026-09-20T07:01:11.243757+00:00,2026-09-20T07:01:11.243757+00:00,raxt96y9XFQ,"want is if you've got the accounts open with the you know, with both the stocks",new,,,20260919_235645_YT001,20260919_235645_YT001
their next round of shots,their next round of shots,person_or_named_entity,3,1,1,0,2026-09-20T07:01:11.243757+00:00,2026-09-20T07:01:11.243757+00:00,WFgjKQU-yFE,But it's interesting that it always syncs up with their next round of shots,new,,,20260919_235645_YT001,20260919_235645_YT001
their project,their project,organization,3,1,1,0,2026-09-20T07:01:11.243757+00:00,2026-09-20T07:01:11.243757+00:00,m50hk1fyOYs,"now, came out with their project for a new",new,,,20260919_235645_YT001,20260919_235645_YT001
their stick,their stick,person_or_named_entity,3,1,1,0,2026-09-20T07:01:11.243757+00:00,2026-09-20T07:01:11.243757+00:00,6Mg0q_IyWgY,Right? Yeah. >> coming up with their stick to get more,new,,,20260919_235645_YT001,20260919_235645_YT001
them and she knew i was,them and she knew I was,named_entity,3,1,1,0,2026-09-20T07:01:11.243757+00:00,2026-09-20T07:01:11.243757+00:00,vR-o6IGspmU,kind of money and what are you doing with them and she knew I was giving them,new,,,20260919_235645_YT001,20260919_235645_YT001
them how utopia is coming,them how Utopia is coming,media_show,3,1,1,0,2026-09-20T07:01:11.243757+00:00,2026-09-20T07:01:11.243757+00:00,vR-o6IGspmU,"the horror movie, what I did is I had slides to show them how Utopia is coming",new,,,20260919_235645_YT001,20260919_235645_YT001
then i ll,Then I'll,person_or_named_entity,3,1,1,0,2026-09-20T07:01:11.243757+00:00,2026-09-20T07:01:11.243757+00:00,r8zJxgGRapQ,"uh impact inflation?"" Then I'll revert to",new,,,20260919_235645_YT001,20260919_235645_YT001
then i ve,Then I've,person_or_named_entity,3,1,1,0,2026-09-20T07:01:11.243757+00:00,2026-09-20T07:01:11.243757+00:00,vR-o6IGspmU,handout is I have two columns. I have I have the name of the business. Then I've,new,,,20260919_235645_YT001,20260919_235645_YT001
theo,Theo,named_entity,3,1,1,0,2026-09-20T07:01:11.243757+00:00,2026-09-20T07:01:11.243757+00:00,mq7GSzwaGBw,after Kier Starmer was introduced to Theo through no other than Peter,new,,,20260919_235645_YT001,20260919_235645_YT001
there ll,There'll,named_entity,3,1,1,0,2026-09-20T07:01:11.243757+00:00,2026-09-20T07:01:11.243757+00:00,tQjAGbYIw00,>> Great question. Um I'm sure we'll find out really. There'll be a lot of,new,,,20260919_235645_YT001,20260919_235645_YT001
there s there s,There's There's,person_or_named_entity,3,1,1,0,2026-09-20T07:01:11.243757+00:00,2026-09-20T07:01:11.243757+00:00,OfkOHFgjZek,>> They're never going to be economic. There's There's no economic viability,new,,,20260919_235645_YT001,20260919_235645_YT001
these system,these system,product,3,1,1,0,2026-09-20T07:01:11.243757+00:00,2026-09-20T07:01:11.243757+00:00,sSrRCNjcm5I,"But for children who basically are born with these system, the risk is that they",new,,,20260919_235645_YT001,20260919_235645_YT001
they re they re,They're They're,person_or_named_entity,3,1,1,0,2026-09-20T07:01:11.243757+00:00,2026-09-20T07:01:11.243757+00:00,1q3O8KbUHfU,"in China, if you allow this. They're They're not going to allow that.",new,,,20260919_235645_YT001,20260919_235645_YT001
thierry meyssan,Thierry Meyssan,person_or_named_entity,3,1,1,0,2026-09-20T07:01:11.243757+00:00,2026-09-20T07:01:11.243757+00:00,m50hk1fyOYs,"researchers, David Griffiths and so on, uh Thierry Meyssan in France, all of",new,,,20260919_235645_YT001,20260919_235645_YT001
things,Things,named_entity,3,1,1,0,2026-09-20T07:01:11.243757+00:00,2026-09-20T07:01:11.243757+00:00,mq7GSzwaGBw,>> But it's doing some really impressive intelligent things. Things that clearly,new,,,20260919_235645_YT001,20260919_235645_YT001
thirdey,Thirdey,named_entity,3,1,1,0,2026-09-20T07:01:11.243757+00:00,2026-09-20T07:01:11.243757+00:00,mq7GSzwaGBw,"[music] in an Israeli drone firm, Thirdey Systems, and partnered with the",new,,,20260919_235645_YT001,20260919_235645_YT001
this cuz i know you talk,this cuz I know you talk,named_entity,3,1,1,0,2026-09-20T07:01:11.243757+00:00,2026-09-20T07:01:11.243757+00:00,WET6BjpHGkc,your audience may already be familiar with this cuz I know you talk about,new,,,20260919_235645_YT001,20260919_235645_YT001
this in a very mature way,this in a very mature way,named_entity,3,1,1,0,2026-09-20T07:01:11.243757+00:00,2026-09-20T07:01:11.243757+00:00,MGnJEb4sXwM,done in this period and we have to deal with this in a very mature way because,new,,,20260919_235645_YT001,20260919_235645_YT001
this this plan,this this plan,person_or_named_entity,3,1,1,0,2026-09-20T07:01:11.243757+00:00,2026-09-20T07:01:11.243757+00:00,m50hk1fyOYs,"Middle East. So, they came up with this this plan to",new,,,20260919_235645_YT001,20260919_235645_YT001
thoon,Thoon,named_entity,3,1,1,0,2026-09-20T07:01:11.243757+00:00,2026-09-20T07:01:11.243757+00:00,vR-o6IGspmU,our constitution that is not being enforced. uh Thoon shouldn't be uh where,new,,,20260919_235645_YT001,20260919_235645_YT001
thran,Thran,named_entity,3,1,1,0,2026-09-20T07:01:11.243757+00:00,2026-09-20T07:01:11.243757+00:00,MGnJEb4sXwM,"reporting. He went straight back to Thran. Um, he had talks in China. Um,",new,,,20260919_235645_YT001,20260919_235645_YT001
through,Through,named_entity,3,1,1,0,2026-09-20T07:01:11.243757+00:00,2026-09-20T07:01:11.243757+00:00,raxt96y9XFQ,"phones, right? >> Through through apps that are run",new,,,20260919_235645_YT001,20260919_235645_YT001
thursday they,Thursday. They,person_or_named_entity,3,1,1,0,2026-09-20T07:01:11.243757+00:00,2026-09-20T07:01:11.243757+00:00,vR-o6IGspmU,four. The bill tied four to four. It was I think a Thursday. They don't they're,new,,,20260919_235645_YT001,20260919_235645_YT001
tik tok,Tik Tok,person_or_named_entity,3,1,1,0,2026-09-20T07:01:11.243757+00:00,2026-09-20T07:01:11.243757+00:00,vR-o6IGspmU,developers who intentionally lie. And they're now even Tik Tok videos about,new,,,20260919_235645_YT001,20260919_235645_YT001
tim,Tim,named_entity,3,1,1,0,2026-09-20T07:01:11.243757+00:00,2026-09-20T07:01:11.243757+00:00,YItOkNjS4OY,So I may was making a list for money and markets tomorrow Tim of all the,new,,,20260919_235645_YT001,20260919_235645_YT001
tim woo,Tim Woo,person_or_named_entity,3,1,1,0,2026-09-20T07:01:11.243757+00:00,2026-09-20T07:01:11.243757+00:00,mq7GSzwaGBw,sort of the war. So let me step back and say it this way. Tim Woo wrote a,new,,,20260919_235645_YT001,20260919_235645_YT001
to basically be able,to basically be able,organization,3,1,1,0,2026-09-20T06:45:40.991711+00:00,2026-09-20T06:45:40.991711+00:00,RD8gcj5aP74,slug in charge in a neighborhood or in an organization to basically be able to,new,,,20260919_234459_YT001,20260919_234459_YT001
to help their ai summarize it,to help their AI summarize it,media_show,3,1,1,0,2026-09-20T07:01:11.243757+00:00,2026-09-20T07:01:11.243757+00:00,mq7GSzwaGBw,have we could publish a frame about the podcast to help their AI summarize it,new,,,20260919_235645_YT001,20260919_235645_YT001
to provide its tech even if,to provide its tech even if,organization,3,1,1,0,2026-09-20T07:01:11.243757+00:00,2026-09-20T07:01:11.243757+00:00,mq7GSzwaGBw,project Nimbus contract which obliges the company to provide its tech even if,new,,,20260919_235645_YT001,20260919_235645_YT001
to this is cut right,to this is cut right,person_or_named_entity,3,1,1,0,2026-09-20T07:01:11.243757+00:00,2026-09-20T07:01:11.243757+00:00,sSrRCNjcm5I,horrifying stories this week. Let's let's go with to this is cut right to,new,,,20260919_235645_YT001,20260919_235645_YT001
today you know,today. You know,person_or_named_entity,3,1,1,0,2026-09-20T07:01:11.243757+00:00,2026-09-20T07:01:11.243757+00:00,eoeftpuyQXw,"warfare. And I think that that's what we're dealing with today. You know,",new,,,20260919_235645_YT001,20260919_235645_YT001
tools,Tools,named_entity,3,1,1,0,2026-09-20T07:01:11.243757+00:00,2026-09-20T07:01:11.243757+00:00,mq7GSzwaGBw,calling tools and tools are programs. Tools are computable computation that,new,,,20260919_235645_YT001,20260919_235645_YT001
trade,Trade,named_entity,3,1,1,0,2026-09-20T07:01:11.243757+00:00,2026-09-20T07:01:11.243757+00:00,MGnJEb4sXwM,is the objective to do this. Um one is uh trade restrictions. Trade war is one,new,,,20260919_235645_YT001,20260919_235645_YT001
travis olive in,Travis Olive. In,person_or_named_entity,3,1,1,0,2026-09-20T07:01:11.243757+00:00,2026-09-20T07:01:11.243757+00:00,mq7GSzwaGBw,"on LinkedIn personally. Uh uh you can find me Travis Olive. In fact, if you",new,,,20260919_235645_YT001,20260919_235645_YT001
travisopenteams com,travisopenteams.com,website,3,1,1,0,2026-09-20T07:01:11.243757+00:00,2026-09-20T07:01:11.243757+00:00,mq7GSzwaGBw,ways to connect with me. Or you can email me at travisopenteams.com.,new,,,20260919_235645_YT001,20260919_235645_YT001
treasury but,Treasury. But,person_or_named_entity,3,1,1,0,2026-09-20T07:01:11.243757+00:00,2026-09-20T07:01:11.243757+00:00,MGnJEb4sXwM,me because the UAE is now trying to negotiate with Treasury. But I believe,new,,,20260919_235645_YT001,20260919_235645_YT001
tremendous,Tremendous,named_entity,3,1,1,0,2026-09-20T07:01:11.243757+00:00,2026-09-20T07:01:11.243757+00:00,FXNfNrtGHlo,watching the people who are helping to spread this. Tremendous madness among,new,,,20260919_235645_YT001,20260919_235645_YT001
trilateral commission,Trilateral Commission,government,3,1,1,0,2026-09-20T07:01:11.243757+00:00,2026-09-20T07:01:11.243757+00:00,ChdoKKB48CU,spawned the Bilderberg Group in 1954 and the Trilateral Commission in 7 1973. All,new,,,20260919_235645_YT001,20260919_235645_YT001
trotskyism,Trotskyism,named_entity,3,1,1,0,2026-09-20T07:01:11.243757+00:00,2026-09-20T07:01:11.243757+00:00,ChdoKKB48CU,um if you like uh revolutionary Trotskyism to America that ultimately,new,,,20260919_235645_YT001,20260919_235645_YT001
trump the road,Trump the road,person_or_named_entity,3,1,1,0,2026-09-20T07:01:11.243757+00:00,2026-09-20T07:01:11.243757+00:00,MGnJEb4sXwM,now this is my words but this is my paraphrase of it. Um Mr. Trump the road,new,,,20260919_235645_YT001,20260919_235645_YT001
trump and i i think,Trump. And I I think,person_or_named_entity,3,1,1,0,2026-09-20T07:01:11.243757+00:00,2026-09-20T07:01:11.243757+00:00,MGnJEb4sXwM,And that was a very tough statement uh to Mr. Trump. And I I think that we if,new,,,20260919_235645_YT001,20260919_235645_YT001
trump it,Trump. It,person_or_named_entity,3,1,1,0,2026-09-20T07:01:11.243757+00:00,2026-09-20T07:01:11.243757+00:00,MGnJEb4sXwM,Chinese said something very fierce very strong to to Trump. It was hidden in the,new,,,20260919_235645_YT001,20260919_235645_YT001
trump trump s,Trump. Trump's,person_or_named_entity,3,1,1,0,2026-09-20T07:01:11.243757+00:00,2026-09-20T07:01:11.243757+00:00,FXNfNrtGHlo,">> Right. And And I think you know, because you look at somebody like Trump. Trump's",new,,,20260919_235645_YT001,20260919_235645_YT001
trying,Trying,named_entity,3,1,1,0,2026-09-20T07:01:11.243757+00:00,2026-09-20T07:01:11.243757+00:00,mq7GSzwaGBw,time. Trying to build a language is,new,,,20260919_235645_YT001,20260919_235645_YT001
tweedle,Tweedle,named_entity,3,1,1,0,2026-09-20T07:01:11.243757+00:00,2026-09-20T07:01:11.243757+00:00,MGnJEb4sXwM,you know what's the alternative? You vote and you vote for Tweedle D or,new,,,20260919_235645_YT001,20260919_235645_YT001
tweedle b you,Tweedle B. You,person_or_named_entity,3,1,1,0,2026-09-20T07:01:11.243757+00:00,2026-09-20T07:01:11.243757+00:00,MGnJEb4sXwM,vote and you vote for Tweedle D or Tweedle B. You get the same whichever,new,,,20260919_235645_YT001,20260919_235645_YT001
twin,Twin,named_entity,3,1,1,0,2026-09-20T07:01:11.243757+00:00,2026-09-20T07:01:11.243757+00:00,m50hk1fyOYs,"accomplished the galvanizing action by doing serious damage to the Twin Towers,",new,,,20260919_235645_YT001,20260919_235645_YT001
uae s,UAE's,named_entity,3,1,1,0,2026-09-20T07:01:11.243757+00:00,2026-09-20T07:01:11.243757+00:00,MGnJEb4sXwM,"got direct evidence, but it seems to me very likely this was the UAE's",new,,,20260919_235645_YT001,20260919_235645_YT001
uae speaking,UAE. Speaking,person_or_named_entity,3,1,1,0,2026-09-20T07:01:11.243757+00:00,2026-09-20T07:01:11.243757+00:00,mq7GSzwaGBw,"hit [music] Amazon hubs in Bahrain and the UAE. Speaking of the UAE, Edge",new,,,20260919_235645_YT001,20260919_235645_YT001
ucc,UCC,named_entity,3,1,1,0,2026-09-20T07:01:11.243757+00:00,2026-09-20T07:01:11.243757+00:00,W4aWp1dC5ZU,back-to-back with that that changed the UCC to protect Tennessee people and,new,,,20260919_235645_YT001,20260919_235645_YT001
uh amd,Uh AMD,person_or_named_entity,3,1,1,0,2026-09-20T07:01:11.243757+00:00,2026-09-20T07:01:11.243757+00:00,mq7GSzwaGBw,league with them. Uh Qualcomm um also wants to have AI chips. Uh AMD there's,new,,,20260919_235645_YT001,20260919_235645_YT001
uh larry fink,Uh Larry Fink,person_or_named_entity,3,1,1,0,2026-09-20T07:01:11.243757+00:00,2026-09-20T07:01:11.243757+00:00,wfpVe_F_0UE,funds and retirement funds and IRAs. >> It's already happened. Uh Larry Fink,new,,,20260919_235645_YT001,20260919_235645_YT001
uh qualcomm,Uh Qualcomm,person_or_named_entity,3,1,1,0,2026-09-20T07:01:11.243757+00:00,2026-09-20T07:01:11.243757+00:00,mq7GSzwaGBw,using. So we're actually aligned in a league with them. Uh Qualcomm um also,new,,,20260919_235645_YT001,20260919_235645_YT001
uhhuh,Uhhuh,named_entity,3,1,1,0,2026-09-20T07:01:11.243757+00:00,2026-09-20T07:01:11.243757+00:00,vR-o6IGspmU,representatives. >> Uhhuh.,new,,,20260919_235645_YT001,20260919_235645_YT001
um i m,Um I'm,person_or_named_entity,3,1,1,0,2026-09-20T07:01:11.243757+00:00,2026-09-20T07:01:11.243757+00:00,tQjAGbYIw00,this money is being used. >> Great question. Um I'm sure we'll find,new,,,20260919_235645_YT001,20260919_235645_YT001
um mr trump,Um Mr. Trump,person_or_named_entity,3,1,1,0,2026-09-20T07:01:11.243757+00:00,2026-09-20T07:01:11.243757+00:00,MGnJEb4sXwM,now this is my words but this is my paraphrase of it. Um Mr. Trump the road,new,,,20260919_235645_YT001,20260919_235645_YT001
unfortunately,Unfortunately,named_entity,3,1,1,0,2026-09-20T07:01:11.243757+00:00,2026-09-20T07:01:11.243757+00:00,vR-o6IGspmU,examples that I pulled off today. >> Unfortunately enforcing this is a,new,,,20260919_235645_YT001,20260919_235645_YT001
union pacific,Union Pacific,person_or_named_entity,3,1,1,0,2026-09-20T07:01:11.243757+00:00,2026-09-20T07:01:11.243757+00:00,4L0_mfIwTzY,">> Mhm. >> You know, I dare say Union Pacific is",new,,,20260919_235645_YT001,20260919_235645_YT001
united states it s,United States. It's,person_or_named_entity,3,1,1,0,2026-09-20T07:01:11.243757+00:00,2026-09-20T07:01:11.243757+00:00,m50hk1fyOYs,create 9/11 and an and a false flag attack on the United States. It's kind,new,,,20260919_235645_YT001,20260919_235645_YT001
until,Until,named_entity,3,1,1,0,2026-09-20T07:01:11.243757+00:00,2026-09-20T07:01:11.243757+00:00,vR-o6IGspmU,>> It's not just the money. You've affected everything we do. Until,new,,,20260919_235645_YT001,20260919_235645_YT001
up at their events uh show,up at their events. Uh show,media_show,3,1,1,0,2026-09-20T07:01:11.243757+00:00,2026-09-20T07:01:11.243757+00:00,qy_N0XOlApA,There's a lot of campaigning activities. Show up at their events. Uh show up,new,,,20260919_235645_YT001,20260919_235645_YT001
up to the bank,up to the bank,media_show,3,1,1,0,2026-09-20T07:01:11.243757+00:00,2026-09-20T07:01:11.243757+00:00,vR-o6IGspmU,"just need so many. So, I don't want to show up to the bank and say, ""I need,",new,,,20260919_235645_YT001,20260919_235645_YT001
us back,us back,person_or_named_entity,3,1,1,0,2026-09-20T07:01:11.243757+00:00,2026-09-20T07:01:11.243757+00:00,mq7GSzwaGBw,>> like we went down these centralized routes that actually called us back,new,,,20260919_235645_YT001,20260919_235645_YT001
us china,US China,person_or_named_entity,3,1,1,0,2026-09-20T07:01:11.243757+00:00,2026-09-20T07:01:11.243757+00:00,MGnJEb4sXwM,challenges of looking at the unwinding of the US China economic and trade,new,,,20260919_235645_YT001,20260919_235645_YT001
us conference,US Conference,event,3,1,1,0,2026-09-20T07:01:11.243757+00:00,2026-09-20T07:01:11.243757+00:00,87SJi_DDbt4,population. They were joined by the US Conference of,new,,,20260919_235645_YT001,20260919_235645_YT001
us full time,us full-time,person_or_named_entity,3,1,1,0,2026-09-20T07:01:11.243757+00:00,2026-09-20T07:01:11.243757+00:00,mq7GSzwaGBw,"because you know ultimately um our if to engage with us full-time, it's usually",new,,,20260919_235645_YT001,20260919_235645_YT001
us one,US. One,person_or_named_entity,3,1,1,0,2026-09-20T07:01:11.243757+00:00,2026-09-20T07:01:11.243757+00:00,mq7GSzwaGBw,look at recent conflicts that implemented DSSIs in the US. One of the,new,,,20260919_235645_YT001,20260919_235645_YT001
us since,US. Since,person_or_named_entity,3,1,1,0,2026-09-20T06:45:40.991711+00:00,2026-09-20T06:45:40.991711+00:00,ZW6Lf7iQV3Q,Uh get this. Here's where you see the reality what's going on in the US. Since,new,,,20260919_234459_YT001,20260919_234459_YT001
using,Using,named_entity,3,1,1,0,2026-09-20T07:01:11.243757+00:00,2026-09-20T07:01:11.243757+00:00,sSrRCNjcm5I,week. This is unbelievable. Using,new,,,20260919_235645_YT001,20260919_235645_YT001
usually,Usually,named_entity,3,1,1,0,2026-09-20T07:01:11.243757+00:00,2026-09-20T07:01:11.243757+00:00,6Mg0q_IyWgY,"right? You know, you want them to be as narcissistic as possible. Usually you'll",new,,,20260919_235645_YT001,20260919_235645_YT001
utopia and,Utopia. And,person_or_named_entity,3,1,1,0,2026-09-20T07:01:11.243757+00:00,2026-09-20T07:01:11.243757+00:00,vR-o6IGspmU,horror movie. I call it a horror movie called Utopia. And what this movie is,new,,,20260919_235645_YT001,20260919_235645_YT001
utopia and what this movie is,Utopia. And what this movie is,named_entity,3,1,1,0,2026-09-20T07:01:11.243757+00:00,2026-09-20T07:01:11.243757+00:00,vR-o6IGspmU,horror movie. I call it a horror movie called Utopia. And what this movie is,new,,,20260919_235645_YT001,20260919_235645_YT001
utopia the,Utopia. The,person_or_named_entity,3,1,1,0,2026-09-20T07:01:11.243757+00:00,2026-09-20T07:01:11.243757+00:00,vR-o6IGspmU,sale at Christmas. And this is what they use in the movie Utopia. The light,new,,,20260919_235645_YT001,20260919_235645_YT001
venezuela we ve,Venezuela. We've,person_or_named_entity,3,1,1,0,2026-09-20T07:01:11.243757+00:00,2026-09-20T07:01:11.243757+00:00,MGnJEb4sXwM,through all the accesses um for China. So we saw this in Venezuela. We've seen,new,,,20260919_235645_YT001,20260919_235645_YT001
venezuelan,Venezuelan,named_entity,3,1,1,0,2026-09-20T07:01:11.243757+00:00,2026-09-20T07:01:11.243757+00:00,YItOkNjS4OY,the Chinese refineries are set up to combine the Venezuelan heavy,new,,,20260919_235645_YT001,20260919_235645_YT001
visa,Visa,named_entity,3,1,1,0,2026-09-20T07:01:11.243757+00:00,2026-09-20T07:01:11.243757+00:00,vR-o6IGspmU,Mastercard that's head headquartered in New York or Visa headquartered in San,new,,,20260919_235645_YT001,20260919_235645_YT001
walk,Walk,named_entity,3,1,1,0,2026-09-20T07:01:11.243757+00:00,2026-09-20T07:01:11.243757+00:00,vR-o6IGspmU,You don't have to fight with Silicon Valley. Just don't use them. Walk away.,new,,,20260919_235645_YT001,20260919_235645_YT001
wall street we,Wall Street. We,person_or_named_entity,3,1,1,0,2026-09-20T07:01:11.243757+00:00,2026-09-20T07:01:11.243757+00:00,mq7GSzwaGBw,how >> I'm from Wall Street. We don't,new,,,20260919_235645_YT001,20260919_235645_YT001
wars so,wars. So,media_show,3,1,1,0,2026-09-20T07:01:11.243757+00:00,2026-09-20T07:01:11.243757+00:00,9Td1lcX-Cno,"including you discussing this about channel wars. So, let me show you the",new,,,20260919_235645_YT001,20260919_235645_YT001
warsaw pact,Warsaw Pact,person_or_named_entity,3,1,1,0,2026-09-20T07:01:11.243757+00:00,2026-09-20T07:01:11.243757+00:00,RRdQPuFQCik,Polish history when they're under the boot heel of Stalin's uh Warsaw Pact,new,,,20260919_235645_YT001,20260919_235645_YT001
was over,was over,product,3,1,1,0,2026-09-20T07:01:11.243757+00:00,2026-09-20T07:01:11.243757+00:00,MGnJEb4sXwM,"having to change its economic model. And in fact, when the interview was over,",new,,,20260919_235645_YT001,20260919_235645_YT001
waterloo,Waterloo,named_entity,3,1,1,0,2026-09-20T07:01:11.243757+00:00,2026-09-20T07:01:11.243757+00:00,mD_aE7ZCMoo,Rothschild exploited inside information about the Battle of Waterloo to trade on,new,,,20260919_235645_YT001,20260919_235645_YT001
way,Way,named_entity,3,1,1,0,2026-09-20T07:01:11.243757+00:00,2026-09-20T07:01:11.243757+00:00,mq7GSzwaGBw,>> In Utah. In Utah. Yeah. Yeah. Not on the planet. Way way more. Yeah. Okay.,new,,,20260919_235645_YT001,20260919_235645_YT001
we d,We'd,named_entity,3,1,1,0,2026-09-20T07:01:11.243757+00:00,2026-09-20T07:01:11.243757+00:00,KKxQfBk1zBY,"with the goldsmith? We'd risk our lives twice and the gold,",new,,,20260919_235645_YT001,20260919_235645_YT001
welcome gita,Welcome Gita,person_or_named_entity,3,1,1,0,2026-09-20T07:01:11.243757+00:00,2026-09-20T07:01:11.243757+00:00,hxQGwThmCD8,about and that is why we are talking today. Welcome Gita.,new,,,20260919_235645_YT001,20260919_235645_YT001
wells fargo,Wells Fargo,person_or_named_entity,3,1,1,0,2026-09-20T07:01:11.243757+00:00,2026-09-20T07:01:11.243757+00:00,9Td1lcX-Cno,in addition to the hacks that we saw against Wells Fargo and Sony and so on,new,,,20260919_235645_YT001,20260919_235645_YT001
wesley,Wesley,named_entity,3,1,1,0,2026-09-20T07:01:11.243757+00:00,2026-09-20T07:01:11.243757+00:00,tXxuSX7iNeM,"the of the figures that were reported. China has known since Wesley Clark,",new,,,20260919_235645_YT001,20260919_235645_YT001
west bank,West Bank,person_or_named_entity,3,1,1,0,2026-09-20T07:01:11.243757+00:00,2026-09-20T07:01:11.243757+00:00,MGnJEb4sXwM,"take Lebanon, part of Lebanon. We are going to take the West Bank and we are",new,,,20260919_235645_YT001,20260919_235645_YT001
west but,West. But,person_or_named_entity,3,1,1,0,2026-09-20T07:01:11.243757+00:00,2026-09-20T07:01:11.243757+00:00,vVa6h4WYlOw,1/6 of the price if you can get it in the West. But we have it at 1/6 of the,new,,,20260919_235645_YT001,20260919_235645_YT001
west that s,West. That's,person_or_named_entity,3,1,1,0,2026-09-20T07:01:11.243757+00:00,2026-09-20T07:01:11.243757+00:00,Oxk8BAFUdBE,embedded very deeply in in the networks of power in the West. That's the second,new,,,20260919_235645_YT001,20260919_235645_YT001
wharton,Wharton,named_entity,3,1,1,0,2026-09-20T06:45:40.991711+00:00,2026-09-20T06:45:40.991711+00:00,RD8gcj5aP74,">> than they produce. You know, if you go to Wharton and you read Deming and",new,,,20260919_234459_YT001,20260919_234459_YT001
whatever,Whatever,named_entity,3,1,1,0,2026-09-20T07:01:11.243757+00:00,2026-09-20T07:01:11.243757+00:00,r7POfIOIJd8,"They analyze that to find out what are your interest. Whatever you're watching,",new,,,20260919_235645_YT001,20260919_235645_YT001
which notes will release,which notes will release,media_show,3,1,1,0,2026-09-20T07:01:11.243757+00:00,2026-09-20T07:01:11.243757+00:00,XdWOJT8oaqY,the cry because the the the cry would show which notes will release. And then,new,,,20260919_235645_YT001,20260919_235645_YT001
while,While,named_entity,3,1,1,0,2026-09-20T07:01:11.243757+00:00,2026-09-20T07:01:11.243757+00:00,KKxQfBk1zBY,"nobody's picking up this gold. While at the same time, everyone knows",new,,,20260919_235645_YT001,20260919_235645_YT001
whoever,Whoever,named_entity,3,1,1,0,2026-09-20T07:01:11.243757+00:00,2026-09-20T07:01:11.243757+00:00,mD_aE7ZCMoo,A Rothschild established a principle that remains valid today. Whoever,new,,,20260919_235645_YT001,20260919_235645_YT001
will,Will,named_entity,3,1,1,0,2026-09-20T07:01:11.243757+00:00,2026-09-20T07:01:11.243757+00:00,MGnJEb4sXwM,>> And who who do you think will lead that in the Gulf? Will it be Saudi?,new,,,20260919_235645_YT001,20260919_235645_YT001
win,Win,named_entity,3,1,1,0,2026-09-20T07:01:11.243757+00:00,2026-09-20T07:01:11.243757+00:00,vR-o6IGspmU,"say, ""I did everything I could."" And that's priceless. Win or lose, I did",new,,,20260919_235645_YT001,20260919_235645_YT001
with john titus,with John Titus,product,3,1,1,0,2026-09-20T07:01:11.243757+00:00,2026-09-20T07:01:11.243757+00:00,FXNfNrtGHlo,"Ladies and gentlemen, welcome to the Solari Report with John Titus and",new,,,20260919_235645_YT001,20260919_235645_YT001
with the same information on it,with the same information on it,named_entity,3,1,1,0,2026-09-20T07:01:11.243757+00:00,2026-09-20T07:01:11.243757+00:00,vR-o6IGspmU,businesses. And then we also have a website with the same information on it.,new,,,20260919_235645_YT001,20260919_235645_YT001
with trump,with Trump,person_or_named_entity,3,1,1,0,2026-09-20T07:01:11.243757+00:00,2026-09-20T07:01:11.243757+00:00,MGnJEb4sXwM,exceeds to Chinese I mean this is part of the negotiations with with Trump when,new,,,20260919_235645_YT001,20260919_235645_YT001
with tucker carlson,with Tucker Carlson,person_or_named_entity,3,1,1,0,2026-09-20T07:01:11.243757+00:00,2026-09-20T07:01:11.243757+00:00,MGnJEb4sXwM,"discussions this year was at the end of your interview with Tucker Carlson,",new,,,20260919_235645_YT001,20260919_235645_YT001
wolfpack,Wolfpack,named_entity,3,1,1,0,2026-09-20T07:01:11.243757+00:00,2026-09-20T07:01:11.243757+00:00,mq7GSzwaGBw,">> In the West Bank, AI systems like Wolfpack have been used to categorize",new,,,20260919_235645_YT001,20260919_235645_YT001
workers defense committee,Workers' Defense Committee,organization,3,1,1,0,2026-09-20T07:01:11.243757+00:00,2026-09-20T07:01:11.243757+00:00,SR4Myof7g0Q,key event in in modern Polish history that the Workers' Defense Committee was,new,,,20260919_235645_YT001,20260919_235645_YT001
world war,World War,person_or_named_entity,3,1,1,0,2026-09-20T07:01:11.243757+00:00,2026-09-20T07:01:11.243757+00:00,r7POfIOIJd8,"if you like nature documentaries, if you like World War documentaries, if you",new,,,20260919_235645_YT001,20260919_235645_YT001
world war ii,World War II,product,3,1,1,0,2026-09-20T07:01:11.243757+00:00,2026-09-20T07:01:11.243757+00:00,mq7GSzwaGBw,"Utah, if I wrote a book about America from World War II on, it would be called",new,,,20260919_235645_YT001,20260919_235645_YT001
wow and,Wow. And,product,3,1,1,0,2026-09-20T07:01:11.243757+00:00,2026-09-20T07:01:11.243757+00:00,mq7GSzwaGBw,traded. We had a software tool called IPO in a box. Wow. And you could click,new,,,20260919_235645_YT001,20260919_235645_YT001
yeah although,Yeah. Although,person_or_named_entity,3,1,1,0,2026-09-20T07:01:11.243757+00:00,2026-09-20T07:01:11.243757+00:00,mq7GSzwaGBw,have to orient it. >> Yeah. Although you you have to be,new,,,20260919_235645_YT001,20260919_235645_YT001
yeah by,Yeah. By,person_or_named_entity,3,1,1,0,2026-09-20T07:01:11.243757+00:00,2026-09-20T07:01:11.243757+00:00,vR-o6IGspmU,"shop. >> Yeah. By the way, if you come to South",new,,,20260919_235645_YT001,20260919_235645_YT001
yeah exactly so,Yeah. Exactly. So,person_or_named_entity,3,1,1,0,2026-09-20T07:01:11.243757+00:00,2026-09-20T07:01:11.243757+00:00,vR-o6IGspmU,>> Exactly. >> Yeah. Exactly. So this I'm going to tie,new,,,20260919_235645_YT001,20260919_235645_YT001
yeah okay,Yeah. Okay,person_or_named_entity,3,1,1,0,2026-09-20T07:01:11.243757+00:00,2026-09-20T07:01:11.243757+00:00,mq7GSzwaGBw,>> In Utah. In Utah. Yeah. Yeah. Not on the planet. Way way more. Yeah. Okay.,new,,,20260919_235645_YT001,20260919_235645_YT001
yeah right and,Yeah. Right. And,person_or_named_entity,3,1,1,0,2026-09-20T07:01:11.243757+00:00,2026-09-20T07:01:11.243757+00:00,SkLWbV2A-aI,shutdown of the global economy. Yeah. Right. And don't tell me the house,new,,,20260919_235645_YT001,20260919_235645_YT001
yeah that s,Yeah. That's,person_or_named_entity,3,1,1,0,2026-09-20T07:01:11.243757+00:00,2026-09-20T07:01:11.243757+00:00,87SJi_DDbt4,who will vote. Yeah. Right? Yeah. That's,new,,,20260919_235645_YT001,20260919_235645_YT001
yeah the,Yeah. The,person_or_named_entity,3,1,1,0,2026-09-20T07:01:11.243757+00:00,2026-09-20T07:01:11.243757+00:00,mq7GSzwaGBw,controls. >> Yeah. The challenge is it's that it's,new,,,20260919_235645_YT001,20260919_235645_YT001
yeah there s,Yeah. There's,person_or_named_entity,3,1,1,0,2026-09-20T07:01:11.243757+00:00,2026-09-20T07:01:11.243757+00:00,mq7GSzwaGBw,destroyed all their data. >> For sure. Yeah. There's there's several,new,,,20260919_235645_YT001,20260919_235645_YT001
yeah yeah,Yeah. Yeah,person_or_named_entity,3,1,1,0,2026-09-20T07:01:11.243757+00:00,2026-09-20T07:01:11.243757+00:00,MGnJEb4sXwM,[laughter] Yeah. Yeah. I think unfortunately it's,new,,,20260919_235645_YT001,20260919_235645_YT001
yeah yeah totally,Yeah. Yeah. Totally,person_or_named_entity,3,1,1,0,2026-09-20T07:01:11.243757+00:00,2026-09-20T07:01:11.243757+00:00,MGnJEb4sXwM,war. Right. >> Yeah. Yeah. Totally. I mean this is it's,new,,,20260919_235645_YT001,20260919_235645_YT001
yemen between,Yemen. Between,person_or_named_entity,3,1,1,0,2026-09-20T07:01:11.243757+00:00,2026-09-20T07:01:11.243757+00:00,mq7GSzwaGBw,"intelligence. Maven was later used in Yemen. Between 2023 and 2025, US",new,,,20260919_235645_YT001,20260919_235645_YT001
yep absolutely,Yep. Absolutely,person_or_named_entity,3,1,1,0,2026-09-20T07:01:11.243757+00:00,2026-09-20T07:01:11.243757+00:00,vR-o6IGspmU,base and just local business. >> Yep. Absolutely.,new,,,20260919_235645_YT001,20260919_235645_YT001
yep over,Yep. Over,person_or_named_entity,3,1,1,0,2026-09-20T07:01:11.243757+00:00,2026-09-20T07:01:11.243757+00:00,vR-o6IGspmU,"and Manuel have knocked on 2,000 doors. >> Yep. Over 2,000 doors for his campaign,",new,,,20260919_235645_YT001,20260919_235645_YT001
yep so,Yep. So,person_or_named_entity,3,1,1,0,2026-09-20T07:01:11.243757+00:00,2026-09-20T07:01:11.243757+00:00,vR-o6IGspmU,>> Right. >> Yep. So I think it's time for the peeps,new,,,20260919_235645_YT001,20260919_235645_YT001
yep the,Yep. The,person_or_named_entity,3,1,1,0,2026-09-20T07:01:11.243757+00:00,2026-09-20T07:01:11.243757+00:00,vR-o6IGspmU,">> So, you've been campaigning? >> We have been campaigning. Yep. The",new,,,20260919_235645_YT001,20260919_235645_YT001
yes absolutely,Yes. Absolutely,person_or_named_entity,3,1,1,0,2026-09-20T07:01:11.243757+00:00,2026-09-20T07:01:11.243757+00:00,mq7GSzwaGBw,connect to some other people. >> Yes. Absolutely.,new,,,20260919_235645_YT001,20260919_235645_YT001
yes ex it s,Yes. Ex. It's,person_or_named_entity,3,1,1,0,2026-09-20T07:01:11.243757+00:00,2026-09-20T07:01:11.243757+00:00,mq7GSzwaGBw,money. >> Yes. Ex. It's amazing and and I want,new,,,20260919_235645_YT001,20260919_235645_YT001
yes uh,Yes. Uh,person_or_named_entity,3,1,1,0,2026-09-20T07:01:11.243757+00:00,2026-09-20T07:01:11.243757+00:00,xIZYuhJjYAQ,a little more about that? >> Yes. Uh,new,,,20260919_235645_YT001,20260919_235645_YT001
yes yes yes but,Yes. Yes. Yes. But,person_or_named_entity,3,1,1,0,2026-09-20T07:01:11.243757+00:00,2026-09-20T07:01:11.243757+00:00,mq7GSzwaGBw,telling each other things we didn't want to hear. Yes. Yes. Yes. But,new,,,20260919_235645_YT001,20260919_235645_YT001
you what what we need,you what what we need,media_show,3,1,1,0,2026-09-20T07:01:11.243757+00:00,2026-09-20T07:01:11.243757+00:00,KKxQfBk1zBY,here. The next guy comes to borrow money. I'll show you what what we need,new,,,20260919_235645_YT001,20260919_235645_YT001
you re all up,YOU'RE ALL UP,government,3,1,1,0,2026-09-20T07:01:11.243757+00:00,2026-09-20T07:01:11.243757+00:00,vR-o6IGspmU,Your government up. Your rules are up. YOU'RE ALL UP.,new,,,20260919_235645_YT001,20260919_235645_YT001
young builders,young builders,product,3,1,1,0,2026-09-20T07:01:11.243757+00:00,2026-09-20T07:01:11.243757+00:00,MGnJEb4sXwM,civilization and uh we've started a program called young builders which is,new,,,20260919_235645_YT001,20260919_235645_YT001
your television set,your television set,person_or_named_entity,3,1,1,0,2026-09-20T07:01:11.243757+00:00,2026-09-20T07:01:11.243757+00:00,r7POfIOIJd8,>> I I would I would say privacy at home is going to start with your television set.,new,,,20260919_235645_YT001,20260919_235645_YT001
youtube you,YouTube. You,media_show,3,1,1,0,2026-09-20T07:01:11.243757+00:00,2026-09-20T07:01:11.243757+00:00,mq7GSzwaGBw,was it was produced by Colt Repo. It's on YouTube. You just go watch it. It,new,,,20260919_235645_YT001,20260919_235645_YT001
financial repression,financial repression,person_or_named_entity,2,2,2,0,2026-09-20T07:01:11.243757+00:00,2026-09-20T07:01:11.243757+00:00,MGnJEb4sXwM,"way to change that is with financial repression, and that requires enormous",new,,,20260919_235645_YT001,20260919_235645_YT001
right this,Right. This,person_or_named_entity,2,2,2,0,2026-09-20T07:01:11.243757+00:00,2026-09-20T07:01:11.243757+00:00,MztMjj6LxXk,>> Right. This is yet another It It's like like,new,,,20260919_235645_YT001,20260919_235645_YT001
67 car washes across the,67 car washes across the,person_or_named_entity,2,1,1,0,2026-09-20T07:01:11.243757+00:00,2026-09-20T07:01:11.243757+00:00,vR-o6IGspmU,now part of Mammoth Holdings based out of Atlanta with 67 car washes across the,new,,,20260919_235645_YT001,20260919_235645_YT001
a a,a a,person_or_named_entity,2,1,1,0,2026-09-20T07:01:11.243757+00:00,2026-09-20T07:01:11.243757+00:00,SR4Myof7g0Q,"I don't know how else to put it, uh Elza, other than they came up with a a",new,,,20260919_235645_YT001,20260919_235645_YT001
a a very very,a a very very,person_or_named_entity,2,1,1,0,2026-09-20T07:01:11.243757+00:00,2026-09-20T07:01:11.243757+00:00,SR4Myof7g0Q,interesting. Uh because they they came up with a a very very,new,,,20260919_235645_YT001,20260919_235645_YT001
a an account,a an account,person_or_named_entity,2,1,1,0,2026-09-20T07:01:11.243757+00:00,2026-09-20T07:01:11.243757+00:00,vR-o6IGspmU,"as a senior. So, she literally is the only one in our family with a an account",new,,,20260919_235645_YT001,20260919_235645_YT001
a better message or a,a better message or a,person_or_named_entity,2,1,1,0,2026-09-20T07:01:11.243757+00:00,2026-09-20T07:01:11.243757+00:00,vR-o6IGspmU,questions that that really challenge me to come up with a better message or a,new,,,20260919_235645_YT001,20260919_235645_YT001
a bitcoin mining,a Bitcoin mining,person_or_named_entity,2,1,1,0,2026-09-20T07:01:11.243757+00:00,2026-09-20T07:01:11.243757+00:00,vR-o6IGspmU,to invest in Bitcoin again brought by a legislator with a Bitcoin mining,new,,,20260919_235645_YT001,20260919_235645_YT001
a cash,a cash,person_or_named_entity,2,1,1,0,2026-09-20T07:01:11.243757+00:00,2026-09-20T07:01:11.243757+00:00,vR-o6IGspmU,we're promoting it. I still do carry dollar bills in my wallet with a cash,new,,,20260919_235645_YT001,20260919_235645_YT001
a closed system of of,a closed system of of,product,2,1,1,0,2026-09-20T07:01:11.243757+00:00,2026-09-20T07:01:11.243757+00:00,oGWf3g8iYLA,of your energy system. If you're dealing with a closed system of of,new,,,20260919_235645_YT001,20260919_235645_YT001
a dementia,a dementia,person_or_named_entity,2,1,1,0,2026-09-20T07:01:11.243757+00:00,2026-09-20T07:01:11.243757+00:00,C-nY_mj1XtE,statins that eventually going to you're going to end up with a dementia,new,,,20260919_235645_YT001,20260919_235645_YT001
a deposit receipt,a deposit receipt,person_or_named_entity,2,1,1,0,2026-09-20T07:01:11.243757+00:00,2026-09-20T07:01:11.243757+00:00,KKxQfBk1zBY,pay. I can can pay anyone with a deposit receipt.,new,,,20260919_235645_YT001,20260919_235645_YT001
a friend in,a friend in,person_or_named_entity,2,1,1,0,2026-09-20T07:01:11.243757+00:00,2026-09-20T07:01:11.243757+00:00,vR-o6IGspmU,"it was brutal. In fact, I was collecting signatures outside with a friend in",new,,,20260919_235645_YT001,20260919_235645_YT001
a kind of agatha,a kind of Agatha,person_or_named_entity,2,1,1,0,2026-09-20T07:01:11.243757+00:00,2026-09-20T07:01:11.243757+00:00,m50hk1fyOYs,The point [snorts] I'm driving at here is you're dealing with a kind of Agatha,new,,,20260919_235645_YT001,20260919_235645_YT001
a program,a program,product,2,1,1,0,2026-09-20T07:01:11.243757+00:00,2026-09-20T07:01:11.243757+00:00,mq7GSzwaGBw,"community currency because of the laws. And so, the mayor came up with a program",new,,,20260919_235645_YT001,20260919_235645_YT001
a very,a very,person_or_named_entity,2,1,1,0,2026-09-20T07:01:11.243757+00:00,2026-09-20T07:01:11.243757+00:00,mq7GSzwaGBw,Fitz. I am in Salt Lake City. I've had an amazing time and I'm joined by a very,new,,,20260919_235645_YT001,20260919_235645_YT001
access to the american deep,access to the American deep,person_or_named_entity,2,1,1,0,2026-09-20T07:01:11.243757+00:00,2026-09-20T07:01:11.243757+00:00,m50hk1fyOYs,all the levels of players up to that point with access to the American deep,new,,,20260919_235645_YT001,20260919_235645_YT001
admissions they re,Admissions. They're,person_or_named_entity,2,1,1,0,2026-09-20T07:01:11.243757+00:00,2026-09-20T07:01:11.243757+00:00,vR-o6IGspmU,Admissions. They're not a small,new,,,20260919_235645_YT001,20260919_235645_YT001
after i left the,after I left the,organization,2,1,1,0,2026-09-20T07:01:11.243757+00:00,2026-09-20T07:01:11.243757+00:00,mq7GSzwaGBw,">> Now, it was interesting when I started my first company after I left the",new,,,20260919_235645_YT001,20260919_235645_YT001
agatha,Agatha,named_entity,2,1,1,0,2026-09-20T07:01:11.243757+00:00,2026-09-20T07:01:11.243757+00:00,m50hk1fyOYs,The point [snorts] I'm driving at here is you're dealing with a kind of Agatha,new,,,20260919_235645_YT001,20260919_235645_YT001
ai now you can,AI now you can,person_or_named_entity,2,1,1,0,2026-09-20T07:01:11.243757+00:00,2026-09-20T07:01:11.243757+00:00,mq7GSzwaGBw,">> So Python attracted a lot of domain experts. Well, with AI now you can",new,,,20260919_235645_YT001,20260919_235645_YT001
ai psychosis,AI psychosis,person_or_named_entity,2,1,1,0,2026-09-20T07:01:11.243757+00:00,2026-09-20T07:01:11.243757+00:00,mq7GSzwaGBw,"wrong. you some like you're wrong. Otherwise, you end up with AI psychosis",new,,,20260919_235645_YT001,20260919_235645_YT001
ai adjacent,AI-adjacent,named_entity,2,1,1,0,2026-09-20T07:01:11.243757+00:00,2026-09-20T07:01:11.243757+00:00,wfpVe_F_0UE,They don't know there's a problem. >> 45% of the S&P 500 is AI or AI-adjacent.,new,,,20260919_235645_YT001,20260919_235645_YT001
all of,all of,person_or_named_entity,2,1,1,0,2026-09-20T07:01:11.243757+00:00,2026-09-20T07:01:11.243757+00:00,RRdQPuFQCik,happened as a result was you had General Jaruzelski there in Warsaw with all of,new,,,20260919_235645_YT001,20260919_235645_YT001
all of these artificial,all of these artificial,person_or_named_entity,2,1,1,0,2026-09-20T07:01:11.243757+00:00,2026-09-20T07:01:11.243757+00:00,oGWf3g8iYLA,particularly with all of these artificial,new,,,20260919_235645_YT001,20260919_235645_YT001
all the,all the,person_or_named_entity,2,1,1,0,2026-09-20T07:01:11.243757+00:00,2026-09-20T07:01:11.243757+00:00,vR-o6IGspmU,because let me tell you what happened. I testified against the bill with all the,new,,,20260919_235645_YT001,20260919_235645_YT001
amendment,Amendment,named_entity,2,1,1,0,2026-09-20T07:01:11.243757+00:00,2026-09-20T07:01:11.243757+00:00,-YPhdbbhvv4,Amendment protections. Geofence warrants,new,,,20260919_235645_YT001,20260919_235645_YT001
america on these,America on these,person_or_named_entity,2,1,1,0,2026-09-20T07:01:11.243757+00:00,2026-09-20T07:01:11.243757+00:00,MGnJEb4sXwM,So they said it is now illegal for you to cooperate with America on these,new,,,20260919_235645_YT001,20260919_235645_YT001
amsterdam,Amsterdam,named_entity,2,1,1,0,2026-09-20T07:01:11.243757+00:00,2026-09-20T07:01:11.243757+00:00,tUE5vpNZDtU,wars going back in fact to the English Civil War was financed out of Amsterdam.,new,,,20260919_235645_YT001,20260919_235645_YT001
an escatological,an escatological,person_or_named_entity,2,1,1,0,2026-09-20T07:01:11.243757+00:00,2026-09-20T07:01:11.243757+00:00,MGnJEb4sXwM,the roots are not easy to understand. We're dealing with an escatological,new,,,20260919_235645_YT001,20260919_235645_YT001
an open source software called,an open- source software called,organization,2,1,1,0,2026-09-20T07:01:11.243757+00:00,2026-09-20T07:01:11.243757+00:00,mq7GSzwaGBw,We're using a a social media software called an open- source software called,new,,,20260919_235645_YT001,20260919_235645_YT001
and the wonderful work,and the wonderful work,product,2,1,1,0,2026-09-20T07:01:11.243757+00:00,2026-09-20T07:01:11.243757+00:00,mq7GSzwaGBw,just become become more aware of the celebrity report and the wonderful work,new,,,20260919_235645_YT001,20260919_235645_YT001
and there was,and there was,product,2,1,1,0,2026-09-20T07:01:11.243757+00:00,2026-09-20T07:01:11.243757+00:00,mq7GSzwaGBw,wonderful movie we have a movie of the week on the salary report and there was,new,,,20260919_235645_YT001,20260919_235645_YT001
and what s going on you,and what's going on. You,person_or_named_entity,2,1,1,0,2026-09-20T07:01:11.243757+00:00,2026-09-20T07:01:11.243757+00:00,vR-o6IGspmU,the money works for every person you're working with and what's going on. You,new,,,20260919_235645_YT001,20260919_235645_YT001
anderil industries,Anderil Industries,organization,2,1,1,0,2026-09-20T07:01:11.243757+00:00,2026-09-20T07:01:11.243757+00:00,mq7GSzwaGBw,"Thirdey Systems, and partnered with the US defense company, Anderil Industries.",new,,,20260919_235645_YT001,20260919_235645_YT001
andreel,Andreel,named_entity,2,1,1,0,2026-09-20T07:01:11.243757+00:00,2026-09-20T07:01:11.243757+00:00,mq7GSzwaGBw,Andreel itself works closely with,new,,,20260919_235645_YT001,20260919_235645_YT001
angeles,Angeles,named_entity,2,1,1,0,2026-09-20T07:01:11.243757+00:00,2026-09-20T07:01:11.243757+00:00,9Td1lcX-Cno,Angeles and so on.,new,,,20260919_235645_YT001,20260919_235645_YT001
apple and meta,Apple and Meta,person_or_named_entity,2,1,1,0,2026-09-20T07:01:11.243757+00:00,2026-09-20T07:01:11.243757+00:00,raxt96y9XFQ,with Apple and Meta.,new,,,20260919_235645_YT001,20260919_235645_YT001
atlantic,Atlantic,named_entity,2,1,1,0,2026-09-20T07:01:11.243757+00:00,2026-09-20T07:01:11.243757+00:00,MGnJEb4sXwM,of the Mediterranean to the Atlantic.,new,,,20260919_235645_YT001,20260919_235645_YT001
bank s,Bank's,named_entity,2,1,1,0,2026-09-20T07:01:11.243757+00:00,2026-09-20T07:01:11.243757+00:00,SkLWbV2A-aI,Bank's point of view.,new,,,20260919_235645_YT001,20260919_235645_YT001
because you can,because you can,organization,2,1,1,0,2026-09-20T07:01:11.243757+00:00,2026-09-20T07:01:11.243757+00:00,mq7GSzwaGBw,"it to align our investors, reason it to align in the company because you can",new,,,20260919_235645_YT001,20260919_235645_YT001
besant,Besant,named_entity,2,1,1,0,2026-09-20T07:01:11.243757+00:00,2026-09-20T07:01:11.243757+00:00,WGn_E_9ZS2Q,Besant.,new,,,20260919_235645_YT001,20260919_235645_YT001
bessent,Bessent,named_entity,2,1,1,0,2026-09-20T07:01:11.243757+00:00,2026-09-20T07:01:11.243757+00:00,MGnJEb4sXwM,Bessent had imposed sanctioning if you,new,,,20260919_235645_YT001,20260919_235645_YT001
bezos,Bezos,named_entity,2,1,1,0,2026-09-20T07:01:11.243757+00:00,2026-09-20T07:01:11.243757+00:00,1q3O8KbUHfU,Bezos,new,,,20260919_235645_YT001,20260919_235645_YT001
bloomberg news,Bloomberg News,organization,2,1,1,0,2026-09-20T06:45:40.991711+00:00,2026-09-20T06:45:40.991711+00:00,ZW6Lf7iQV3Q,"price increases yet, according to memos viewed by Bloomberg News.",new,,,20260919_234459_YT001,20260919_234459_YT001
bolshevik,Bolshevik,named_entity,2,1,1,0,2026-09-20T07:01:11.243757+00:00,2026-09-20T07:01:11.243757+00:00,ChdoKKB48CU,"became the Neocon groups. Uh and to Russia, the Bolshevik",new,,,20260919_235645_YT001,20260919_235645_YT001
bud one,Bud. One,person_or_named_entity,2,1,1,0,2026-09-20T06:45:40.991711+00:00,2026-09-20T06:45:40.991711+00:00,p0jPh9KrCgc,"Two questions for you, Bud. One of the",new,,,20260919_234459_YT001,20260919_234459_YT001
burlington,Burlington,named_entity,2,1,1,0,2026-09-20T07:01:11.243757+00:00,2026-09-20T07:01:11.243757+00:00,raxt96y9XFQ,countries to start taxing >> Google is the same as the Burlington,new,,,20260919_235645_YT001,20260919_235645_YT001
called anaconda after,called Anaconda after,organization,2,1,1,0,2026-09-20T07:01:11.243757+00:00,2026-09-20T07:01:11.243757+00:00,mq7GSzwaGBw,quickly. I I first went to Texas and founded a company called Anaconda after,new,,,20260919_235645_YT001,20260919_235645_YT001
called quansite quite was a,called Quansite. Quite was a,organization,2,1,1,0,2026-09-20T07:01:11.243757+00:00,2026-09-20T07:01:11.243757+00:00,mq7GSzwaGBw,one of my dear friends who actually runs a company called Quansite. Quite was a,new,,,20260919_235645_YT001,20260919_235645_YT001
came from,came from,product,2,1,1,0,2026-09-20T07:01:11.243757+00:00,2026-09-20T07:01:11.243757+00:00,H0v8c7WingM,that it worked. And really the report came from,new,,,20260919_235645_YT001,20260919_235645_YT001
canal,Canal,named_entity,2,1,1,0,2026-09-20T07:01:11.243757+00:00,2026-09-20T07:01:11.243757+00:00,MGnJEb4sXwM,Canal has two ports on it which formerly,new,,,20260919_235645_YT001,20260919_235645_YT001
cardinal,Cardinal,named_entity,2,1,1,0,2026-09-20T07:01:11.243757+00:00,2026-09-20T07:01:11.243757+00:00,RRdQPuFQCik,"Cardinal Wyszynski, Cardinal Archbishop",new,,,20260919_235645_YT001,20260919_235645_YT001
cash at,cash at,person_or_named_entity,2,1,1,0,2026-09-20T07:01:11.243757+00:00,2026-09-20T07:01:11.243757+00:00,vR-o6IGspmU,definition of cash is important. I sweated a lot over this with cash at,new,,,20260919_235645_YT001,20260919_235645_YT001
cash for at least your,cash for at least your,person_or_named_entity,2,1,1,0,2026-09-20T07:01:11.243757+00:00,2026-09-20T07:01:11.243757+00:00,vR-o6IGspmU,with stickers at Halloween. You just need to pay with cash for at least your,new,,,20260919_235645_YT001,20260919_235645_YT001
cash versus greater than,cash versus greater than,person_or_named_entity,2,1,1,0,2026-09-20T07:01:11.243757+00:00,2026-09-20T07:01:11.243757+00:00,vR-o6IGspmU,24% of those people households prefer to pay with cash versus greater than,new,,,20260919_235645_YT001,20260919_235645_YT001
cash and so i,cash. And so I,person_or_named_entity,2,1,1,0,2026-09-20T07:01:11.243757+00:00,2026-09-20T07:01:11.243757+00:00,vR-o6IGspmU,cash because again the number one thing we can all do is pay with cash. And so I,new,,,20260919_235645_YT001,20260919_235645_YT001
catharsis,Catharsis,named_entity,2,1,1,0,2026-09-20T07:01:11.243757+00:00,2026-09-20T07:01:11.243757+00:00,MGnJEb4sXwM,Catharsis ahead. Get ready. Get ready.,new,,,20260919_235645_YT001,20260919_235645_YT001
celer report,Celer Report,product,2,1,1,0,2026-09-20T07:01:11.243757+00:00,2026-09-20T07:01:11.243757+00:00,MGnJEb4sXwM,">> Okay, ladies and gentlemen, thank you for joining us on the Celer Report.",new,,,20260919_235645_YT001,20260919_235645_YT001
cellebrite,Cellebrite,named_entity,2,1,1,0,2026-09-20T07:01:11.243757+00:00,2026-09-20T07:01:11.243757+00:00,mD_aE7ZCMoo,"services by companies such as NSO, Paragon, and Cellebrite.",new,,,20260919_235645_YT001,20260919_235645_YT001
china is,China is,person_or_named_entity,2,1,1,0,2026-09-20T07:01:11.243757+00:00,2026-09-20T07:01:11.243757+00:00,MGnJEb4sXwM,"of 2022 area. So it's, you know, I always say that fighting with China is",new,,,20260919_235645_YT001,20260919_235645_YT001
chip,Chip,named_entity,2,1,1,0,2026-09-20T07:01:11.243757+00:00,2026-09-20T07:01:11.243757+00:00,mq7GSzwaGBw,Chip.,new,,,20260919_235645_YT001,20260919_235645_YT001
christie,Christie,named_entity,2,1,1,0,2026-09-20T07:01:11.243757+00:00,2026-09-20T07:01:11.243757+00:00,m50hk1fyOYs,Christie murder on the Orient Express,new,,,20260919_235645_YT001,20260919_235645_YT001
city council so,City Council. So,organization,2,1,1,0,2026-09-20T07:01:11.243757+00:00,2026-09-20T07:01:11.243757+00:00,vR-o6IGspmU,City Council. So the resident the homes,new,,,20260919_235645_YT001,20260919_235645_YT001
civil war,Civil War,person_or_named_entity,2,1,1,0,2026-09-20T07:01:11.243757+00:00,2026-09-20T07:01:11.243757+00:00,tUE5vpNZDtU,Civil War was financed out of Amsterdam.,new,,,20260919_235645_YT001,20260919_235645_YT001
clipper,Clipper,named_entity,2,1,1,0,2026-09-20T07:01:11.243757+00:00,2026-09-20T07:01:11.243757+00:00,mq7GSzwaGBw,from Utah. >> I didn't. He was the guy who had Clipper,new,,,20260919_235645_YT001,20260919_235645_YT001
community,Community,media_show,2,1,1,0,2026-09-20T07:01:11.243757+00:00,2026-09-20T07:01:11.243757+00:00,mq7GSzwaGBw,radio dots and spit out your prospectus. We had another tool called Community,new,,,20260919_235645_YT001,20260919_235645_YT001
community wizard,Community Wizard,person_or_named_entity,2,1,1,0,2026-09-20T07:01:11.243757+00:00,2026-09-20T07:01:11.243757+00:00,mq7GSzwaGBw,We had another tool called Community Wizard where you could map out all the,new,,,20260919_235645_YT001,20260919_235645_YT001
conagra,Conagra,named_entity,2,1,1,0,2026-09-20T06:45:40.991711+00:00,2026-09-20T06:45:40.991711+00:00,ZW6Lf7iQV3Q,Campbell's and Conagra warn higher food,new,,,20260919_234459_YT001,20260919_234459_YT001
daddy,Daddy,named_entity,2,1,1,0,2026-09-20T07:01:11.243757+00:00,2026-09-20T07:01:11.243757+00:00,mq7GSzwaGBw,"Daddy. Yes, these are the names the",new,,,20260919_235645_YT001,20260919_235645_YT001
dakota so,Dakota. So,person_or_named_entity,2,1,1,0,2026-09-20T07:01:11.243757+00:00,2026-09-20T07:01:11.243757+00:00,vR-o6IGspmU,Dakota. So just because they're passing,new,,,20260919_235645_YT001,20260919_235645_YT001
dakota they,Dakota. They,person_or_named_entity,2,1,1,0,2026-09-20T07:01:11.243757+00:00,2026-09-20T07:01:11.243757+00:00,vR-o6IGspmU,Dakota. They have 174 locations,new,,,20260919_235645_YT001,20260919_235645_YT001
dakota they re,Dakota. They're,person_or_named_entity,2,1,1,0,2026-09-20T07:01:11.243757+00:00,2026-09-20T07:01:11.243757+00:00,vR-o6IGspmU,Dakota. They're owned by Sanford Health.,new,,,20260919_235645_YT001,20260919_235645_YT001
denny,Denny,named_entity,2,1,1,0,2026-09-20T07:01:11.243757+00:00,2026-09-20T07:01:11.243757+00:00,vR-o6IGspmU,"are not based in South Dakota and they don't take cash. Okay, next one. Denny",new,,,20260919_235645_YT001,20260919_235645_YT001
dna,DNA,named_entity,2,1,1,0,2026-09-20T07:01:11.243757+00:00,2026-09-20T07:01:11.243757+00:00,Xu8_onfDCsQ,"of that is is being, you know, transmuted into their DNA.",new,,,20260919_235645_YT001,20260919_235645_YT001
dylan reed,Dylan Reed,product,2,1,1,0,2026-09-20T07:01:11.243757+00:00,2026-09-20T07:01:11.243757+00:00,tK4hyAbE3rw,they would work for the car service that drove for Dylan Reed.,new,,,20260919_235645_YT001,20260919_235645_YT001
eastern europe,Eastern Europe,person_or_named_entity,2,1,1,0,2026-09-20T07:01:11.243757+00:00,2026-09-20T07:01:11.243757+00:00,XBdxRddutME,difficult. It's less difficult for Eastern Europe.,new,,,20260919_235645_YT001,20260919_235645_YT001
english,English,named_entity,2,1,1,0,2026-09-20T07:01:11.243757+00:00,2026-09-20T07:01:11.243757+00:00,tUE5vpNZDtU,involved in the financing. All of these wars going back in fact to the English,new,,,20260919_235645_YT001,20260919_235645_YT001
english channel,English Channel,media_show,2,1,1,0,2026-09-20T07:01:11.243757+00:00,2026-09-20T07:01:11.243757+00:00,MGnJEb4sXwM,Britain is trying to stop um tankers sailing through the English Channel.,new,,,20260919_235645_YT001,20260919_235645_YT001
enlightenment,Enlightenment,named_entity,2,1,1,0,2026-09-20T07:01:11.243757+00:00,2026-09-20T07:01:11.243757+00:00,ChdoKKB48CU,The Enlightenment was a hugely,new,,,20260919_235645_YT001,20260919_235645_YT001
falls but,Falls. But,person_or_named_entity,2,1,1,0,2026-09-20T07:01:11.243757+00:00,2026-09-20T07:01:11.243757+00:00,vR-o6IGspmU,"Falls. But us moms, cell phone tower",new,,,20260919_235645_YT001,20260919_235645_YT001
falls so,Falls. So,person_or_named_entity,2,1,1,0,2026-09-20T07:01:11.243757+00:00,2026-09-20T07:01:11.243757+00:00,vR-o6IGspmU,"Falls. So first off, the cell phone",new,,,20260919_235645_YT001,20260919_235645_YT001
falls turns,Falls. Turns,person_or_named_entity,2,1,1,0,2026-09-20T07:01:11.243757+00:00,2026-09-20T07:01:11.243757+00:00,vR-o6IGspmU,Falls. Turns out all of our current,new,,,20260919_235645_YT001,20260919_235645_YT001
farrell,Farrell,named_entity,2,1,1,0,2026-09-20T07:01:11.243757+00:00,2026-09-20T07:01:11.243757+00:00,tK4hyAbE3rw,"Farrell said, uh",new,,,20260919_235645_YT001,20260919_235645_YT001
finding,Finding,named_entity,2,1,1,0,2026-09-20T07:01:11.243757+00:00,2026-09-20T07:01:11.243757+00:00,xIZYuhJjYAQ,Finding that note from heaven,new,,,20260919_235645_YT001,20260919_235645_YT001
first dakota,First Dakota,person_or_named_entity,2,1,1,0,2026-09-20T07:01:11.243757+00:00,2026-09-20T07:01:11.243757+00:00,vR-o6IGspmU,to qualify. Simply make at least 20 transactions on your First Dakota,new,,,20260919_235645_YT001,20260919_235645_YT001
fitz,Fitz,named_entity,2,1,1,0,2026-09-20T07:01:11.243757+00:00,2026-09-20T07:01:11.243757+00:00,mq7GSzwaGBw,Fitz. I am in Salt Lake City. I've had,new,,,20260919_235645_YT001,20260919_235645_YT001
foods,Foods,named_entity,2,1,1,0,2026-09-20T07:01:11.243757+00:00,2026-09-20T07:01:11.243757+00:00,vR-o6IGspmU,"Foods. Well, he just didn't put in any",new,,,20260919_235645_YT001,20260919_235645_YT001
force of gravity,force of gravity,person_or_named_entity,2,1,1,0,2026-09-20T07:01:11.243757+00:00,2026-09-20T07:01:11.243757+00:00,taUQwaop3Ro,zeros stronger than the so-called force of gravity.,new,,,20260919_235645_YT001,20260919_235645_YT001
forth and,Forth. And,person_or_named_entity,2,1,1,0,2026-09-20T06:45:40.991711+00:00,2026-09-20T06:45:40.991711+00:00,DS3LfI1HbjI,Forth. And I tell the story when things,new,,,20260919_234459_YT001,20260919_234459_YT001
fourth,Fourth,named_entity,2,1,1,0,2026-09-20T07:01:11.243757+00:00,2026-09-20T07:01:11.243757+00:00,-YPhdbbhvv4,Supreme Court 6-3 ruling Geofence warrant warrants trigger Fourth,new,,,20260919_235645_YT001,20260919_235645_YT001
francisco do,Francisco. Do,person_or_named_entity,2,1,1,0,2026-09-20T07:01:11.243757+00:00,2026-09-20T07:01:11.243757+00:00,vR-o6IGspmU,Francisco. Do we as South Dotans really,new,,,20260919_235645_YT001,20260919_235645_YT001
full american,full American,person_or_named_entity,2,1,1,0,2026-09-20T07:01:11.243757+00:00,2026-09-20T07:01:11.243757+00:00,MGnJEb4sXwM,possible um to do that with full American,new,,,20260919_235645_YT001,20260919_235645_YT001
general,General,named_entity,2,1,1,0,2026-09-20T07:01:11.243757+00:00,2026-09-20T07:01:11.243757+00:00,RRdQPuFQCik,"too, and started to identify And what happened as a result was you had General",new,,,20260919_235645_YT001,20260919_235645_YT001
global,Global,named_entity,2,1,1,0,2026-09-20T07:01:11.243757+00:00,2026-09-20T07:01:11.243757+00:00,SkLWbV2A-aI,Global is shutting down the global,new,,,20260919_235645_YT001,20260919_235645_YT001
global gets a,global gets a,product,2,1,1,0,2026-09-20T07:01:11.243757+00:00,2026-09-20T07:01:11.243757+00:00,vR-o6IGspmU,three-lock system with a third lock which is superior. So Mr. global gets a,new,,,20260919_235645_YT001,20260919_235645_YT001
global is,Global is,person_or_named_entity,2,1,1,0,2026-09-20T07:01:11.243757+00:00,2026-09-20T07:01:11.243757+00:00,vR-o6IGspmU,talking to each other and being effective. And that's how Mr. Global is,new,,,20260919_235645_YT001,20260919_235645_YT001
globalist they re everywhere this,Globalist. They're everywhere. This,person_or_named_entity,2,1,1,0,2026-09-20T07:01:11.243757+00:00,2026-09-20T07:01:11.243757+00:00,LCbpnzlLKg8,"universities, everywhere. There isn't a Mr. Globalist. They're everywhere. This",new,,,20260919_235645_YT001,20260919_235645_YT001
globaloney and something i,Globaloney and something. I,person_or_named_entity,2,1,1,0,2026-09-20T07:01:11.243757+00:00,2026-09-20T07:01:11.243757+00:00,9Td1lcX-Cno,of message uh to Mr. Globaloney and something. I,new,,,20260919_235645_YT001,20260919_235645_YT001
globaloney behind,Globaloney behind,person_or_named_entity,2,1,1,0,2026-09-20T07:01:11.243757+00:00,2026-09-20T07:01:11.243757+00:00,9Td1lcX-Cno,uh to Mr. Globaloney and something. I don't think it's Mr. Globaloney behind,new,,,20260919_235645_YT001,20260919_235645_YT001
god and,God and,person_or_named_entity,2,1,1,0,2026-09-20T07:01:11.243757+00:00,2026-09-20T07:01:11.243757+00:00,vR-o6IGspmU,something from our testimony because we actually need to be right with God and,new,,,20260919_235645_YT001,20260919_235645_YT001
great reverence cuz,great reverence cuz,person_or_named_entity,2,1,1,0,2026-09-20T07:01:11.243757+00:00,2026-09-20T07:01:11.243757+00:00,oc8B5AqvkUE,they got all the headlines and and they were treated with great reverence cuz,new,,,20260919_235645_YT001,20260919_235645_YT001
great s,Great's,named_entity,2,1,1,0,2026-09-20T07:01:11.243757+00:00,2026-09-20T07:01:11.243757+00:00,ChdoKKB48CU,Um and we are still deeply enmeshed in the consequence of Catherine the Great's,new,,,20260919_235645_YT001,20260919_235645_YT001
have on what s happening have,have on what's happening have,product,2,1,1,0,2026-09-20T07:01:11.243757+00:00,2026-09-20T07:01:11.243757+00:00,MGnJEb4sXwM,insights we've had at the celebrity report have on what's happening have,new,,,20260919_235645_YT001,20260919_235645_YT001
him earlier we thought he,him earlier. We thought he,person_or_named_entity,2,1,1,0,2026-09-20T07:01:11.243757+00:00,2026-09-20T07:01:11.243757+00:00,vR-o6IGspmU,have we just fumbled. We should have gotten with him earlier. We thought he,new,,,20260919_235645_YT001,20260919_235645_YT001
him this one is really good,him. This one is really good,named_entity,2,1,1,0,2026-09-20T07:01:11.243757+00:00,2026-09-20T07:01:11.243757+00:00,tK4hyAbE3rw,with him. This one is really good about,new,,,20260919_235645_YT001,20260919_235645_YT001
homos,Homos,named_entity,2,1,1,0,2026-09-20T07:01:11.243757+00:00,2026-09-20T07:01:11.243757+00:00,MGnJEb4sXwM,paraphrase of it. Um Mr. Trump the road to Beijing passes through Homos.,new,,,20260919_235645_YT001,20260919_235645_YT001
horse,Horse,named_entity,2,1,1,0,2026-09-20T07:01:11.243757+00:00,2026-09-20T07:01:11.243757+00:00,vR-o6IGspmU,Horse.,new,,,20260919_235645_YT001,20260919_235645_YT001
huahei and all these,Huahei and all these,event,2,1,1,0,2026-09-20T07:01:11.243757+00:00,2026-09-20T07:01:11.243757+00:00,MGnJEb4sXwM,conference taking place in Beijing when I was there with Huahei and all these,new,,,20260919_235645_YT001,20260919_235645_YT001
huawei and all these uh,Huawei and all these uh,event,2,1,1,0,2026-09-20T07:01:11.243757+00:00,2026-09-20T07:01:11.243757+00:00,vVa6h4WYlOw,conference taking place in Beijing when I was there with Huawei and all these uh,new,,,20260919_235645_YT001,20260919_235645_YT001
i don t get access,I don't get access,organization,2,1,1,0,2026-09-20T07:01:11.243757+00:00,2026-09-20T07:01:11.243757+00:00,mq7GSzwaGBw,intern at a company I don't get access,new,,,20260919_235645_YT001,20260919_235645_YT001
i mean the,I mean the,person_or_named_entity,2,1,1,0,2026-09-20T07:01:11.243757+00:00,2026-09-20T07:01:11.243757+00:00,MGnJEb4sXwM,squeezing of China because the trade war is not going well with I mean the,new,,,20260919_235645_YT001,20260919_235645_YT001
if i m an,if I'm an,organization,2,1,1,0,2026-09-20T07:01:11.243757+00:00,2026-09-20T07:01:11.243757+00:00,mq7GSzwaGBw,have a login something you have silos you don't the whole company if I'm an,new,,,20260919_235645_YT001,20260919_235645_YT001
imago dei,Imago Dei,person_or_named_entity,2,1,1,0,2026-09-20T07:01:11.243757+00:00,2026-09-20T07:01:11.243757+00:00,eoeftpuyQXw,"historically, the worldview was this uh Judeo-Christian concept of Imago Dei.",new,,,20260919_235645_YT001,20260919_235645_YT001
industrial leaders on the,industrial leaders on the,person_or_named_entity,2,1,1,0,2026-09-20T07:01:11.243757+00:00,2026-09-20T07:01:11.243757+00:00,aQYwmh0gCQo,Defense at the Pentagon getting a briefing with industrial leaders on the,new,,,20260919_235645_YT001,20260919_235645_YT001
iran and india,Iran and India,person_or_named_entity,2,1,1,0,2026-09-20T07:01:11.243757+00:00,2026-09-20T07:01:11.243757+00:00,MGnJEb4sXwM,"China, Russia um taking place for some time in the Gulf with Iran and India",new,,,20260919_235645_YT001,20260919_235645_YT001
iran it s,Iran. It's,person_or_named_entity,2,1,1,0,2026-09-20T07:01:11.243757+00:00,2026-09-20T07:01:11.243757+00:00,MztMjj6LxXk,"uh trading with Iran. It's about sanctions. So, let's just cut",new,,,20260919_235645_YT001,20260919_235645_YT001
ireland they,Ireland. They,person_or_named_entity,2,1,1,0,2026-09-20T06:45:40.991711+00:00,2026-09-20T06:45:40.991711+00:00,37qD1Jj3NOc,Ireland. They have a memorandum of,new,,,20260919_234459_YT001,20260919_234459_YT001
iron,Iron,named_entity,2,1,1,0,2026-09-20T07:01:11.243757+00:00,2026-09-20T07:01:11.243757+00:00,SkLWbV2A-aI,"view of the house always wins. You know, I'm looking this from the Iron",new,,,20260919_235645_YT001,20260919_235645_YT001
is a,is a,person_or_named_entity,2,1,1,0,2026-09-20T07:01:11.243757+00:00,2026-09-20T07:01:11.243757+00:00,0X0H0jcnelU,"involved with is a revolution. In fact, what we're involved with is a",new,,,20260919_235645_YT001,20260919_235645_YT001
is to,is to,product,2,1,1,0,2026-09-20T07:01:11.243757+00:00,2026-09-20T07:01:11.243757+00:00,FXNfNrtGHlo,viral spread of incoherence. And as one of our goals on the Solari Report is to,new,,,20260919_235645_YT001,20260919_235645_YT001
it because,it because,person_or_named_entity,2,1,1,0,2026-09-20T06:45:40.991711+00:00,2026-09-20T06:45:40.991711+00:00,p0jPh9KrCgc,other states that they get consumed with it because,new,,,20260919_234459_YT001,20260919_234459_YT001
it early on,it early on,person_or_named_entity,2,1,1,0,2026-09-20T07:01:11.243757+00:00,2026-09-20T07:01:11.243757+00:00,MztMjj6LxXk,COVID 2.0 again. That's you you called it early on.,new,,,20260919_235645_YT001,20260919_235645_YT001
it s margaret s,It's Margaret's,person_or_named_entity,2,1,1,0,2026-09-20T07:01:11.243757+00:00,2026-09-20T07:01:11.243757+00:00,vR-o6IGspmU,How about this one? It's Margaret's.,new,,,20260919_235645_YT001,20260919_235645_YT001
it but the really,it. But the really,person_or_named_entity,2,1,1,0,2026-09-20T07:01:11.243757+00:00,2026-09-20T07:01:11.243757+00:00,oc8B5AqvkUE,gravity. And obsession with it. But the really,new,,,20260919_235645_YT001,20260919_235645_YT001
j p,J.P,product,2,1,1,0,2026-09-20T07:01:11.243757+00:00,2026-09-20T07:01:11.243757+00:00,oGWf3g8iYLA,system. And the story is always told that J.P.,new,,,20260919_235645_YT001,20260919_235645_YT001
jaruzelski,Jaruzelski,named_entity,2,1,1,0,2026-09-20T07:01:11.243757+00:00,2026-09-20T07:01:11.243757+00:00,RRdQPuFQCik,Jaruzelski there in Warsaw with all of,new,,,20260919_235645_YT001,20260919_235645_YT001
jeff,Jeff,named_entity,2,1,1,0,2026-09-20T07:01:11.243757+00:00,2026-09-20T07:01:11.243757+00:00,1q3O8KbUHfU,>> It's their money. Right. They're not going to have Jeff,new,,,20260919_235645_YT001,20260919_235645_YT001
karen,Karen,named_entity,2,1,1,0,2026-09-20T07:01:11.243757+00:00,2026-09-20T07:01:11.243757+00:00,mq7GSzwaGBw,the best reads of so far uh that I've read in the last 12 months is Karen,new,,,20260919_235645_YT001,20260919_235645_YT001
katherine austin,Katherine Austin,product,2,1,1,0,2026-09-20T07:01:11.243757+00:00,2026-09-20T07:01:11.243757+00:00,mq7GSzwaGBw,"Ladies and gentlemen, welcome to the Celeria Report. This is Katherine Austin",new,,,20260919_235645_YT001,20260919_235645_YT001
kevin freeman,Kevin Freeman,person_or_named_entity,2,1,1,0,2026-09-20T07:01:11.243757+00:00,2026-09-20T07:01:11.243757+00:00,vR-o6IGspmU,made by Mr. Kevin Freeman from Pirate,new,,,20260919_235645_YT001,20260919_235645_YT001
last year s,last year's,product,2,1,1,0,2026-09-20T07:01:11.243757+00:00,2026-09-20T07:01:11.243757+00:00,vR-o6IGspmU,"Salary Report and welcome to Sou Falls, South Dakota, where I'm with last year's",new,,,20260919_235645_YT001,20260919_235645_YT001
lebanon,Lebanon,named_entity,2,1,1,0,2026-09-20T07:01:11.243757+00:00,2026-09-20T07:01:11.243757+00:00,MGnJEb4sXwM,they're going to have to withdraw in humiliation from the south of Lebanon.,new,,,20260919_235645_YT001,20260919_235645_YT001
like i think it s already a,like I think it's already a,organization,2,1,1,0,2026-09-20T07:01:11.243757+00:00,2026-09-20T07:01:11.243757+00:00,mq7GSzwaGBw,company like I think it's already a,new,,,20260919_235645_YT001,20260919_235645_YT001
lord alfred milner,Lord Alfred Milner,person_or_named_entity,2,1,1,0,2026-09-20T07:01:11.243757+00:00,2026-09-20T07:01:11.243757+00:00,ChdoKKB48CU,It set up what was called the Round Table. It was run by Lord Alfred Milner.,new,,,20260919_235645_YT001,20260919_235645_YT001
mala,Mala,named_entity,2,1,1,0,2026-09-20T07:01:11.243757+00:00,2026-09-20T07:01:11.243757+00:00,MGnJEb4sXwM,>> Uh we just saw sort of new negotiations with Indonesia on the Straits of Mala.,new,,,20260919_235645_YT001,20260919_235645_YT001
mandolen,Mandolen,named_entity,2,1,1,0,2026-09-20T07:01:11.243757+00:00,2026-09-20T07:01:11.243757+00:00,mq7GSzwaGBw,"Mandolen. Clearly, this isn't just about",new,,,20260919_235645_YT001,20260919_235645_YT001
master,Master,named_entity,2,1,1,0,2026-09-20T07:01:11.243757+00:00,2026-09-20T07:01:11.243757+00:00,ilzuEH2Enr4,think I asked you in the Netherlands if you'd read it. It's called um The Master,new,,,20260919_235645_YT001,20260919_235645_YT001
me frantic he,me frantic. He,person_or_named_entity,2,1,1,0,2026-09-20T07:01:11.243757+00:00,2026-09-20T07:01:11.243757+00:00,3Yse_2fUKuk,he had to do the urinalysis or the drug testing and he called me frantic. He,new,,,20260919_235645_YT001,20260919_235645_YT001
me gita ben david,me Gita Ben David,person_or_named_entity,2,1,1,0,2026-09-20T07:01:11.243757+00:00,2026-09-20T07:01:11.243757+00:00,hxQGwThmCD8,It's exciting day for me because I have with me Gita Ben David,new,,,20260919_235645_YT001,20260919_235645_YT001
me or you can,me. Or you can,person_or_named_entity,2,1,1,0,2026-09-20T07:01:11.243757+00:00,2026-09-20T07:01:11.243757+00:00,mq7GSzwaGBw,"just Google my name, you'll find lots of ways to connect with me. Or you can",new,,,20260919_235645_YT001,20260919_235645_YT001
money pirate money partners,Money. Pirate Money Partners,person_or_named_entity,2,1,1,0,2026-09-20T07:01:11.243757+00:00,2026-09-20T07:01:11.243757+00:00,vR-o6IGspmU,"Money. Pirate Money Partners with Glint,",new,,,20260919_235645_YT001,20260919_235645_YT001
money so,Money. So,person_or_named_entity,2,1,1,0,2026-09-20T07:01:11.243757+00:00,2026-09-20T07:01:11.243757+00:00,vR-o6IGspmU,"Money. So from Pirate Money, I was able",new,,,20260919_235645_YT001,20260919_235645_YT001
morgan,Morgan,named_entity,2,1,1,0,2026-09-20T07:01:11.243757+00:00,2026-09-20T07:01:11.243757+00:00,oGWf3g8iYLA,Morgan,new,,,20260919_235645_YT001,20260919_235645_YT001
mr temple,Mr. Temple,person_or_named_entity,2,1,1,0,2026-09-20T07:01:11.243757+00:00,2026-09-20T07:01:11.243757+00:00,KiRtjIh2kjc,"So, welcome [snorts] Mr. Temple to the",new,,,20260919_235645_YT001,20260919_235645_YT001
myself and,myself and,person_or_named_entity,2,1,1,0,2026-09-20T07:01:11.243757+00:00,2026-09-20T07:01:11.243757+00:00,vR-o6IGspmU,>> Right? >> I just have to be good with myself and,new,,,20260919_235645_YT001,20260919_235645_YT001
nathan mayer,Nathan Mayer,person_or_named_entity,2,1,1,0,2026-09-20T07:01:11.243757+00:00,2026-09-20T07:01:11.243757+00:00,mD_aE7ZCMoo,connection. The history of that goes back to 1815 when Nathan Mayer,new,,,20260919_235645_YT001,20260919_235645_YT001
national bank,National Bank,person_or_named_entity,2,1,1,0,2026-09-20T07:01:11.243757+00:00,2026-09-20T07:01:11.243757+00:00,vR-o6IGspmU,National Bank debit card in March. valid,new,,,20260919_235645_YT001,20260919_235645_YT001
news,News,organization,2,1,1,0,2026-09-20T07:01:11.243757+00:00,2026-09-20T07:01:11.243757+00:00,zXpH1Lw08m0,News,new,,,20260919_235645_YT001,20260919_235645_YT001
nightingale s,Nightingale's,named_entity,2,1,1,0,2026-09-20T07:01:11.243757+00:00,2026-09-20T07:01:11.243757+00:00,sjqzf9ER_mA,Nightingale's books because there's just,new,,,20260919_235645_YT001,20260919_235645_YT001
no idf,No IDF,person_or_named_entity,2,1,1,0,2026-09-20T07:01:11.243757+00:00,2026-09-20T07:01:11.243757+00:00,mD_aE7ZCMoo,No IDF officer is responsible for,new,,,20260919_235645_YT001,20260919_235645_YT001
no plan no,no plan. No,person_or_named_entity,2,1,1,0,2026-09-20T07:01:11.243757+00:00,2026-09-20T07:01:11.243757+00:00,C-nY_mj1XtE,diagnosis on these awful medications. They put you on them with no plan. No,new,,,20260919_235645_YT001,20260919_235645_YT001
non renewable energy,non-renewable energy,person_or_named_entity,2,1,1,0,2026-09-20T07:01:11.243757+00:00,2026-09-20T07:01:11.243757+00:00,oGWf3g8iYLA,"energy, in other words, you're you're dealing with non-renewable energy",new,,,20260919_235645_YT001,20260919_235645_YT001
northern railroad that s,Northern Railroad. That's,person_or_named_entity,2,1,1,0,2026-09-20T07:01:11.243757+00:00,2026-09-20T07:01:11.243757+00:00,raxt96y9XFQ,Northern Railroad. That's what you're,new,,,20260919_235645_YT001,20260919_235645_YT001
now on plasma is,now on plasma is,product,2,1,1,0,2026-09-20T07:01:11.243757+00:00,2026-09-20T07:01:11.243757+00:00,KiRtjIh2kjc,realize that the cosmos is alive. Your approach and your book now on plasma is,new,,,20260919_235645_YT001,20260919_235645_YT001
of array,of array,organization,2,1,1,0,2026-09-20T07:01:11.243757+00:00,2026-09-20T07:01:11.243757+00:00,mq7GSzwaGBw,>> Okay. >> So it's the foundation of array,new,,,20260919_235645_YT001,20260919_235645_YT001
of international,of International,organization,2,1,1,0,2026-09-20T07:01:11.243757+00:00,2026-09-20T07:01:11.243757+00:00,ChdoKKB48CU,at that point. uh and uh and spawned the Royal Institute of International,new,,,20260919_235645_YT001,20260919_235645_YT001
of one i think,of one I think,organization,2,1,1,0,2026-09-20T07:01:11.243757+00:00,2026-09-20T07:01:11.243757+00:00,mq7GSzwaGBw,>> People are leaning into it. Even people are saying the company of one I think,new,,,20260919_235645_YT001,20260919_235645_YT001
of one so,of one. So,organization,2,1,1,0,2026-09-20T07:01:11.243757+00:00,2026-09-20T07:01:11.243757+00:00,mq7GSzwaGBw,>> I know I am too because but it's leading to the same idea of a company of one. So,new,,,20260919_235645_YT001,20260919_235645_YT001
of our government in the,of our government in the,government,2,1,1,0,2026-09-20T07:01:11.243757+00:00,2026-09-20T07:01:11.243757+00:00,mq7GSzwaGBw,"the constitution, the genius of the organization of our government in the",new,,,20260919_235645_YT001,20260919_235645_YT001
officers,Officers,named_entity,2,1,1,0,2026-09-20T07:01:11.243757+00:00,2026-09-20T07:01:11.243757+00:00,v4d389XfJbA,Officers said that they'd been tracking,new,,,20260919_235645_YT001,20260919_235645_YT001
omb,OMB,named_entity,2,1,1,0,2026-09-20T07:01:11.243757+00:00,2026-09-20T07:01:11.243757+00:00,OnEOcaUnBg0,Paul O'Neill had had been head of OMB,new,,,20260919_235645_YT001,20260919_235645_YT001
on on,on on,organization,2,1,1,0,2026-09-20T07:01:11.243757+00:00,2026-09-20T07:01:11.243757+00:00,v4d389XfJbA,"at least according to Flock. But, when Feder got the company on on",new,,,20260919_235645_YT001,20260919_235645_YT001
one of,one of,person_or_named_entity,2,1,1,0,2026-09-20T07:01:11.243757+00:00,2026-09-20T07:01:11.243757+00:00,vR-o6IGspmU,Democrats versus Republicans that because I brought the bill with one of,new,,,20260919_235645_YT001,20260919_235645_YT001
open source,open source,person_or_named_entity,2,1,1,0,2026-09-20T07:01:11.243757+00:00,2026-09-20T07:01:11.243757+00:00,mq7GSzwaGBw,"data has to be sent to their computers, their servers. But with open source",new,,,20260919_235645_YT001,20260919_235645_YT001
operation economic outcast,Operation Economic Outcast,person_or_named_entity,2,1,1,0,2026-09-20T07:01:11.243757+00:00,2026-09-20T07:01:11.243757+00:00,MztMjj6LxXk,What Operation Economic Outcast means,new,,,20260919_235645_YT001,20260919_235645_YT001
or some,or some,person_or_named_entity,2,1,1,0,2026-09-20T07:01:11.243757+00:00,2026-09-20T07:01:11.243757+00:00,vR-o6IGspmU,scared to challenge in case they lost the corporate [music] sponsor or some,new,,,20260919_235645_YT001,20260919_235645_YT001
our cash,our cash,person_or_named_entity,2,1,1,0,2026-09-20T07:01:11.243757+00:00,2026-09-20T07:01:11.243757+00:00,vR-o6IGspmU,start? >> I would like to start with our cash,new,,,20260919_235645_YT001,20260919_235645_YT001
our uh customer,our uh customer,person_or_named_entity,2,1,1,0,2026-09-20T07:01:11.243757+00:00,2026-09-20T07:01:11.243757+00:00,mq7GSzwaGBw,"work you have. >> So, I checked with our uh customer",new,,,20260919_235645_YT001,20260919_235645_YT001
pale,Pale,named_entity,2,1,1,0,2026-09-20T07:01:11.243757+00:00,2026-09-20T07:01:11.243757+00:00,ChdoKKB48CU,Pale of Settlement.,new,,,20260919_235645_YT001,20260919_235645_YT001
parades or something,parades or something,person_or_named_entity,2,1,1,0,2026-09-20T07:01:11.243757+00:00,2026-09-20T07:01:11.243757+00:00,qy_N0XOlApA,be a be a contact in a community for helping them with parades or something,new,,,20260919_235645_YT001,20260919_235645_YT001
paradigm,Paradigm,named_entity,2,1,1,0,2026-09-20T07:01:11.243757+00:00,2026-09-20T07:01:11.243757+00:00,aQYwmh0gCQo,Paradigm shift I ran in the tunnel,new,,,20260919_235645_YT001,20260919_235645_YT001
part of what david was,part of what David was,person_or_named_entity,2,1,1,0,2026-09-20T07:01:11.243757+00:00,2026-09-20T07:01:11.243757+00:00,W4aWp1dC5ZU,I had another one back-to-back that dealt with part of what David was,new,,,20260919_235645_YT001,20260919_235645_YT001
people all,people all,person_or_named_entity,2,1,1,0,2026-09-20T07:01:11.243757+00:00,2026-09-20T07:01:11.243757+00:00,mq7GSzwaGBw,writing code sharing that code on the internet collaborating with people all,new,,,20260919_235645_YT001,20260919_235645_YT001
people who have,people who have,person_or_named_entity,2,1,1,0,2026-09-20T07:01:11.243757+00:00,2026-09-20T07:01:11.243757+00:00,mq7GSzwaGBw,"actually, which is a thing. I've seen I've actually been with people who have",new,,,20260919_235645_YT001,20260919_235645_YT001
perot,Perot,named_entity,2,1,1,0,2026-09-20T07:01:11.243757+00:00,2026-09-20T07:01:11.243757+00:00,j4rItIYZV_o,Perot,new,,,20260919_235645_YT001,20260919_235645_YT001
premier center concessions,Premier Center Concessions,person_or_named_entity,2,1,1,0,2026-09-20T07:01:11.243757+00:00,2026-09-20T07:01:11.243757+00:00,vR-o6IGspmU,Premier Center Concessions is operated,new,,,20260919_235645_YT001,20260919_235645_YT001
president,President,named_entity,2,1,1,0,2026-09-20T07:01:11.243757+00:00,2026-09-20T07:01:11.243757+00:00,MGnJEb4sXwM,"sure, but if we're in a hiatus, part of that is because I think um uh President",new,,,20260919_235645_YT001,20260919_235645_YT001
processing gps,Processing GPS,person_or_named_entity,2,1,1,0,2026-09-20T07:01:11.243757+00:00,2026-09-20T07:01:11.243757+00:00,vR-o6IGspmU,>> What a beautiful day. >> Processing GPS coordinates confirmed.,new,,,20260919_235645_YT001,20260919_235645_YT001
programmable money in,programmable money in,person_or_named_entity,2,1,1,0,2026-09-20T07:01:11.243757+00:00,2026-09-20T07:01:11.243757+00:00,xPEfDUJiE_w,"essentially, if you look at what we're talking about with programmable money in",new,,,20260919_235645_YT001,20260919_235645_YT001
quansite and a venture fund so,Quansite and a venture fund. So,named_entity,2,1,1,0,2026-09-20T07:01:11.243757+00:00,2026-09-20T07:01:11.243757+00:00,mq7GSzwaGBw,called Quansite and a venture fund. So,new,,,20260919_235645_YT001,20260919_235645_YT001
representative s,Representative S,person_or_named_entity,2,1,1,0,2026-09-20T07:01:11.243757+00:00,2026-09-20T07:01:11.243757+00:00,vR-o6IGspmU,"this past year, I've been collecting a comprehensive list for Representative S.",new,,,20260919_235645_YT001,20260919_235645_YT001
revolution and zionism,Revolution. And Zionism,person_or_named_entity,2,1,1,0,2026-09-20T07:01:11.243757+00:00,2026-09-20T07:01:11.243757+00:00,ChdoKKB48CU,"Revolution. And Zionism into England,",new,,,20260919_235645_YT001,20260919_235645_YT001
revolutionary guard corp,Revolutionary Guard Corp,organization,2,1,1,0,2026-09-20T07:01:11.243757+00:00,2026-09-20T07:01:11.243757+00:00,mq7GSzwaGBw,"Revolutionary Guard Corp stated, ""Since",new,,,20260919_235645_YT001,20260919_235645_YT001
right mr,Right. Mr,person_or_named_entity,2,1,1,0,2026-09-20T07:01:11.243757+00:00,2026-09-20T07:01:11.243757+00:00,SkLWbV2A-aI,"doesn't want that. It does, or it wouldn't be happening. So, Right. Mr.",new,,,20260919_235645_YT001,20260919_235645_YT001
right yep,Right. Yep,person_or_named_entity,2,1,1,0,2026-09-20T07:01:11.243757+00:00,2026-09-20T07:01:11.243757+00:00,vR-o6IGspmU,>> Yeah. >> Right. Yep.,new,,,20260919_235645_YT001,20260919_235645_YT001
road,Road,named_entity,2,1,1,0,2026-09-20T07:01:11.243757+00:00,2026-09-20T07:01:11.243757+00:00,vR-o6IGspmU,my turn to testify so I can get back to the talks I want to listen to at Road,new,,,20260919_235645_YT001,20260919_235645_YT001
robotics for the cost of,robotics for the cost of,person_or_named_entity,2,1,1,0,2026-09-20T07:01:11.243757+00:00,2026-09-20T07:01:11.243757+00:00,wnz7NM7h9R4,"you know, they're going to try and do as much with robotics for the cost of",new,,,20260919_235645_YT001,20260919_235645_YT001
rome,Rome,named_entity,2,1,1,0,2026-09-20T07:01:11.243757+00:00,2026-09-20T07:01:11.243757+00:00,LCbpnzlLKg8,a huge dichotomy. I live on a street in Rome.,new,,,20260919_235645_YT001,20260919_235645_YT001
ross,Ross,named_entity,2,1,1,0,2026-09-20T07:01:11.243757+00:00,2026-09-20T07:01:11.243757+00:00,j4rItIYZV_o,"be elected president in 2028. You know, people forget that a guy named Ross",new,,,20260919_235645_YT001,20260919_235645_YT001
ross perot,Ross Perot,person_or_named_entity,2,1,1,0,2026-09-20T07:01:11.243757+00:00,2026-09-20T07:01:11.243757+00:00,j4rItIYZV_o,people forget that a guy named Ross Perot,new,,,20260919_235645_YT001,20260919_235645_YT001
rushmore,Rushmore,named_entity,2,1,1,0,2026-09-20T07:01:11.243757+00:00,2026-09-20T07:01:11.243757+00:00,vR-o6IGspmU,>> for I think the parking does. You're only paying for parking at Rushmore.,new,,,20260919_235645_YT001,20260919_235645_YT001
russia and i think the russians,Russia and I think the Russians,named_entity,2,1,1,0,2026-09-20T07:01:11.243757+00:00,2026-09-20T07:01:11.243757+00:00,MGnJEb4sXwM,and with Russia and I think the Russians,new,,,20260919_235645_YT001,20260919_235645_YT001
sanford health,Sanford Health,person_or_named_entity,2,1,1,0,2026-09-20T07:01:11.243757+00:00,2026-09-20T07:01:11.243757+00:00,vR-o6IGspmU,business. They are based in South Dakota. They're owned by Sanford Health.,new,,,20260919_235645_YT001,20260919_235645_YT001
sanford pentagon,Sanford Pentagon,person_or_named_entity,2,1,1,0,2026-09-20T07:01:11.243757+00:00,2026-09-20T07:01:11.243757+00:00,vR-o6IGspmU,"worldwide, headquartered in Minnesota. The next one, Sanford Pentagon",new,,,20260919_235645_YT001,20260919_235645_YT001
sci and,sci and,organization,2,1,1,0,2026-09-20T07:01:11.243757+00:00,2026-09-20T07:01:11.243757+00:00,mq7GSzwaGBw,grew into involvement in open source. So that grew in to a project called sci and,new,,,20260919_235645_YT001,20260919_235645_YT001
selective service,Selective Service,product,2,1,1,0,2026-09-20T07:01:11.243757+00:00,2026-09-20T07:01:11.243757+00:00,es1SX2TSqz8,range have been required to register with the Selective Service.,new,,,20260919_235645_YT001,20260919_235645_YT001
settlement,Settlement,named_entity,2,1,1,0,2026-09-20T07:01:11.243757+00:00,2026-09-20T07:01:11.243757+00:00,ChdoKKB48CU,the consequence of Catherine the Great's Pale of Settlement.,new,,,20260919_235645_YT001,20260919_235645_YT001
silicon,Silicon,named_entity,2,1,1,0,2026-09-20T07:01:11.243757+00:00,2026-09-20T07:01:11.243757+00:00,vR-o6IGspmU,>> You don't have to fight with Mr. Global. You don't have to fight with Silicon,new,,,20260919_235645_YT001,20260919_235645_YT001
silverstar car wash,Silverstar Car Wash,person_or_named_entity,2,1,1,0,2026-09-20T07:01:11.243757+00:00,2026-09-20T07:01:11.243757+00:00,vR-o6IGspmU,"was 1 billion in 2025. The next one, Silverstar Car Wash.",new,,,20260919_235645_YT001,20260919_235645_YT001
slides were,slides were,organization,2,1,1,0,2026-09-20T07:01:11.243757+00:00,2026-09-20T07:01:11.243757+00:00,vR-o6IGspmU,"legislators on the committee, and I said, ""The prime sponsor slides were",new,,,20260919_235645_YT001,20260919_235645_YT001
so okay and,So Okay. And,person_or_named_entity,2,1,1,0,2026-09-20T07:01:11.243757+00:00,2026-09-20T07:01:11.243757+00:00,YItOkNjS4OY,So Okay. And and energy is important cuz,new,,,20260919_235645_YT001,20260919_235645_YT001
some not very,some not very,person_or_named_entity,2,1,1,0,2026-09-20T07:01:11.243757+00:00,2026-09-20T07:01:11.243757+00:00,MGnJEb4sXwM,a mass vessel surge through the Hormuz to break the blockade with some not very,new,,,20260919_235645_YT001,20260919_235645_YT001
someone,Someone,named_entity,2,1,1,0,2026-09-20T07:01:11.243757+00:00,2026-09-20T07:01:11.243757+00:00,SAT9VaizQiY,Someone just also asked in the chat,new,,,20260919_235645_YT001,20260919_235645_YT001
south dakota denny sanford,South Dakota. Denny Sanford,person_or_named_entity,2,1,1,0,2026-09-20T07:01:11.243757+00:00,2026-09-20T07:01:11.243757+00:00,vR-o6IGspmU,They're not a small business. They're not based in South Dakota. Denny Sanford,new,,,20260919_235645_YT001,20260919_235645_YT001
south dakota so,South Dakota. So,person_or_named_entity,2,1,1,0,2026-09-20T07:01:11.243757+00:00,2026-09-20T07:01:11.243757+00:00,vR-o6IGspmU,"uncommon. I mean, we see this in South Dakota. So just because they're passing",new,,,20260919_235645_YT001,20260919_235645_YT001
soviet,Soviet,named_entity,2,1,1,0,2026-09-20T07:01:11.243757+00:00,2026-09-20T07:01:11.243757+00:00,tK4hyAbE3rw,how culture how Poland did manage to keep its culture alive during the Soviet,new,,,20260919_235645_YT001,20260919_235645_YT001
stefan,Stefan,named_entity,2,1,1,0,2026-09-20T07:01:11.243757+00:00,2026-09-20T07:01:11.243757+00:00,RRdQPuFQCik,>> Mhm. >> And you've got you've got Stefan,new,,,20260919_235645_YT001,20260919_235645_YT001
stephen,Stephen,named_entity,2,1,1,0,2026-09-20T07:01:11.243757+00:00,2026-09-20T07:01:11.243757+00:00,j4rItIYZV_o,I'm I'm standing on the shoulders of a giant here by the name of Stephen,new,,,20260919_235645_YT001,20260919_235645_YT001
stickers at halloween you just,stickers at Halloween. You just,person_or_named_entity,2,1,1,0,2026-09-20T07:01:11.243757+00:00,2026-09-20T07:01:11.243757+00:00,vR-o6IGspmU,give out stickers at Halloween. Dollars with stickers at Halloween. You just,new,,,20260919_235645_YT001,20260919_235645_YT001
still in venezuela,still in Venezuela,organization,2,1,1,0,2026-09-20T07:01:11.243757+00:00,2026-09-20T07:01:11.243757+00:00,YItOkNjS4OY,amazing cuz Chevron was the one oil company still in Venezuela.,new,,,20260919_235645_YT001,20260919_235645_YT001
street,Street,named_entity,2,1,1,0,2026-09-20T06:45:40.991711+00:00,2026-09-20T06:45:40.991711+00:00,p0jPh9KrCgc,Street and,new,,,20260919_234459_YT001,20260919_234459_YT001
street journal,Street Journal,person_or_named_entity,2,1,1,0,2026-09-20T07:01:11.243757+00:00,2026-09-20T07:01:11.243757+00:00,6Mg0q_IyWgY,Street Journal and the New York Times.,new,,,20260919_235645_YT001,20260919_235645_YT001
sugar on,sugar on,person_or_named_entity,2,1,1,0,2026-09-20T07:01:11.243757+00:00,2026-09-20T07:01:11.243757+00:00,vR-o6IGspmU,>> and tell you this is the most clever way to not poison kids with sugar on,new,,,20260919_235645_YT001,20260919_235645_YT001
supply,Supply,named_entity,2,1,1,0,2026-09-20T07:01:11.243757+00:00,2026-09-20T07:01:11.243757+00:00,OfkOHFgjZek,Supply chain disruptions are now at the,new,,,20260919_235645_YT001,20260919_235645_YT001
supreme court,Supreme Court,person_or_named_entity,2,1,1,0,2026-09-20T07:01:11.243757+00:00,2026-09-20T07:01:11.243757+00:00,-YPhdbbhvv4,Supreme Court 6-3 ruling,new,,,20260919_235645_YT001,20260919_235645_YT001
swift,Swift,product,2,1,1,0,2026-09-20T07:01:11.243757+00:00,2026-09-20T07:01:11.243757+00:00,MaTz-usR3uo,competition between the Chinese and Russian payment system and the Swift,new,,,20260919_235645_YT001,20260919_235645_YT001
table it,Table. It,person_or_named_entity,2,1,1,0,2026-09-20T07:01:11.243757+00:00,2026-09-20T07:01:11.243757+00:00,ChdoKKB48CU,Table. It was run by Lord Alfred Milner.,new,,,20260919_235645_YT001,20260919_235645_YT001
tariffs and a variety of,tariffs and a variety of,person_or_named_entity,2,1,1,0,2026-09-20T07:01:11.243757+00:00,2026-09-20T07:01:11.243757+00:00,MztMjj6LxXk,"make it in you know, given what's happening with tariffs and a variety of",new,,,20260919_235645_YT001,20260919_235645_YT001
tarpley,Tarpley,named_entity,2,1,1,0,2026-09-20T07:01:11.243757+00:00,2026-09-20T07:01:11.243757+00:00,RRPA9FVZ2Ds,Tarpley is absolutely,new,,,20260919_235645_YT001,20260919_235645_YT001
tarquin and um,Tarquin and um,person_or_named_entity,2,1,1,0,2026-09-20T07:01:11.243757+00:00,2026-09-20T07:01:11.243757+00:00,LCbpnzlLKg8,described sort of Shakespeare illustrating with Tarquin and um,new,,,20260919_235645_YT001,20260919_235645_YT001
team didn t want signatures,team didn't want signatures,organization,2,1,1,0,2026-09-20T07:01:11.243757+00:00,2026-09-20T07:01:11.243757+00:00,vR-o6IGspmU,downright rude. Um the whole organization team didn't want signatures,new,,,20260919_235645_YT001,20260919_235645_YT001
tech giants,tech giants,person_or_named_entity,2,1,1,0,2026-09-20T07:01:11.243757+00:00,2026-09-20T07:01:11.243757+00:00,raxt96y9XFQ,on American technology giant. >> This has nothing to do with tech giants.,new,,,20260919_235645_YT001,20260919_235645_YT001
tesla s wireless power,Tesla's wireless power,product,2,1,1,0,2026-09-20T07:01:11.243757+00:00,2026-09-20T07:01:11.243757+00:00,oGWf3g8iYLA,that we had that kind of system of energy with Tesla's wireless power,new,,,20260919_235645_YT001,20260919_235645_YT001
that all,that all,product,2,1,1,0,2026-09-20T07:01:11.243757+00:00,2026-09-20T07:01:11.243757+00:00,RRPA9FVZ2Ds,Because you also write in the book that all,new,,,20260919_235645_YT001,20260919_235645_YT001
that and,that and,person_or_named_entity,2,1,1,0,2026-09-20T07:01:11.243757+00:00,2026-09-20T07:01:11.243757+00:00,mq7GSzwaGBw,>> Right? >> Now there's challenges with that and,new,,,20260919_235645_YT001,20260919_235645_YT001
that and so we,that and so we,person_or_named_entity,2,1,1,0,2026-09-20T07:01:11.243757+00:00,2026-09-20T07:01:11.243757+00:00,mq7GSzwaGBw,our plan? Because the last time I spent 11 years dealing with that and so we,new,,,20260919_235645_YT001,20260919_235645_YT001
that attack on a,that attack on a,person_or_named_entity,2,1,1,0,2026-09-20T07:01:11.243757+00:00,2026-09-20T07:01:11.243757+00:00,9Td1lcX-Cno,uh the 2000s with that attack on a,new,,,20260919_235645_YT001,20260919_235645_YT001
that excess power so why,that excess power so why,person_or_named_entity,2,1,1,0,2026-09-20T07:01:11.243757+00:00,2026-09-20T07:01:11.243757+00:00,oGWf3g8iYLA,because they are going to have to do something with that excess power so why,new,,,20260919_235645_YT001,20260919_235645_YT001
that helps,that helps,organization,2,1,1,0,2026-09-20T07:01:11.243757+00:00,2026-09-20T07:01:11.243757+00:00,mq7GSzwaGBw,program where sometimes we may hand to our sister organization that helps,new,,,20260919_235645_YT001,20260919_235645_YT001
that is,that is,person_or_named_entity,2,1,1,0,2026-09-20T07:01:11.243757+00:00,2026-09-20T07:01:11.243757+00:00,eyItREqSFvA,"to deal with that. So, and one of the ways we have to deal with that is",new,,,20260919_235645_YT001,20260919_235645_YT001
that knows it,that knows it,organization,2,1,1,0,2026-09-20T07:01:11.243757+00:00,2026-09-20T07:01:11.243757+00:00,mq7GSzwaGBw,>> our market is companies organizations countries any organization that knows it,new,,,20260919_235645_YT001,20260919_235645_YT001
that language,that language,person_or_named_entity,2,1,1,0,2026-09-20T07:01:11.243757+00:00,2026-09-20T07:01:11.243757+00:00,WET6BjpHGkc,I have a huge problem with that language.,new,,,20260919_235645_YT001,20260919_235645_YT001
that led,that led,organization,2,1,1,0,2026-09-20T07:01:11.243757+00:00,2026-09-20T07:01:11.243757+00:00,mq7GSzwaGBw,company that led to open teams into the,new,,,20260919_235645_YT001,20260919_235645_YT001
that organizes,that organizes,organization,2,1,1,0,2026-09-20T07:01:11.243757+00:00,2026-09-20T07:01:11.243757+00:00,mq7GSzwaGBw,studio. The venture studio is a venture. It's just a a company that organizes,new,,,20260919_235645_YT001,20260919_235645_YT001
that that changed the,that that changed the,person_or_named_entity,2,1,1,0,2026-09-20T07:01:11.243757+00:00,2026-09-20T07:01:11.243757+00:00,W4aWp1dC5ZU,And I had another bill right back-to-back with that that changed the,new,,,20260919_235645_YT001,20260919_235645_YT001
that uses,that uses,organization,2,1,1,0,2026-09-20T07:01:11.243757+00:00,2026-09-20T07:01:11.243757+00:00,WET6BjpHGkc,"You pick up any dictionary, a terrorist is a person or organization that uses",new,,,20260919_235645_YT001,20260919_235645_YT001
that you take the,that you take the,organization,2,1,1,0,2026-09-20T07:01:11.243757+00:00,2026-09-20T07:01:11.243757+00:00,mq7GSzwaGBw,yourself is going to some larger organization that you take the,new,,,20260919_235645_YT001,20260919_235645_YT001
that s south dakota,That's South Dakota,person_or_named_entity,2,1,1,0,2026-09-20T07:01:11.243757+00:00,2026-09-20T07:01:11.243757+00:00,vR-o6IGspmU,"Unfortunately, we got cancelled again because of weather. That's South Dakota.",new,,,20260919_235645_YT001,20260919_235645_YT001
the conduct of the,the conduct of the,person_or_named_entity,2,1,1,0,2026-09-20T07:01:11.243757+00:00,2026-09-20T07:01:11.243757+00:00,MGnJEb4sXwM,facilitate the insider trading. It has nothing to do with the conduct of the,new,,,20260919_235645_YT001,20260919_235645_YT001
the dissection of poland,the dissection of Poland,person_or_named_entity,2,1,1,0,2026-09-20T07:01:11.243757+00:00,2026-09-20T07:01:11.243757+00:00,ChdoKKB48CU,And that was that took place in 1772 uh with the dissection of Poland.,new,,,20260919_235645_YT001,20260919_235645_YT001
the dollar,the dollar,person_or_named_entity,2,1,1,0,2026-09-20T07:01:11.243757+00:00,2026-09-20T07:01:11.243757+00:00,vR-o6IGspmU,"circulated with the quarters, but it does get circulated with the dollar",new,,,20260919_235645_YT001,20260919_235645_YT001
the goldsmith in the city,the goldsmith in the city,person_or_named_entity,2,1,1,0,2026-09-20T07:01:11.243757+00:00,2026-09-20T07:01:11.243757+00:00,KKxQfBk1zBY,"comes the payment. Well, I've got my gold with the goldsmith in the city.",new,,,20260919_235645_YT001,20260919_235645_YT001
the goldsmith i need,the goldsmith. I need,person_or_named_entity,2,1,1,0,2026-09-20T07:01:11.243757+00:00,2026-09-20T07:01:11.243757+00:00,KKxQfBk1zBY,they've got all the gold. Where's the money? It's with the goldsmith. I need,new,,,20260919_235645_YT001,20260919_235645_YT001
the government is easily,the government is easily,government,2,1,1,0,2026-09-20T07:01:11.243757+00:00,2026-09-20T07:01:11.243757+00:00,Oxk8BAFUdBE,Poles did and how they addressed their problems with the government is easily,new,,,20260919_235645_YT001,20260919_235645_YT001
the house,The House,person_or_named_entity,2,1,1,0,2026-09-20T07:01:11.243757+00:00,2026-09-20T07:01:11.243757+00:00,MaTz-usR3uo,"that usually publishes on health care, but they wrote one called The House",new,,,20260919_235645_YT001,20260919_235645_YT001
the maker of the tv,the maker of the TV,person_or_named_entity,2,1,1,0,2026-09-20T07:01:11.243757+00:00,2026-09-20T07:01:11.243757+00:00,r7POfIOIJd8,videos that I shoot on my phone are now being shared with the maker of the TV.,new,,,20260919_235645_YT001,20260919_235645_YT001
the panopticon,the Panopticon,person_or_named_entity,2,1,1,0,2026-09-20T07:01:11.243757+00:00,2026-09-20T07:01:11.243757+00:00,LTWifAkVVDg,"their financial side is not as strong as it was, particularly with the Panopticon",new,,,20260919_235645_YT001,20260919_235645_YT001
the python documentary it,the Python documentary. It,product,2,1,1,0,2026-09-20T07:01:11.243757+00:00,2026-09-20T07:01:11.243757+00:00,mq7GSzwaGBw,">> Oh, really? What's it called? >> It's called the Python documentary. It",new,,,20260919_235645_YT001,20260919_235645_YT001
the right skills can,the right skills can,person_or_named_entity,2,1,1,0,2026-09-20T07:01:11.243757+00:00,2026-09-20T07:01:11.243757+00:00,mq7GSzwaGBw,"companies controlling AI development, anyone with the right skills can",new,,,20260919_235645_YT001,20260919_235645_YT001
the round,the Round,person_or_named_entity,2,1,1,0,2026-09-20T07:01:11.243757+00:00,2026-09-20T07:01:11.243757+00:00,ChdoKKB48CU,directly. They It set up what was called the Round,new,,,20260919_235645_YT001,20260919_235645_YT001
the three of,the three of,person_or_named_entity,2,1,1,0,2026-09-20T07:01:11.243757+00:00,2026-09-20T07:01:11.243757+00:00,vR-o6IGspmU,conservatives. I guess at least that would probably align with the three of,new,,,20260919_235645_YT001,20260919_235645_YT001
the uae,the UAE,person_or_named_entity,2,1,1,0,2026-09-20T07:01:11.243757+00:00,2026-09-20T07:01:11.243757+00:00,MGnJEb4sXwM,available uh uh to them. Uh what you saw with the UAE,new,,,20260919_235645_YT001,20260919_235645_YT001
the uh economic,the uh economic,person_or_named_entity,2,1,1,0,2026-09-20T07:01:11.243757+00:00,2026-09-20T07:01:11.243757+00:00,j4rItIYZV_o,They're not delivering in a way that's consistent with the uh economic,new,,,20260919_235645_YT001,20260919_235645_YT001
the united states was,the United States was,person_or_named_entity,2,1,1,0,2026-09-20T07:01:11.243757+00:00,2026-09-20T07:01:11.243757+00:00,MGnJEb4sXwM,What was happening was that the UAE together with the United States was,new,,,20260919_235645_YT001,20260919_235645_YT001
the us conference of,the US Conference of,event,2,1,1,0,2026-09-20T07:01:11.243757+00:00,2026-09-20T07:01:11.243757+00:00,87SJi_DDbt4,population. They were joined by the US Conference of,new,,,20260919_235645_YT001,20260919_235645_YT001
the us like suddenly,the US like suddenly,person_or_named_entity,2,1,1,0,2026-09-20T07:01:11.243757+00:00,2026-09-20T07:01:11.243757+00:00,LTWifAkVVDg,if there was a straw that broke the camel's back with the US like suddenly,new,,,20260919_235645_YT001,20260919_235645_YT001
the whole,the whole,person_or_named_entity,2,1,1,0,2026-09-20T07:01:11.243757+00:00,2026-09-20T07:01:11.243757+00:00,vR-o6IGspmU,"on didn't talk about Buffalo, but I I knew I lost my cool with the whole",new,,,20260919_235645_YT001,20260919_235645_YT001
the world on the flip,the world. On the flip,person_or_named_entity,2,1,1,0,2026-09-20T07:01:11.243757+00:00,2026-09-20T07:01:11.243757+00:00,mq7GSzwaGBw,"like GitHub, where developers share their work with the world. On the flip",new,,,20260919_235645_YT001,20260919_235645_YT001
their state,their state,person_or_named_entity,2,1,1,0,2026-09-20T07:01:11.243757+00:00,2026-09-20T07:01:11.243757+00:00,W4aWp1dC5ZU,">> So, would you suggest Bud that if someone has never met with their state",new,,,20260919_235645_YT001,20260919_235645_YT001
them and they won t,them and they won't,person_or_named_entity,2,1,1,0,2026-09-20T07:01:11.243757+00:00,2026-09-20T07:01:11.243757+00:00,qy_N0XOlApA,issue doesn't mean that you can't can't connect with them and they won't,new,,,20260919_235645_YT001,20260919_235645_YT001
them one by,them one by,person_or_named_entity,2,1,1,0,2026-09-20T07:01:11.243757+00:00,2026-09-20T07:01:11.243757+00:00,mD_aE7ZCMoo,"financial institutions and banks, and you've got to deal with them one by",new,,,20260919_235645_YT001,20260919_235645_YT001
them this horror,them this horror,media_show,2,1,1,0,2026-09-20T07:01:11.243757+00:00,2026-09-20T07:01:11.243757+00:00,vR-o6IGspmU,"like and it's only 15 minutes. So, I thought, let me show them this horror",new,,,20260919_235645_YT001,20260919_235645_YT001
them uh qualcomm um also,them. Uh Qualcomm um also,person_or_named_entity,2,1,1,0,2026-09-20T07:01:11.243757+00:00,2026-09-20T07:01:11.243757+00:00,mq7GSzwaGBw,using. So we're actually aligned in a league with them. Uh Qualcomm um also,new,,,20260919_235645_YT001,20260919_235645_YT001
this greater,this greater,person_or_named_entity,2,1,1,0,2026-09-20T07:01:11.243757+00:00,2026-09-20T07:01:11.243757+00:00,KiRtjIh2kjc,actually allowing us to to get into contact with this greater,new,,,20260919_235645_YT001,20260919_235645_YT001
this tsunami,this tsunami,person_or_named_entity,2,1,1,0,2026-09-20T07:01:11.243757+00:00,2026-09-20T07:01:11.243757+00:00,1q3O8KbUHfU,over the world trying to figure out how they're going to deal with this tsunami,new,,,20260919_235645_YT001,20260919_235645_YT001
this uh resolution so i,this uh resolution. So I,person_or_named_entity,2,1,1,0,2026-09-20T07:01:11.243757+00:00,2026-09-20T07:01:11.243757+00:00,vR-o6IGspmU,back next year. We'll be talking about cash again with this uh resolution. So I,new,,,20260919_235645_YT001,20260919_235645_YT001
those types of systems,those types of systems,person_or_named_entity,2,1,1,0,2026-09-20T07:01:11.243757+00:00,2026-09-20T07:01:11.243757+00:00,oGWf3g8iYLA,or what have you and wants to play around with those types of systems.,new,,,20260919_235645_YT001,20260919_235645_YT001
thoth,Thoth,named_entity,2,1,1,0,2026-09-20T07:01:11.243757+00:00,2026-09-20T07:01:11.243757+00:00,2FCT_uA2z5k,and Thoth whichever you preferred very,new,,,20260919_235645_YT001,20260919_235645_YT001
tim wu,Tim Wu,product,2,1,1,0,2026-09-20T07:01:11.243757+00:00,2026-09-20T07:01:11.243757+00:00,ilzuEH2Enr4,Tim Wu wrote a wonderful book and I,new,,,20260919_235645_YT001,20260919_235645_YT001
to have,to have,organization,2,1,1,0,2026-09-20T07:01:11.243757+00:00,2026-09-20T07:01:11.243757+00:00,mq7GSzwaGBw,>> right? But here's the other >> can allow one one organization to have,new,,,20260919_235645_YT001,20260919_235645_YT001
treasury secretary,Treasury Secretary,person_or_named_entity,2,1,1,0,2026-09-20T07:01:11.243757+00:00,2026-09-20T07:01:11.243757+00:00,MGnJEb4sXwM,but quietly they said all of those restrictions that Treasury Secretary,new,,,20260919_235645_YT001,20260919_235645_YT001
treasury but i believe,Treasury. But I believe,person_or_named_entity,2,1,1,0,2026-09-20T07:01:11.243757+00:00,2026-09-20T07:01:11.243757+00:00,MGnJEb4sXwM,me because the UAE is now trying to negotiate with Treasury. But I believe,new,,,20260919_235645_YT001,20260919_235645_YT001
two uh,two uh,person_or_named_entity,2,1,1,0,2026-09-20T06:45:40.991711+00:00,2026-09-20T06:45:40.991711+00:00,ZW6Lf7iQV3Q,by 4 to 5%. You can take that with two uh,new,,,20260919_234459_YT001,20260919_234459_YT001
uh iranian facilitation,uh Iranian facilitation,person_or_named_entity,2,1,1,0,2026-09-20T07:01:11.243757+00:00,2026-09-20T07:01:11.243757+00:00,MGnJEb4sXwM,every day. Chinese vessels have been passing um with uh Iranian facilitation,new,,,20260919_235645_YT001,20260919_235645_YT001
uh lines run becoming,Uh Lines Run Becoming,person_or_named_entity,2,1,1,0,2026-09-20T07:01:11.243757+00:00,2026-09-20T07:01:11.243757+00:00,MaTz-usR3uo,Uh Lines Run Becoming is the sub stack,new,,,20260919_235645_YT001,20260919_235645_YT001
uh pirate,uh Pirate,organization,2,1,1,0,2026-09-20T07:01:11.243757+00:00,2026-09-20T07:01:11.243757+00:00,vR-o6IGspmU,called Pirate Pirate Money and I believe has has some kind of company uh Pirate,new,,,20260919_235645_YT001,20260919_235645_YT001
uh probably,uh probably,event,2,1,1,0,2026-09-20T07:01:11.243757+00:00,2026-09-20T07:01:11.243757+00:00,Xu8_onfDCsQ,the the the shocker that I had I was at a regenerative ag conference uh probably,new,,,20260919_235645_YT001,20260919_235645_YT001
uh we,uh we,person_or_named_entity,2,1,1,0,2026-09-20T07:01:11.243757+00:00,2026-09-20T07:01:11.243757+00:00,mq7GSzwaGBw,"studying for years and years and years. And so, uh, it's I partner with uh we",new,,,20260919_235645_YT001,20260919_235645_YT001
um sanctioned tankers s,um sanctioned tankers. S,person_or_named_entity,2,1,1,0,2026-09-20T07:01:11.243757+00:00,2026-09-20T07:01:11.243757+00:00,MGnJEb4sXwM,France has been seizing Russian so-called um sanctioned tankers. S,new,,,20260919_235645_YT001,20260919_235645_YT001
um the master,um The Master,person_or_named_entity,2,1,1,0,2026-09-20T07:01:11.243757+00:00,2026-09-20T07:01:11.243757+00:00,ilzuEH2Enr4,think I asked you in the Netherlands if you'd read it. It's called um The Master,new,,,20260919_235645_YT001,20260919_235645_YT001
union,Union,named_entity,2,1,1,0,2026-09-20T07:01:11.243757+00:00,2026-09-20T07:01:11.243757+00:00,tK4hyAbE3rw,"Union period. You know, they came out of",new,,,20260919_235645_YT001,20260919_235645_YT001
university,University,named_entity,2,1,1,0,2026-09-20T07:01:11.243757+00:00,2026-09-20T07:01:11.243757+00:00,MGnJEb4sXwM,University briefly. So um so she knows,new,,,20260919_235645_YT001,20260919_235645_YT001
up on,up on,media_show,2,1,1,0,2026-09-20T07:01:11.243757+00:00,2026-09-20T07:01:11.243757+00:00,mq7GSzwaGBw,in the bowels of programming to write what they wanted and see it show up on,new,,,20260919_235645_YT001,20260919_235645_YT001
up with,up with,media_show,2,1,1,0,2026-09-20T07:01:11.243757+00:00,2026-09-20T07:01:11.243757+00:00,vR-o6IGspmU,"are."" And I said, ""Oh, well, no, you're not. So, I'm going to now show up with",new,,,20260919_235645_YT001,20260919_235645_YT001
up or their,up. Or their,media_show,2,1,1,0,2026-09-20T07:01:11.243757+00:00,2026-09-20T07:01:11.243757+00:00,JXo9mjpc2Wg,"have no power. And when I start to get upset, then the guards show up. Or their",new,,,20260919_235645_YT001,20260919_235645_YT001
us and understand the,us and understand the,person_or_named_entity,2,1,1,0,2026-09-20T07:01:11.243757+00:00,2026-09-20T07:01:11.243757+00:00,vR-o6IGspmU,bank are kind of more down to earth and more with us and understand the,new,,,20260919_235645_YT001,20260919_235645_YT001
us on,us on,organization,2,1,1,0,2026-09-20T07:01:11.243757+00:00,2026-09-20T07:01:11.243757+00:00,vR-o6IGspmU,we now have a network of people that we didn't have before that agree with us on,new,,,20260919_235645_YT001,20260919_235645_YT001
utopia for i think,Utopia for I think,person_or_named_entity,2,1,1,0,2026-09-20T07:01:11.243757+00:00,2026-09-20T07:01:11.243757+00:00,vR-o6IGspmU,about is about someone who went away from his city called Utopia for I think,new,,,20260919_235645_YT001,20260919_235645_YT001
valley just,Valley. Just,person_or_named_entity,2,1,1,0,2026-09-20T07:01:11.243757+00:00,2026-09-20T07:01:11.243757+00:00,vR-o6IGspmU,Valley. Just don't use them. Walk away.,new,,,20260919_235645_YT001,20260919_235645_YT001
war and,War. And,person_or_named_entity,2,1,1,0,2026-09-20T07:01:11.243757+00:00,2026-09-20T07:01:11.243757+00:00,eoeftpuyQXw,War. And uh the the German term is,new,,,20260919_235645_YT001,20260919_235645_YT001
was required,was required,organization,2,1,1,0,2026-09-20T06:45:40.991711+00:00,2026-09-20T06:45:40.991711+00:00,RD8gcj5aP74,>> [clears throat] >> section of the organization was required,new,,,20260919_234459_YT001,20260919_234459_YT001
webster,Webster,named_entity,2,1,1,0,2026-09-20T07:01:11.243757+00:00,2026-09-20T07:01:11.243757+00:00,RRPA9FVZ2Ds,participating in exercises. And I think Webster,new,,,20260919_235645_YT001,20260919_235645_YT001
what is happening,what is happening,person_or_named_entity,2,1,1,0,2026-09-20T07:01:11.243757+00:00,2026-09-20T07:01:11.243757+00:00,MGnJEb4sXwM,What is the the oligarchs and the dollar syndicates goal with what is happening,new,,,20260919_235645_YT001,20260919_235645_YT001
what you have just,what you have just,person_or_named_entity,2,1,1,0,2026-09-20T07:01:11.243757+00:00,2026-09-20T07:01:11.243757+00:00,MGnJEb4sXwM,and to Europe I mean you know we're just not competitive with what you have just,new,,,20260919_235645_YT001,20260919_235645_YT001
what you re doing,what you're doing,person_or_named_entity,2,1,1,0,2026-09-20T07:01:11.243757+00:00,2026-09-20T07:01:11.243757+00:00,YItOkNjS4OY,this is creating a global energy scarcity not just with what you're doing,new,,,20260919_235645_YT001,20260919_235645_YT001
what s happening in the middle,what's happening in the Middle,person_or_named_entity,2,1,1,0,2026-09-20T07:01:11.243757+00:00,2026-09-20T07:01:11.243757+00:00,MGnJEb4sXwM,>> [snorts] >> um with what's happening in the Middle,new,,,20260919_235645_YT001,20260919_235645_YT001
with meta we partner,with Meta. We partner,person_or_named_entity,2,1,1,0,2026-09-20T07:01:11.243757+00:00,2026-09-20T07:01:11.243757+00:00,mq7GSzwaGBw,partner with with Meta. We partner with,new,,,20260919_235645_YT001,20260919_235645_YT001
with trump is making us,with Trump is making us,media_show,2,1,1,0,2026-09-20T07:01:11.243757+00:00,2026-09-20T07:01:11.243757+00:00,SkLWbV2A-aI,the US is doing very good. And the howdy-doody show with Trump is making us,new,,,20260919_235645_YT001,20260919_235645_YT001
wizard,Wizard,named_entity,2,1,1,0,2026-09-20T07:01:11.243757+00:00,2026-09-20T07:01:11.243757+00:00,mq7GSzwaGBw,Wizard where you could map out all the,new,,,20260919_235645_YT001,20260919_235645_YT001
wood,Wood,named_entity,2,1,1,0,2026-09-20T07:01:11.243757+00:00,2026-09-20T07:01:11.243757+00:00,m50hk1fyOYs,Wood or the national NIST,new,,,20260919_235645_YT001,20260919_235645_YT001
work certificates,work certificates,person_or_named_entity,2,1,1,0,2026-09-20T07:01:11.243757+00:00,2026-09-20T07:01:11.243757+00:00,mq7GSzwaGBw,called work certificates,new,,,20260919_235645_YT001,20260919_235645_YT001
you and then,you and then,person_or_named_entity,2,1,1,0,2026-09-20T07:01:11.243757+00:00,2026-09-20T07:01:11.243757+00:00,qy_N0XOlApA,"be on board with you, be educated and and and it and agrees with you and then",new,,,20260919_235645_YT001,20260919_235645_YT001
you the,you the,media_show,2,1,1,0,2026-09-20T07:01:11.243757+00:00,2026-09-20T07:01:11.243757+00:00,9Td1lcX-Cno,"including you discussing this about channel wars. So, let me show you the",new,,,20260919_235645_YT001,20260919_235645_YT001
your ai,your AI,person_or_named_entity,2,1,1,0,2026-09-20T07:01:11.243757+00:00,2026-09-20T07:01:11.243757+00:00,mq7GSzwaGBw,>> so if you're >> so you need to couple that with your AI,new,,,20260919_235645_YT001,20260919_235645_YT001
your assistant ai by your,your assistant AI by your,person_or_named_entity,2,1,1,0,2026-09-20T07:01:11.243757+00:00,2026-09-20T07:01:11.243757+00:00,mq7GSzwaGBw,"knowledge to understand."" Well, guess what? With your assistant AI by your",new,,,20260919_235645_YT001,20260919_235645_YT001
your stuff i,your stuff. I,person_or_named_entity,2,1,1,0,2026-09-20T07:01:11.243757+00:00,2026-09-20T07:01:11.243757+00:00,mq7GSzwaGBw,>> I don't know. It depends on what you mean by interfering with your stuff. I,new,,,20260919_235645_YT001,20260919_235645_YT001
yuan coming,yuan coming,person_or_named_entity,2,1,1,0,2026-09-20T07:01:11.243757+00:00,2026-09-20T07:01:11.243757+00:00,1q3O8KbUHfU,Bezos spinning away a mill with yuan coming,new,,,20260919_235645_YT001,20260919_235645_YT001
zionism,Zionism,named_entity,2,1,1,0,2026-09-20T07:01:11.243757+00:00,2026-09-20T07:01:11.243757+00:00,SOADMgNpZr0,seeing something like that already happening with Zionism.,new,,,20260919_235645_YT001,20260919_235645_YT001
15 years ago,15 years ago,product,1,1,1,0,2026-09-20T07:01:11.243757+00:00,2026-09-20T07:01:11.243757+00:00,aQYwmh0gCQo,Jacuzzi reading George Friedman's book 15 years ago about space warfare and how,new,,,20260919_235645_YT001,20260919_235645_YT001
67 car washes across the midwest,67 car washes across the Midwest,named_entity,1,1,1,0,2026-09-20T07:01:11.243757+00:00,2026-09-20T07:01:11.243757+00:00,vR-o6IGspmU,of Atlanta with 67 car washes across the Midwest. There's four more here. I'm not,new,,,20260919_235645_YT001,20260919_235645_YT001
a a brilliant formula,a a brilliant formula,person_or_named_entity,1,1,1,0,2026-09-20T07:01:11.243757+00:00,2026-09-20T07:01:11.243757+00:00,SR4Myof7g0Q,"Elza, other than they came up with a a brilliant formula, a a brilliant basic",new,,,20260919_235645_YT001,20260919_235645_YT001
a a very very um,a a very very um,person_or_named_entity,1,1,1,0,2026-09-20T07:01:11.243757+00:00,2026-09-20T07:01:11.243757+00:00,SR4Myof7g0Q,up with a a very very um,new,,,20260919_235645_YT001,20260919_235645_YT001
a an account at this bank,a an account at this bank,named_entity,1,1,1,0,2026-09-20T07:01:11.243757+00:00,2026-09-20T07:01:11.243757+00:00,vR-o6IGspmU,only one in our family with a an account at this bank. But I thought that was,new,,,20260919_235645_YT001,20260919_235645_YT001
a better message or a better,a better message or a better,named_entity,1,1,1,0,2026-09-20T07:01:11.243757+00:00,2026-09-20T07:01:11.243757+00:00,vR-o6IGspmU,"to come up with a better message or a better way of communicating. So, one of",new,,,20260919_235645_YT001,20260919_235645_YT001
a bitcoin mining operation it failed,a Bitcoin mining operation. It failed,named_entity,1,1,1,0,2026-09-20T07:01:11.243757+00:00,2026-09-20T07:01:11.243757+00:00,vR-o6IGspmU,legislator with a Bitcoin mining operation. It failed uh last year the,new,,,20260919_235645_YT001,20260919_235645_YT001
a cash sticker on the back,a cash sticker on the back,named_entity,1,1,1,0,2026-09-20T07:01:11.243757+00:00,2026-09-20T07:01:11.243757+00:00,vR-o6IGspmU,dollar bills in my wallet with a cash sticker on the back. If people ask me,new,,,20260919_235645_YT001,20260919_235645_YT001
a cell phone tower now the,a cell phone tower. Now the,named_entity,1,1,1,0,2026-09-20T07:01:11.243757+00:00,2026-09-20T07:01:11.243757+00:00,vR-o6IGspmU,the signatures just like we did with a cell phone tower. Now the problem was,new,,,20260919_235645_YT001,20260919_235645_YT001
a closed system of of energy,a closed system of of energy,product,1,1,1,0,2026-09-20T07:01:11.243757+00:00,2026-09-20T07:01:11.243757+00:00,oGWf3g8iYLA,"with a closed system of of energy, in other words, you're you're",new,,,20260919_235645_YT001,20260919_235645_YT001
a dementia diagnosis on these awful,a dementia diagnosis on these awful,named_entity,1,1,1,0,2026-09-20T07:01:11.243757+00:00,2026-09-20T07:01:11.243757+00:00,C-nY_mj1XtE,going to end up with a dementia diagnosis on these awful medications.,new,,,20260919_235645_YT001,20260919_235645_YT001
a deposit,a deposit,person_or_named_entity,1,1,1,0,2026-09-20T07:01:11.243757+00:00,2026-09-20T07:01:11.243757+00:00,KKxQfBk1zBY,And leaves the goldsmith with a deposit,new,,,20260919_235645_YT001,20260919_235645_YT001
a deposit receipt claiming he s deposited,a deposit receipt claiming he's deposited,named_entity,1,1,1,0,2026-09-20T07:01:11.243757+00:00,2026-09-20T07:01:11.243757+00:00,KKxQfBk1zBY,And leaves the goldsmith with a deposit receipt claiming he's deposited a gold.,new,,,20260919_235645_YT001,20260919_235645_YT001
a deposit receipt that s fine yeah,a deposit receipt. That's fine. Yeah,named_entity,1,1,1,0,2026-09-20T07:01:11.243757+00:00,2026-09-20T07:01:11.243757+00:00,KKxQfBk1zBY,"can pay anyone with a deposit receipt. That's fine. Yeah, I'll deposit it with",new,,,20260919_235645_YT001,20260919_235645_YT001
a disability so the people,a disability. So the people,person_or_named_entity,1,1,1,0,2026-09-20T07:01:11.243757+00:00,2026-09-20T07:01:11.243757+00:00,vR-o6IGspmU,"people, minorities, and people with a disability. So the people that you're",new,,,20260919_235645_YT001,20260919_235645_YT001
a few guards while my friends,a few guards while my friends,named_entity,1,1,1,0,2026-09-20T07:01:11.243757+00:00,2026-09-20T07:01:11.243757+00:00,JXo9mjpc2Wg,"um, put on my scrubs and flirted with a few guards while my friends ran in with",new,,,20260919_235645_YT001,20260919_235645_YT001
a friend in front of a,a friend in front of a,named_entity,1,1,1,0,2026-09-20T07:01:11.243757+00:00,2026-09-20T07:01:11.243757+00:00,vR-o6IGspmU,"signatures outside with a friend in front of a hockey game, and our pens",new,,,20260919_235645_YT001,20260919_235645_YT001
a goldsmith,a goldsmith,person_or_named_entity,1,1,1,0,2026-09-20T07:01:11.243757+00:00,2026-09-20T07:01:11.243757+00:00,KKxQfBk1zBY,contract. Supposed to be deposited with a goldsmith.,new,,,20260919_235645_YT001,20260919_235645_YT001
a kind of agatha christie murder,a kind of Agatha Christie murder,named_entity,1,1,1,0,2026-09-20T07:01:11.243757+00:00,2026-09-20T07:01:11.243757+00:00,m50hk1fyOYs,is you're dealing with a kind of Agatha Christie murder on the Orient Express,new,,,20260919_235645_YT001,20260919_235645_YT001
a little bit of header,a little bit of header,person_or_named_entity,1,1,1,0,2026-09-20T07:01:11.243757+00:00,2026-09-20T07:01:11.243757+00:00,mq7GSzwaGBw,thing. It's an it's a markdown file with a little bit of header that tells who,new,,,20260919_235645_YT001,20260919_235645_YT001
a measure of drama,a measure of drama,person_or_named_entity,1,1,1,0,2026-09-20T07:01:11.243757+00:00,2026-09-20T07:01:11.243757+00:00,6Mg0q_IyWgY,it suddenly invest their lives with a measure of drama.,new,,,20260919_235645_YT001,20260919_235645_YT001
a program called work certificates,a program called work certificates,product,1,1,1,0,2026-09-20T07:01:11.243757+00:00,2026-09-20T07:01:11.243757+00:00,mq7GSzwaGBw,"And so, the mayor came up with a program called work certificates",new,,,20260919_235645_YT001,20260919_235645_YT001
a syupancy,a syupancy,person_or_named_entity,1,1,1,0,2026-09-20T07:01:11.243757+00:00,2026-09-20T07:01:11.243757+00:00,mq7GSzwaGBw,"can make that worse. Couple that with a syupancy, the idea of AI just feeding",new,,,20260919_235645_YT001,20260919_235645_YT001
a totalitarian state,a totalitarian state,person_or_named_entity,1,1,1,0,2026-09-20T07:01:11.243757+00:00,2026-09-20T07:01:11.243757+00:00,Oxk8BAFUdBE,"Poland's case, you're dealing with a totalitarian state.",new,,,20260919_235645_YT001,20260919_235645_YT001
a very large caveat,a very large caveat,person_or_named_entity,1,1,1,0,2026-09-20T07:01:11.243757+00:00,2026-09-20T07:01:11.243757+00:00,Oxk8BAFUdBE,with a very large caveat.,new,,,20260919_235645_YT001,20260919_235645_YT001
a very large caveat uh,a very large caveat. Uh,person_or_named_entity,1,1,1,0,2026-09-20T07:01:11.243757+00:00,2026-09-20T07:01:11.243757+00:00,Oxk8BAFUdBE,with a very large caveat. Uh and that would be that in Poland's,new,,,20260919_235645_YT001,20260919_235645_YT001
a very special person,a very special person,person_or_named_entity,1,1,1,0,2026-09-20T07:01:11.243757+00:00,2026-09-20T07:01:11.243757+00:00,mq7GSzwaGBw,"an amazing time and I'm joined by a very special person, Travis Olivon, who came",new,,,20260919_235645_YT001,20260919_235645_YT001
a with a very large caveat,a with a very large caveat,named_entity,1,1,1,0,2026-09-20T07:01:11.243757+00:00,2026-09-20T07:01:11.243757+00:00,Oxk8BAFUdBE,">> Well, yes, but with a with a very large caveat.",new,,,20260919_235645_YT001,20260919_235645_YT001
a wonderful group of the leader,a wonderful group of the leader,organization,1,1,1,0,2026-09-20T07:01:11.243757+00:00,2026-09-20T07:01:11.243757+00:00,mq7GSzwaGBw,>> Oh. Oh. and we're working with a wonderful group of the leader of our,new,,,20260919_235645_YT001,20260919_235645_YT001
access to the american deep state,access to the American deep state,named_entity,1,1,1,0,2026-09-20T07:01:11.243757+00:00,2026-09-20T07:01:11.243757+00:00,m50hk1fyOYs,point with access to the American deep state would have been using familiar,new,,,20260919_235645_YT001,20260919_235645_YT001
after i left the administration,after I left the administration,government,1,1,1,0,2026-09-20T07:01:11.243757+00:00,2026-09-20T07:01:11.243757+00:00,mq7GSzwaGBw,"my first company after I left the administration,",new,,,20260919_235645_YT001,20260919_235645_YT001
agatha christie,Agatha Christie,person_or_named_entity,1,1,1,0,2026-09-20T07:01:11.243757+00:00,2026-09-20T07:01:11.243757+00:00,m50hk1fyOYs,is you're dealing with a kind of Agatha Christie murder on the Orient Express,new,,,20260919_235645_YT001,20260919_235645_YT001
ai now you can actually just,AI now you can actually just,named_entity,1,1,1,0,2026-09-20T07:01:11.243757+00:00,2026-09-20T07:01:11.243757+00:00,mq7GSzwaGBw,"experts. Well, with AI now you can actually just write English. All of a",new,,,20260919_235645_YT001,20260919_235645_YT001
ai psychosis actually,AI psychosis actually,person_or_named_entity,1,1,1,0,2026-09-20T07:01:11.243757+00:00,2026-09-20T07:01:11.243757+00:00,mq7GSzwaGBw,"Otherwise, you end up with AI psychosis actually, which is a thing. I've seen",new,,,20260919_235645_YT001,20260919_235645_YT001
ai adjacent um,AI-adjacent. Um,person_or_named_entity,1,1,1,0,2026-09-20T07:01:11.243757+00:00,2026-09-20T07:01:11.243757+00:00,wfpVe_F_0UE,">> 45% of the S&P 500 is AI or AI-adjacent. Um the market cap of Nvidia,",new,,,20260919_235645_YT001,20260919_235645_YT001
alcoa and i m i m,Alcoa. And I'm I'm,person_or_named_entity,1,1,1,0,2026-09-20T07:01:11.243757+00:00,2026-09-20T07:01:11.243757+00:00,OnEOcaUnBg0,the board chose him to run Alcoa. And I'm I'm going to shorten the story just,new,,,20260919_235645_YT001,20260919_235645_YT001
all of his hands on all,all of his hands on all,named_entity,1,1,1,0,2026-09-20T07:01:11.243757+00:00,2026-09-20T07:01:11.243757+00:00,RRdQPuFQCik,"Jaruzelski there in Warsaw with all of his hands on all the levers of power,",new,,,20260919_235645_YT001,20260919_235645_YT001
all of the answers,all of the answers,person_or_named_entity,1,1,1,0,2026-09-20T07:01:11.243757+00:00,2026-09-20T07:01:11.243757+00:00,vR-o6IGspmU,did then is I created a handout with all of the answers that I got. And this is,new,,,20260919_235645_YT001,20260919_235645_YT001
all of these artificial intelligence data,all of these artificial intelligence data,named_entity,1,1,1,0,2026-09-20T07:01:11.243757+00:00,2026-09-20T07:01:11.243757+00:00,oGWf3g8iYLA,with all of these artificial intelligence data centers that they're,new,,,20260919_235645_YT001,20260919_235645_YT001
all sorts of different people,all sorts of different people,person_or_named_entity,1,1,1,0,2026-09-20T07:01:11.243757+00:00,2026-09-20T07:01:11.243757+00:00,vR-o6IGspmU,"camera, which is sharing data with all sorts of different people, uh, sees you",new,,,20260919_235645_YT001,20260919_235645_YT001
all the drills,all the drills,person_or_named_entity,1,1,1,0,2026-09-20T07:01:11.243757+00:00,2026-09-20T07:01:11.243757+00:00,m50hk1fyOYs,that it's clear from what happened with all the drills that were running,new,,,20260919_235645_YT001,20260919_235645_YT001
all the sort of normal reasons,all the sort of normal reasons,named_entity,1,1,1,0,2026-09-20T07:01:11.243757+00:00,2026-09-20T07:01:11.243757+00:00,vR-o6IGspmU,"testified against the bill with all the sort of normal reasons and then I said,",new,,,20260919_235645_YT001,20260919_235645_YT001
always wins,Always Wins,person_or_named_entity,1,1,1,0,2026-09-20T07:01:11.243757+00:00,2026-09-20T07:01:11.243757+00:00,MaTz-usR3uo,Always Wins.,new,,,20260919_235645_YT001,20260919_235645_YT001
always wins and,Always Wins. And,person_or_named_entity,1,1,1,0,2026-09-20T07:01:11.243757+00:00,2026-09-20T07:01:11.243757+00:00,MaTz-usR3uo,"Always Wins. And it was talking about how you know,",new,,,20260919_235645_YT001,20260919_235645_YT001
america on these sanctions,America on these sanctions,person_or_named_entity,1,1,1,0,2026-09-20T07:01:11.243757+00:00,2026-09-20T07:01:11.243757+00:00,MGnJEb4sXwM,to cooperate with America on these sanctions.,new,,,20260919_235645_YT001,20260919_235645_YT001
amsterdam um,Amsterdam. Um,person_or_named_entity,1,1,1,0,2026-09-20T07:01:11.243757+00:00,2026-09-20T07:01:11.243757+00:00,tUE5vpNZDtU,Civil War was financed out of Amsterdam. Um the Jacobite war was financed uh also,new,,,20260919_235645_YT001,20260919_235645_YT001
an act,an act,person_or_named_entity,1,1,1,0,2026-09-20T07:01:11.243757+00:00,2026-09-20T07:01:11.243757+00:00,0X0H0jcnelU,It started with an act,new,,,20260919_235645_YT001,20260919_235645_YT001
an act of defiance,an act of defiance,person_or_named_entity,1,1,1,0,2026-09-20T07:01:11.243757+00:00,2026-09-20T07:01:11.243757+00:00,0X0H0jcnelU,It started with an act of defiance,new,,,20260919_235645_YT001,20260919_235645_YT001
an american,an American,person_or_named_entity,1,1,1,0,2026-09-20T07:01:11.243757+00:00,2026-09-20T07:01:11.243757+00:00,SOADMgNpZr0,There's now a website an American,new,,,20260919_235645_YT001,20260919_235645_YT001
an american website,an American website,person_or_named_entity,1,1,1,0,2026-09-20T07:01:11.243757+00:00,2026-09-20T07:01:11.243757+00:00,SOADMgNpZr0,There's now a website an American website where they're tracking,new,,,20260919_235645_YT001,20260919_235645_YT001
an escatological problem as much as,an escatological problem as much as,named_entity,1,1,1,0,2026-09-20T07:01:11.243757+00:00,2026-09-20T07:01:11.243757+00:00,MGnJEb4sXwM,We're dealing with an escatological problem as much as anything else. It's a,new,,,20260919_235645_YT001,20260919_235645_YT001
an increasingly totalitarian state,an increasingly totalitarian state,person_or_named_entity,1,1,1,0,2026-09-20T07:01:11.243757+00:00,2026-09-20T07:01:11.243757+00:00,Oxk8BAFUdBE,"is we're dealing not only with an increasingly totalitarian state,",new,,,20260919_235645_YT001,20260919_235645_YT001
an open source software called connect,an open- source software called connect,product,1,1,1,0,2026-09-20T07:01:11.243757+00:00,2026-09-20T07:01:11.243757+00:00,mq7GSzwaGBw,called an open- source software called connect which really doesn't do it. We,new,,,20260919_235645_YT001,20260919_235645_YT001
an output,an output,person_or_named_entity,1,1,1,0,2026-09-20T07:01:11.243757+00:00,2026-09-20T07:01:11.243757+00:00,mq7GSzwaGBw,just feed it inputs and I come up with an output. And the cool thing about AI,new,,,20260919_235645_YT001,20260919_235645_YT001
and destroyed all their data,and destroyed all their data,organization,1,1,1,0,2026-09-20T07:01:11.243757+00:00,2026-09-20T07:01:11.243757+00:00,mq7GSzwaGBw,AI who got let loose on the company and destroyed all their data.,new,,,20260919_235645_YT001,20260919_235645_YT001
and everybody gets fed,and everybody gets fed,media_show,1,1,1,0,2026-09-20T07:01:11.243757+00:00,2026-09-20T07:01:11.243757+00:00,Xu8_onfDCsQ,little TV table and and watch a show and everybody gets fed.,new,,,20260919_235645_YT001,20260919_235645_YT001
and i,and I,product,1,1,1,0,2026-09-20T07:01:11.243757+00:00,2026-09-20T07:01:11.243757+00:00,ilzuEH2Enr4,Tim Wu wrote a wonderful book and I,new,,,20260919_235645_YT001,20260919_235645_YT001
and in lots of other companies,and in lots of other companies,organization,1,1,1,0,2026-09-20T07:01:11.243757+00:00,2026-09-20T07:01:11.243757+00:00,mq7GSzwaGBw,"have because we know that in our company and in lots of other companies, people",new,,,20260919_235645_YT001,20260919_235645_YT001
and looks at everything,and looks at everything,organization,1,1,1,0,2026-09-20T07:01:11.243757+00:00,2026-09-20T07:01:11.243757+00:00,OnEOcaUnBg0,he does a whole review of the company and looks at everything and he comes,new,,,20260919_235645_YT001,20260919_235645_YT001
and the wonderful work you do,and the wonderful work you do,product,1,1,1,0,2026-09-20T07:01:11.243757+00:00,2026-09-20T07:01:11.243757+00:00,mq7GSzwaGBw,celebrity report and the wonderful work you do there. [laughter] But it's true.,new,,,20260919_235645_YT001,20260919_235645_YT001
and there was a wonderful movie,and there was a wonderful movie,product,1,1,1,0,2026-09-20T07:01:11.243757+00:00,2026-09-20T07:01:11.243757+00:00,mq7GSzwaGBw,week on the salary report and there was a wonderful movie like I don't know,new,,,20260919_235645_YT001,20260919_235645_YT001
and to have a follow up communications,and to have a follow-up communications,named_entity,1,1,1,0,2026-09-20T07:01:11.243757+00:00,2026-09-20T07:01:11.243757+00:00,v-BQUZFqnRc,that you keep communicating with and to have a follow-up communications,new,,,20260919_235645_YT001,20260919_235645_YT001
and what s going on you need,and what's going on. You need,named_entity,1,1,1,0,2026-09-20T07:01:11.243757+00:00,2026-09-20T07:01:11.243757+00:00,vR-o6IGspmU,working with and what's going on. You need to know how the perfect example.,new,,,20260919_235645_YT001,20260919_235645_YT001
anderil industries andreel,Anderil Industries. Andreel,organization,1,1,1,0,2026-09-20T07:01:11.243757+00:00,2026-09-20T07:01:11.243757+00:00,mq7GSzwaGBw,"US defense company, Anderil Industries. Andreel itself works closely with",new,,,20260919_235645_YT001,20260919_235645_YT001
any american participation in,any American participation in,government,1,1,1,0,2026-09-20T07:01:11.243757+00:00,2026-09-20T07:01:11.243757+00:00,MGnJEb4sXwM,participation in that security with any American participation in that sec it's,new,,,20260919_235645_YT001,20260919_235645_YT001
armed police,armed police,person_or_named_entity,1,1,1,0,2026-09-20T07:01:11.243757+00:00,2026-09-20T07:01:11.243757+00:00,v4d389XfJbA,innocent man armed an innocent man with armed police.,new,,,20260919_235645_YT001,20260919_235645_YT001
atlantic so,Atlantic. So,person_or_named_entity,1,1,1,0,2026-09-20T07:01:11.243757+00:00,2026-09-20T07:01:11.243757+00:00,MGnJEb4sXwM,to the Atlantic. So we are in and we've had a tanker war,new,,,20260919_235645_YT001,20260919_235645_YT001
based out of the uk,based out of the UK,organization,1,1,1,0,2026-09-20T07:01:11.243757+00:00,2026-09-20T07:01:11.243757+00:00,vR-o6IGspmU,"a digital gold processing company based out of the UK, and Glint partners with",new,,,20260919_235645_YT001,20260919_235645_YT001
because you can have,because you can have,organization,1,1,1,0,2026-09-20T07:01:11.243757+00:00,2026-09-20T07:01:11.243757+00:00,mq7GSzwaGBw,align in the company because you can have because we know that in our company,new,,,20260919_235645_YT001,20260919_235645_YT001
beijing and,Beijing. And,person_or_named_entity,1,1,1,0,2026-09-20T07:01:11.243757+00:00,2026-09-20T07:01:11.243757+00:00,MGnJEb4sXwM,the agenda when you arrive in Beijing. And that was a very tough statement uh,new,,,20260919_235645_YT001,20260919_235645_YT001
bigger bathrooms,bigger bathrooms,person_or_named_entity,1,1,1,0,2026-09-20T07:01:11.243757+00:00,2026-09-20T07:01:11.243757+00:00,vR-o6IGspmU,building their homes with bigger bathrooms. And the movie has a fun uh,new,,,20260919_235645_YT001,20260919_235645_YT001
bloomberg news uh,Bloomberg News. Uh,organization,1,1,1,0,2026-09-20T06:45:40.991711+00:00,2026-09-20T06:45:40.991711+00:00,ZW6Lf7iQV3Q,viewed by Bloomberg News. Uh get this. Here's where you see the,new,,,20260919_234459_YT001,20260919_234459_YT001
bolshevik revolution and zionism,Bolshevik Revolution. And Zionism,person_or_named_entity,1,1,1,0,2026-09-20T07:01:11.243757+00:00,2026-09-20T07:01:11.243757+00:00,ChdoKKB48CU,"Uh and to Russia, the Bolshevik Revolution. And Zionism into England,",new,,,20260919_235645_YT001,20260919_235645_YT001
britain by,Britain. By,person_or_named_entity,1,1,1,0,2026-09-20T07:01:11.243757+00:00,2026-09-20T07:01:11.243757+00:00,ChdoKKB48CU,"of Britain. By the following year, they'd crashed",new,,,20260919_235645_YT001,20260919_235645_YT001
buffalo instead of gold,Buffalo instead of gold,person_or_named_entity,1,1,1,0,2026-09-20T07:01:11.243757+00:00,2026-09-20T07:01:11.243757+00:00,vR-o6IGspmU,really felt we should go with Buffalo instead of gold.,new,,,20260919_235645_YT001,20260919_235645_YT001
burlington northern railroad that s,Burlington Northern Railroad. That's,person_or_named_entity,1,1,1,0,2026-09-20T07:01:11.243757+00:00,2026-09-20T07:01:11.243757+00:00,raxt96y9XFQ,>> Google is the same as the Burlington Northern Railroad. That's what you're,new,,,20260919_235645_YT001,20260919_235645_YT001
called anaconda after doing some consulting,called Anaconda after doing some consulting,organization,1,1,1,0,2026-09-20T07:01:11.243757+00:00,2026-09-20T07:01:11.243757+00:00,mq7GSzwaGBw,founded a company called Anaconda after doing some consulting work. Anaconda,new,,,20260919_235645_YT001,20260919_235645_YT001
called deflock mme,called deflock.mme,person_or_named_entity,1,1,1,0,2026-09-20T07:01:11.243757+00:00,2026-09-20T07:01:11.243757+00:00,vR-o6IGspmU,flock cameras. There's a website called deflock.mme and you can it has a map,new,,,20260919_235645_YT001,20260919_235645_YT001
called pirate pirate money,called Pirate Pirate Money,product,1,1,1,0,2026-09-20T07:01:11.243757+00:00,2026-09-20T07:01:11.243757+00:00,vR-o6IGspmU,from Pirate Money. He wrote a book called Pirate Pirate Money and I believe,new,,,20260919_235645_YT001,20260919_235645_YT001
called quansite,called Quansite,organization,1,1,1,0,2026-09-20T07:01:11.243757+00:00,2026-09-20T07:01:11.243757+00:00,mq7GSzwaGBw,consult another consulting company called Quansite and a venture fund. So,new,,,20260919_235645_YT001,20260919_235645_YT001
called quansite quite was a company,called Quansite. Quite was a company,organization,1,1,1,0,2026-09-20T07:01:11.243757+00:00,2026-09-20T07:01:11.243757+00:00,mq7GSzwaGBw,a company called Quansite. Quite was a company that led to open teams into the,new,,,20260919_235645_YT001,20260919_235645_YT001
came from frustration,came from frustration,product,1,1,1,0,2026-09-20T07:01:11.243757+00:00,2026-09-20T07:01:11.243757+00:00,H0v8c7WingM,And really the report came from frustration.,new,,,20260919_235645_YT001,20260919_235645_YT001
canada and,Canada. And,person_or_named_entity,1,1,1,0,2026-09-20T07:01:11.243757+00:00,2026-09-20T07:01:11.243757+00:00,wfpVe_F_0UE,"in the United States and Canada. And everywhere I went, I",new,,,20260919_235645_YT001,20260919_235645_YT001
cash at school events,cash at school events,person_or_named_entity,1,1,1,0,2026-09-20T07:01:11.243757+00:00,2026-09-20T07:01:11.243757+00:00,vR-o6IGspmU,sweated a lot over this with cash at school events and I got some push back,new,,,20260919_235645_YT001,20260919_235645_YT001
cash except,cash except,person_or_named_entity,1,1,1,0,2026-09-20T07:01:11.243757+00:00,2026-09-20T07:01:11.243757+00:00,vR-o6IGspmU,been paying for everything with cash except for gas. I've been using the,new,,,20260919_235645_YT001,20260919_235645_YT001
cash for at least your gas,cash for at least your gas,named_entity,1,1,1,0,2026-09-20T07:01:11.243757+00:00,2026-09-20T07:01:11.243757+00:00,vR-o6IGspmU,need to pay with cash for at least your gas and your groceries every day. That's,new,,,20260919_235645_YT001,20260919_235645_YT001
cash messages um taped on so,cash messages um taped on. So,named_entity,1,1,1,0,2026-09-20T07:01:11.243757+00:00,2026-09-20T07:01:11.243757+00:00,vR-o6IGspmU,wind. We're going to throw quarters with cash messages um taped on. So that's,new,,,20260919_235645_YT001,20260919_235645_YT001
cash not credit it s it s so,cash not credit. It's it's so,named_entity,1,1,1,0,2026-09-20T07:01:11.243757+00:00,2026-09-20T07:01:11.243757+00:00,vR-o6IGspmU,mommy mommy pay with cash not credit. It's it's so successful. So this year we,new,,,20260919_235645_YT001,20260919_235645_YT001
cash versus greater than 150,cash versus greater than 150,person_or_named_entity,1,1,1,0,2026-09-20T07:01:11.243757+00:00,2026-09-20T07:01:11.243757+00:00,vR-o6IGspmU,"pay with cash versus greater than 150,000 in income. Only 9% of those",new,,,20260919_235645_YT001,20260919_235645_YT001
cash and so i i actually,cash. And so I I actually,named_entity,1,1,1,0,2026-09-20T07:01:11.243757+00:00,2026-09-20T07:01:11.243757+00:00,vR-o6IGspmU,we can all do is pay with cash. And so I I actually skipped one point that I want,new,,,20260919_235645_YT001,20260919_235645_YT001
cash and then the share of,cash. And then the share of,named_entity,1,1,1,0,2026-09-20T07:01:11.243757+00:00,2026-09-20T07:01:11.243757+00:00,vR-o6IGspmU,17% of people prefer paying with cash. And then the share of payment instrument,new,,,20260919_235645_YT001,20260919_235645_YT001
celer report catharsis,Celer Report. Catharsis,product,1,1,1,0,2026-09-20T07:01:11.243757+00:00,2026-09-20T07:01:11.243757+00:00,MGnJEb4sXwM,for joining us on the Celer Report. Catharsis ahead. Get ready. Get ready.,new,,,20260919_235645_YT001,20260919_235645_YT001
cellebrite here s,Cellebrite. Here's,person_or_named_entity,1,1,1,0,2026-09-20T07:01:11.243757+00:00,2026-09-20T07:01:11.243757+00:00,mD_aE7ZCMoo,"Paragon, and Cellebrite. Here's the deal. The Rothschilds do not",new,,,20260919_235645_YT001,20260919_235645_YT001
chillings from heaven,Chillings from Heaven,person_or_named_entity,1,1,1,0,2026-09-20T07:01:11.243757+00:00,2026-09-20T07:01:11.243757+00:00,mq7GSzwaGBw,about eight weeks ago called Chillings from Heaven.,new,,,20260919_235645_YT001,20260919_235645_YT001
china in the background,China in the background,person_or_named_entity,1,1,1,0,2026-09-20T07:01:11.243757+00:00,2026-09-20T07:01:11.243757+00:00,MGnJEb4sXwM,"also led in part by Pakistan, but with China in the background, are sort of",new,,,20260919_235645_YT001,20260919_235645_YT001
china is like two si siamese,China is like two Si Siamese,named_entity,1,1,1,0,2026-09-20T07:01:11.243757+00:00,2026-09-20T07:01:11.243757+00:00,MGnJEb4sXwM,always say that fighting with China is like two Si Siamese twins fighting and,new,,,20260919_235645_YT001,20260919_235645_YT001
china but,China. But,person_or_named_entity,1,1,1,0,2026-09-20T07:01:11.243757+00:00,2026-09-20T07:01:11.243757+00:00,eRQbIpPkxVE,you have deflation coming from China. But they will figure it out a way for,new,,,20260919_235645_YT001,20260919_235645_YT001
china cuz,China. Cuz,person_or_named_entity,1,1,1,0,2026-09-20T07:01:11.243757+00:00,2026-09-20T07:01:11.243757+00:00,YItOkNjS4OY,China. Cuz they can control the US can control,new,,,20260919_235645_YT001,20260919_235645_YT001
citizens,Citizens,named_entity,1,1,1,0,2026-09-20T07:01:11.243757+00:00,2026-09-20T07:01:11.243757+00:00,vR-o6IGspmU,676. Citizens arrive.,new,,,20260919_235645_YT001,20260919_235645_YT001
clipper chip,Clipper Chip,person_or_named_entity,1,1,1,0,2026-09-20T07:01:11.243757+00:00,2026-09-20T07:01:11.243757+00:00,mq7GSzwaGBw,>> I didn't. He was the guy who had Clipper Chip.,new,,,20260919_235645_YT001,20260919_235645_YT001
concessions,Concessions,named_entity,1,1,1,0,2026-09-20T07:01:11.243757+00:00,2026-09-20T07:01:11.243757+00:00,vR-o6IGspmU,not based in South Dakota. Denny Sanford Premier Center Concessions is operated,new,,,20260919_235645_YT001,20260919_235645_YT001
conflicts forum,Conflicts Forum,media_show,1,1,1,0,2026-09-20T07:01:11.243757+00:00,2026-09-20T07:01:11.243757+00:00,MGnJEb4sXwM,"you have a wonderful Substack called Conflicts Forum, which we hang out at",new,,,20260919_235645_YT001,20260919_235645_YT001
congress thomas massie,Congress Thomas Massie,event,1,1,1,0,2026-09-20T07:01:11.243757+00:00,2026-09-20T07:01:11.243757+00:00,MGnJEb4sXwM,have one campaign between Congress Thomas Massie in his primary. He's been,new,,,20260919_235645_YT001,20260919_235645_YT001
denny sanford premier center concessions,Denny Sanford Premier Center Concessions,person_or_named_entity,1,1,1,0,2026-09-20T07:01:11.243757+00:00,2026-09-20T07:01:11.243757+00:00,vR-o6IGspmU,"don't take cash. Okay, next one. Denny Sanford Premier Center Concessions.",new,,,20260919_235645_YT001,20260919_235645_YT001
dna and,DNA. And,person_or_named_entity,1,1,1,0,2026-09-20T07:01:11.243757+00:00,2026-09-20T07:01:11.243757+00:00,Xu8_onfDCsQ,"transmuted into their DNA. And when you don't have that, it's like",new,,,20260919_235645_YT001,20260919_235645_YT001
dollars because we haven t we re,dollars because we haven't we're,person_or_named_entity,1,1,1,0,2026-09-20T07:01:11.243757+00:00,2026-09-20T07:01:11.243757+00:00,MGnJEb4sXwM,you've got to support us with dollars because we haven't we're [clears throat],new,,,20260919_235645_YT001,20260919_235645_YT001
dr joseph,Dr. Joseph,person_or_named_entity,1,1,1,0,2026-09-20T07:01:11.243757+00:00,2026-09-20T07:01:11.243757+00:00,tK4hyAbE3rw,"So many, many years ago Dr. Joseph",new,,,20260919_235645_YT001,20260919_235645_YT001
dr joseph farrell,Dr. Joseph Farrell,person_or_named_entity,1,1,1,0,2026-09-20T07:01:11.243757+00:00,2026-09-20T07:01:11.243757+00:00,tK4hyAbE3rw,"So many, many years ago Dr. Joseph Farrell said, uh",new,,,20260919_235645_YT001,20260919_235645_YT001
dr wood,Dr. Wood,person_or_named_entity,1,1,1,0,2026-09-20T07:01:11.243757+00:00,2026-09-20T07:01:11.243757+00:00,m50hk1fyOYs,"truth community researchers, be it Dr. Wood or the national NIST",new,,,20260919_235645_YT001,20260919_235645_YT001
dylan reed and,Dylan Reed. And,person_or_named_entity,1,1,1,0,2026-09-20T07:01:11.243757+00:00,2026-09-20T07:01:11.243757+00:00,tK4hyAbE3rw,drove for Dylan Reed. And so I had all these drivers who were,new,,,20260919_235645_YT001,20260919_235645_YT001
eastern europe for,Eastern Europe. For,person_or_named_entity,1,1,1,0,2026-09-20T07:01:11.243757+00:00,2026-09-20T07:01:11.243757+00:00,XBdxRddutME,"Eastern Europe. For Poland, for Hungary, Romania, and so",new,,,20260919_235645_YT001,20260919_235645_YT001
ed you,Ed. You,person_or_named_entity,1,1,1,0,2026-09-20T07:01:11.243757+00:00,2026-09-20T07:01:11.243757+00:00,v5Hdh0OeemA,"let me start with you, Ed. You know, what",new,,,20260919_235645_YT001,20260919_235645_YT001
english channel france,English Channel. France,media_show,1,1,1,0,2026-09-20T07:01:11.243757+00:00,2026-09-20T07:01:11.243757+00:00,MGnJEb4sXwM,sailing through the English Channel. France has been seizing Russian,new,,,20260919_235645_YT001,20260919_235645_YT001
english civil war,English Civil War,person_or_named_entity,1,1,1,0,2026-09-20T07:01:11.243757+00:00,2026-09-20T07:01:11.243757+00:00,tUE5vpNZDtU,wars going back in fact to the English Civil War was financed out of Amsterdam.,new,,,20260919_235645_YT001,20260919_235645_YT001
europe everything,Europe. Everything,person_or_named_entity,1,1,1,0,2026-09-20T07:01:11.243757+00:00,2026-09-20T07:01:11.243757+00:00,ChdoKKB48CU,heady moment in Europe. Everything was being challenged.,new,,,20260919_235645_YT001,20260919_235645_YT001
first dakota national bank,First Dakota National Bank,person_or_named_entity,1,1,1,0,2026-09-20T07:01:11.243757+00:00,2026-09-20T07:01:11.243757+00:00,vR-o6IGspmU,transactions on your First Dakota National Bank debit card in March. valid,new,,,20260919_235645_YT001,20260919_235645_YT001
fiscal largesse,fiscal largesse,person_or_named_entity,1,1,1,0,2026-09-20T07:01:11.243757+00:00,2026-09-20T07:01:11.243757+00:00,vVa6h4WYlOw,support in the United States with fiscal largesse,new,,,20260919_235645_YT001,20260919_235645_YT001
florence,Florence,named_entity,1,1,1,0,2026-09-20T07:01:11.243757+00:00,2026-09-20T07:01:11.243757+00:00,sjqzf9ER_mA,I always recommend Florence,new,,,20260919_235645_YT001,20260919_235645_YT001
florence nightingale s,Florence Nightingale's,person_or_named_entity,1,1,1,0,2026-09-20T07:01:11.243757+00:00,2026-09-20T07:01:11.243757+00:00,sjqzf9ER_mA,I always recommend Florence Nightingale's books because there's just,new,,,20260919_235645_YT001,20260919_235645_YT001
follow,Follow,named_entity,1,1,1,0,2026-09-20T07:01:11.243757+00:00,2026-09-20T07:01:11.243757+00:00,vR-o6IGspmU,>> Now I am. >> Follow me.,new,,,20260919_235645_YT001,20260919_235645_YT001
force of gravity so,force of gravity. So,person_or_named_entity,1,1,1,0,2026-09-20T07:01:11.243757+00:00,2026-09-20T07:01:11.243757+00:00,taUQwaop3Ro,"the so-called force of gravity. So, this is the background.",new,,,20260919_235645_YT001,20260919_235645_YT001
fox news,Fox News,organization,1,1,1,0,2026-09-20T07:01:11.243757+00:00,2026-09-20T07:01:11.243757+00:00,zXpH1Lw08m0,not sitting around retired watching Fox News,new,,,20260919_235645_YT001,20260919_235645_YT001
free speech,free speech,person_or_named_entity,1,1,1,0,2026-09-20T07:01:11.243757+00:00,2026-09-20T07:01:11.243757+00:00,mq7GSzwaGBw,>> the power of markets happens with free speech.,new,,,20260919_235645_YT001,20260919_235645_YT001
full american participation in,full American participation in,person_or_named_entity,1,1,1,0,2026-09-20T07:01:11.243757+00:00,2026-09-20T07:01:11.243757+00:00,MGnJEb4sXwM,um to do that with full American participation in that security with any,new,,,20260919_235645_YT001,20260919_235645_YT001
gdp and,GDP. And,person_or_named_entity,1,1,1,0,2026-09-20T07:01:11.243757+00:00,2026-09-20T07:01:11.243757+00:00,r8zJxgGRapQ,GDP. And inflation is a question of policy.,new,,,20260919_235645_YT001,20260919_235645_YT001
general jaruzelski,General Jaruzelski,person_or_named_entity,1,1,1,0,2026-09-20T07:01:11.243757+00:00,2026-09-20T07:01:11.243757+00:00,RRdQPuFQCik,happened as a result was you had General Jaruzelski there in Warsaw with all of,new,,,20260919_235645_YT001,20260919_235645_YT001
global gets a say in every,global gets a say in every,named_entity,1,1,1,0,2026-09-20T07:01:11.243757+00:00,2026-09-20T07:01:11.243757+00:00,vR-o6IGspmU,which is superior. So Mr. global gets a say in every individual transaction and,new,,,20260919_235645_YT001,20260919_235645_YT001
global is coming into their hometown,Global is coming into their hometown,named_entity,1,1,1,0,2026-09-20T07:01:11.243757+00:00,2026-09-20T07:01:11.243757+00:00,vR-o6IGspmU,effective. And that's how Mr. Global is coming into their hometown and,new,,,20260919_235645_YT001,20260919_235645_YT001
global is shutting down the global,Global is shutting down the global,named_entity,1,1,1,0,2026-09-20T07:01:11.243757+00:00,2026-09-20T07:01:11.243757+00:00,SkLWbV2A-aI,"wouldn't be happening. So, Right. Mr. Global is shutting down the global",new,,,20260919_235645_YT001,20260919_235645_YT001
globalist they re everywhere this i come,Globalist. They're everywhere. This I come,named_entity,1,1,1,0,2026-09-20T07:01:11.243757+00:00,2026-09-20T07:01:11.243757+00:00,LCbpnzlLKg8,Mr. Globalist. They're everywhere. This I come back to this thing. This is the,new,,,20260919_235645_YT001,20260919_235645_YT001
globaloney and something i don t think,Globaloney and something. I don't think,named_entity,1,1,1,0,2026-09-20T07:01:11.243757+00:00,2026-09-20T07:01:11.243757+00:00,9Td1lcX-Cno,uh to Mr. Globaloney and something. I don't think it's Mr. Globaloney behind,new,,,20260919_235645_YT001,20260919_235645_YT001
globaloney behind it,Globaloney behind it,person_or_named_entity,1,1,1,0,2026-09-20T07:01:11.243757+00:00,2026-09-20T07:01:11.243757+00:00,9Td1lcX-Cno,don't think it's Mr. Globaloney behind it.,new,,,20260919_235645_YT001,20260919_235645_YT001
gold that sits out of state,gold that sits out of state,named_entity,1,1,1,0,2026-09-20T07:01:11.243757+00:00,2026-09-20T07:01:11.243757+00:00,vR-o6IGspmU,gold. Why would we back our money with gold that sits out of state that's,new,,,20260919_235645_YT001,20260919_235645_YT001
google manuel,Google Manuel,person_or_named_entity,1,1,1,0,2026-09-20T07:01:11.243757+00:00,2026-09-20T07:01:11.243757+00:00,vR-o6IGspmU,"on the on his website. If you Google Manuel Luchas, you can check it out. I",new,,,20260919_235645_YT001,20260919_235645_YT001
great reverence cuz they were ever,great reverence cuz they were ever,named_entity,1,1,1,0,2026-09-20T07:01:11.243757+00:00,2026-09-20T07:01:11.243757+00:00,oc8B5AqvkUE,were treated with great reverence cuz they were ever so distinctive and,new,,,20260919_235645_YT001,20260919_235645_YT001
great s pale,Great's Pale,person_or_named_entity,1,1,1,0,2026-09-20T07:01:11.243757+00:00,2026-09-20T07:01:11.243757+00:00,ChdoKKB48CU,the consequence of Catherine the Great's Pale of Settlement.,new,,,20260919_235645_YT001,20260919_235645_YT001
growing it also happens,growing. It also happens,person_or_named_entity,1,1,1,0,2026-09-20T07:01:11.243757+00:00,2026-09-20T07:01:11.243757+00:00,Xu8_onfDCsQ,"kitchen, but it also happens with growing. It also happens with",new,,,20260919_235645_YT001,20260919_235645_YT001
gulf financial center we ve,Gulf Financial Center. We've,person_or_named_entity,1,1,1,0,2026-09-20T07:01:11.243757+00:00,2026-09-20T07:01:11.243757+00:00,MGnJEb4sXwM,brings us to the Gulf Financial Center. We've seen an enormous growth of the,new,,,20260919_235645_YT001,20260919_235645_YT001
has diminished in value,has diminished in value,organization,1,1,1,0,2026-09-20T07:01:11.243757+00:00,2026-09-20T07:01:11.243757+00:00,tQjAGbYIw00,system. Every other company has diminished in value because of the,new,,,20260919_235645_YT001,20260919_235645_YT001
has made waves,has made waves,product,1,1,1,0,2026-09-20T07:01:11.243757+00:00,2026-09-20T07:01:11.243757+00:00,KiRtjIh2kjc,Solari Report. Your book has made waves,new,,,20260919_235645_YT001,20260919_235645_YT001
has made waves in our community,has made waves in our community,product,1,1,1,0,2026-09-20T07:01:11.243757+00:00,2026-09-20T07:01:11.243757+00:00,KiRtjIh2kjc,"Solari Report. Your book has made waves in our community, and we want to learn",new,,,20260919_235645_YT001,20260919_235645_YT001
have on what s happening have come,have on what's happening have come,product,1,1,1,0,2026-09-20T07:01:11.243757+00:00,2026-09-20T07:01:11.243757+00:00,MGnJEb4sXwM,report have on what's happening have come from you and uh uh I should just,new,,,20260919_235645_YT001,20260919_235645_YT001
hebrew university,Hebrew University,person_or_named_entity,1,1,1,0,2026-09-20T07:01:11.243757+00:00,2026-09-20T07:01:11.243757+00:00,MGnJEb4sXwM,number of years and was at the Hebrew University briefly. So um so she knows,new,,,20260919_235645_YT001,20260919_235645_YT001
help companies use open source effectively,help companies use open source effectively,named_entity,1,1,1,0,2026-09-20T07:01:11.243757+00:00,2026-09-20T07:01:11.243757+00:00,mq7GSzwaGBw,source communities connect with help companies use open source effectively.,new,,,20260919_235645_YT001,20260919_235645_YT001
her it s on vocal sound healing,her. It's on vocal sound healing,event,1,1,1,0,2026-09-20T07:01:11.243757+00:00,2026-09-20T07:01:11.243757+00:00,hxQGwThmCD8,we've just done a workshop with her. It's on vocal sound healing and it's,new,,,20260919_235645_YT001,20260919_235645_YT001
here s here s,Here's Here's,person_or_named_entity,1,1,1,0,2026-09-20T07:01:11.243757+00:00,2026-09-20T07:01:11.243757+00:00,v-BQUZFqnRc,proactive legislation through. Here's Here's the question.,new,,,20260919_235645_YT001,20260919_235645_YT001
hermes trismegistus,Hermes Trismegistus,person_or_named_entity,1,1,1,0,2026-09-20T07:01:11.243757+00:00,2026-09-20T07:01:11.243757+00:00,2FCT_uA2z5k,thought to be the original teachings of Hermes Trismegistus,new,,,20260919_235645_YT001,20260919_235645_YT001
him earlier we thought he was,him earlier. We thought he was,organization,1,1,1,0,2026-09-20T07:01:11.243757+00:00,2026-09-20T07:01:11.243757+00:00,vR-o6IGspmU,gotten with him earlier. We thought he was going to send it to committee. He,new,,,20260919_235645_YT001,20260919_235645_YT001
his wife in minnesota,his wife in Minnesota,person_or_named_entity,1,1,1,0,2026-09-20T07:01:11.243757+00:00,2026-09-20T07:01:11.243757+00:00,v4d389XfJbA,was test driving a Range Rover with his wife in Minnesota.,new,,,20260919_235645_YT001,20260919_235645_YT001
homos if,Homos. If,person_or_named_entity,1,1,1,0,2026-09-20T07:01:11.243757+00:00,2026-09-20T07:01:11.243757+00:00,MGnJEb4sXwM,to Beijing passes through Homos. If you do not settle the Homus issue,new,,,20260919_235645_YT001,20260919_235645_YT001
house always wins,House Always Wins,person_or_named_entity,1,1,1,0,2026-09-20T07:01:11.243757+00:00,2026-09-20T07:01:11.243757+00:00,MaTz-usR3uo,but they wrote one called The House Always Wins.,new,,,20260919_235645_YT001,20260919_235645_YT001
how the local boys got rolled,How the Local Boys Got Rolled,named_entity,1,1,1,0,2026-09-20T07:01:11.243757+00:00,2026-09-20T07:01:11.243757+00:00,mq7GSzwaGBw,"from World War II on, it would be called How the Local Boys Got Rolled.",new,,,20260919_235645_YT001,20260919_235645_YT001
huahei and all these experts,Huahei and all these experts,person_or_named_entity,1,1,1,0,2026-09-20T07:01:11.243757+00:00,2026-09-20T07:01:11.243757+00:00,MGnJEb4sXwM,I was there with Huahei and all these experts and I'm not a I'm not a,new,,,20260919_235645_YT001,20260919_235645_YT001
huawei and all these uh experts,Huawei and all these uh experts,named_entity,1,1,1,0,2026-09-20T07:01:11.243757+00:00,2026-09-20T07:01:11.243757+00:00,vVa6h4WYlOw,I was there with Huawei and all these uh experts and I'm not a I'm not a,new,,,20260919_235645_YT001,20260919_235645_YT001
i mean the attempt,I mean the attempt,person_or_named_entity,1,1,1,0,2026-09-20T07:01:11.243757+00:00,2026-09-20T07:01:11.243757+00:00,MGnJEb4sXwM,is not going well with I mean the attempt to squeeze China by the trade,new,,,20260919_235645_YT001,20260919_235645_YT001
if i m an intern at a,if I'm an intern at a,organization,1,1,1,0,2026-09-20T07:01:11.243757+00:00,2026-09-20T07:01:11.243757+00:00,mq7GSzwaGBw,you don't the whole company if I'm an intern at a company I don't get access,new,,,20260919_235645_YT001,20260919_235645_YT001
in a natural language it s beautiful,in a natural language. It's beautiful,named_entity,1,1,1,0,2026-09-20T07:01:11.243757+00:00,2026-09-20T07:01:11.243757+00:00,mq7GSzwaGBw,way that li that you can interact with in a natural language. It's beautiful.,new,,,20260919_235645_YT001,20260919_235645_YT001
inalienable rights,inalienable rights,person_or_named_entity,1,1,1,0,2026-09-20T07:01:11.243757+00:00,2026-09-20T07:01:11.243757+00:00,eoeftpuyQXw,"that human beings uh are endowed with inalienable rights, with inherent",new,,,20260919_235645_YT001,20260919_235645_YT001
individuals or small businesses yeah,individuals or small businesses. Yeah,person_or_named_entity,1,1,1,0,2026-09-20T07:01:11.243757+00:00,2026-09-20T07:01:11.243757+00:00,mq7GSzwaGBw,And I was just dealing with individuals or small businesses. Yeah.,new,,,20260919_235645_YT001,20260919_235645_YT001
industrial leaders on the budget,industrial leaders on the budget,person_or_named_entity,1,1,1,0,2026-09-20T07:01:11.243757+00:00,2026-09-20T07:01:11.243757+00:00,aQYwmh0gCQo,briefing with industrial leaders on the budget.,new,,,20260919_235645_YT001,20260919_235645_YT001
inflation and then if you,inflation. And then if you,person_or_named_entity,1,1,1,0,2026-09-20T06:45:40.991711+00:00,2026-09-20T06:45:40.991711+00:00,ZW6Lf7iQV3Q,>> That is going to be the way to deal with inflation. And then if you and your,new,,,20260919_234459_YT001,20260919_234459_YT001
inherent dignity,inherent dignity,person_or_named_entity,1,1,1,0,2026-09-20T07:01:11.243757+00:00,2026-09-20T07:01:11.243757+00:00,eoeftpuyQXw,"inalienable rights, with inherent dignity, and a fixed nature that is not",new,,,20260919_235645_YT001,20260919_235645_YT001
ipo in a box wow,IPO in a box. Wow,product,1,1,1,0,2026-09-20T07:01:11.243757+00:00,2026-09-20T07:01:11.243757+00:00,mq7GSzwaGBw,traded. We had a software tool called IPO in a box. Wow. And you could click,new,,,20260919_235645_YT001,20260919_235645_YT001
iran and india too,Iran and India too,person_or_named_entity,1,1,1,0,2026-09-20T07:01:11.243757+00:00,2026-09-20T07:01:11.243757+00:00,MGnJEb4sXwM,time in the Gulf with Iran and India too. And I think we're going to see uh a,new,,,20260919_235645_YT001,20260919_235645_YT001
iran will be the main topic,Iran will be the main topic,named_entity,1,1,1,0,2026-09-20T07:01:11.243757+00:00,2026-09-20T07:01:11.243757+00:00,MGnJEb4sXwM,"question of the illegitimate war with Iran will be the main topic, the top of",new,,,20260919_235645_YT001,20260919_235645_YT001
iran traders,Iran. Traders,person_or_named_entity,1,1,1,0,2026-09-20T07:01:11.243757+00:00,2026-09-20T07:01:11.243757+00:00,INWRgXjwPXk,"was having productive talks with Iran. Traders made a windfall there, too.",new,,,20260919_235645_YT001,20260919_235645_YT001
iran traders made a windfall there,Iran. Traders made a windfall there,named_entity,1,1,1,0,2026-09-20T07:01:11.243757+00:00,2026-09-20T07:01:11.243757+00:00,INWRgXjwPXk,"was having productive talks with Iran. Traders made a windfall there, too.",new,,,20260919_235645_YT001,20260919_235645_YT001
iran uae,Iran. UAE,person_or_named_entity,1,1,1,0,2026-09-20T07:01:11.243757+00:00,2026-09-20T07:01:11.243757+00:00,LTWifAkVVDg,position on Iran. UAE lobbied the US to continue waging,new,,,20260919_235645_YT001,20260919_235645_YT001
iranian revolutionary guard corp,Iranian Revolutionary Guard Corp,organization,1,1,1,0,2026-09-20T07:01:11.243757+00:00,2026-09-20T07:01:11.243757+00:00,mq7GSzwaGBw,"During the current war, the Iranian Revolutionary Guard Corp stated, ""Since",new,,,20260919_235645_YT001,20260919_235645_YT001
iron bank s,Iron Bank's,person_or_named_entity,1,1,1,0,2026-09-20T07:01:11.243757+00:00,2026-09-20T07:01:11.243757+00:00,SkLWbV2A-aI,"You know, I'm looking this from the Iron Bank's point of view.",new,,,20260919_235645_YT001,20260919_235645_YT001
is a counter revolution we ve had enough,is a counter-revolution. We've had enough,named_entity,1,1,1,0,2026-09-20T07:01:11.243757+00:00,2026-09-20T07:01:11.243757+00:00,0X0H0jcnelU,what we're involved with is a counter-revolution. We've had enough of,new,,,20260919_235645_YT001,20260919_235645_YT001
is to help you understand what s,is to help you understand what's,product,1,1,1,0,2026-09-20T07:01:11.243757+00:00,2026-09-20T07:01:11.243757+00:00,FXNfNrtGHlo,of our goals on the Solari Report is to help you understand what's going on in a,new,,,20260919_235645_YT001,20260919_235645_YT001
israel and the united states in,Israel and the United States in,named_entity,1,1,1,0,2026-09-20T07:01:11.243757+00:00,2026-09-20T07:01:11.243757+00:00,MGnJEb4sXwM,prepared to cooperate with Israel and the United States in an attack. Saudi,new,,,20260919_235645_YT001,20260919_235645_YT001
israel and the united states i,Israel and the United States. I,named_entity,1,1,1,0,2026-09-20T07:01:11.243757+00:00,2026-09-20T07:01:11.243757+00:00,MGnJEb4sXwM,working ever more closely with Israel and the United States. I think I haven't,new,,,20260919_235645_YT001,20260919_235645_YT001
israel for the,Israel for the,person_or_named_entity,1,1,1,0,2026-09-20T07:01:11.243757+00:00,2026-09-20T07:01:11.243757+00:00,mq7GSzwaGBw,and Google partnered with Israel for the,new,,,20260919_235645_YT001,20260919_235645_YT001
israel for the project nimbus contract,Israel for the project Nimbus contract,organization,1,1,1,0,2026-09-20T07:01:11.243757+00:00,2026-09-20T07:01:11.243757+00:00,mq7GSzwaGBw,and Google partnered with Israel for the project Nimbus contract which obliges,new,,,20260919_235645_YT001,20260919_235645_YT001
israel in order,Israel in order,person_or_named_entity,1,1,1,0,2026-09-20T07:01:11.243757+00:00,2026-09-20T07:01:11.243757+00:00,MGnJEb4sXwM,support very closely working with Israel in order to try and break the siege in,new,,,20260919_235645_YT001,20260919_235645_YT001
israel um,Israel. Um,person_or_named_entity,1,1,1,0,2026-09-20T07:01:11.243757+00:00,2026-09-20T07:01:11.243757+00:00,ChdoKKB48CU,"the state of Israel. Um so, all of this came out of this",new,,,20260919_235645_YT001,20260919_235645_YT001
it because something has completely changed,it because something has completely changed,named_entity,1,1,1,0,2026-09-20T07:01:11.243757+00:00,2026-09-20T07:01:11.243757+00:00,MGnJEb4sXwM,>> They're not going to get away with it because something has completely changed,new,,,20260919_235645_YT001,20260919_235645_YT001
it because the emergency,it because the emergency,person_or_named_entity,1,1,1,0,2026-09-20T06:45:40.991711+00:00,2026-09-20T06:45:40.991711+00:00,p0jPh9KrCgc,that they get consumed with it because the emergency and the the 11th hour is,new,,,20260919_234459_YT001,20260919_234459_YT001
it early on it took me,it early on. It took me,named_entity,1,1,1,0,2026-09-20T07:01:11.243757+00:00,2026-09-20T07:01:11.243757+00:00,MztMjj6LxXk,"That's you you called it early on. It took me a while to see it, but it's",new,,,20260919_235645_YT001,20260919_235645_YT001
it just in time money,it just in time money,person_or_named_entity,1,1,1,0,2026-09-20T07:01:11.243757+00:00,2026-09-20T07:01:11.243757+00:00,mq7GSzwaGBw,digital money. We had the uh we called it just in time money.,new,,,20260919_235645_YT001,20260919_235645_YT001
it but he said,it. But he said,person_or_named_entity,1,1,1,0,2026-09-20T07:01:11.243757+00:00,2026-09-20T07:01:11.243757+00:00,vR-o6IGspmU,back with it. But he said,new,,,20260919_235645_YT001,20260919_235645_YT001
it but the really powerful forces,it. But the really powerful forces,named_entity,1,1,1,0,2026-09-20T07:01:11.243757+00:00,2026-09-20T07:01:11.243757+00:00,oc8B5AqvkUE,And obsession with it. But the really powerful forces in the universe are and,new,,,20260919_235645_YT001,20260919_235645_YT001
it turns out he didn t want,it. Turns out he didn't want,named_entity,1,1,1,0,2026-09-20T07:01:11.243757+00:00,2026-09-20T07:01:11.243757+00:00,vR-o6IGspmU,to it was going to prime sponsor it. Turns out he didn't want to prime,new,,,20260919_235645_YT001,20260919_235645_YT001
j d vance,J.D. Vance,person_or_named_entity,1,1,1,0,2026-09-20T07:01:11.243757+00:00,2026-09-20T07:01:11.243757+00:00,58byubq4VLQ,"stablecoins and digital tokens with J.D. Vance, what a beautiful way to come down",new,,,20260919_235645_YT001,20260919_235645_YT001
j p morgan,J.P. Morgan,person_or_named_entity,1,1,1,0,2026-09-20T07:01:11.243757+00:00,2026-09-20T07:01:11.243757+00:00,oGWf3g8iYLA,And the story is always told that J.P. Morgan,new,,,20260919_235645_YT001,20260919_235645_YT001
jeff bezos,Jeff Bezos,person_or_named_entity,1,1,1,0,2026-09-20T07:01:11.243757+00:00,2026-09-20T07:01:11.243757+00:00,1q3O8KbUHfU,Right. They're not going to have Jeff Bezos,new,,,20260919_235645_YT001,20260919_235645_YT001
joseph farrell said,Joseph Farrell said,person_or_named_entity,1,1,1,0,2026-09-20T07:01:11.243757+00:00,2026-09-20T07:01:11.243757+00:00,tK4hyAbE3rw,"So many, many years ago Dr. Joseph Farrell said, uh",new,,,20260919_235645_YT001,20260919_235645_YT001
july we,July. We,person_or_named_entity,1,1,1,0,2026-09-20T07:01:11.243757+00:00,2026-09-20T07:01:11.243757+00:00,vR-o6IGspmU,it would have gone into effect in July. We made it a year and a half the July,new,,,20260919_235645_YT001,20260919_235645_YT001
karen house,Karen House,product,1,1,1,0,2026-09-20T07:01:11.243757+00:00,2026-09-20T07:01:11.243757+00:00,mq7GSzwaGBw,read in the last 12 months is Karen House book on open AI. I don't know if,new,,,20260919_235645_YT001,20260919_235645_YT001
katherine austin fitz,Katherine Austin Fitz,product,1,1,1,0,2026-09-20T07:01:11.243757+00:00,2026-09-20T07:01:11.243757+00:00,mq7GSzwaGBw,Celeria Report. This is Katherine Austin Fitz. I am in Salt Lake City. I've had,new,,,20260919_235645_YT001,20260919_235645_YT001
knowing the culture,knowing the culture,person_or_named_entity,1,1,1,0,2026-09-20T07:01:11.243757+00:00,2026-09-20T07:01:11.243757+00:00,eyItREqSFvA,"in the Netherlands I also with knowing the culture, knowing the systems,",new,,,20260919_235645_YT001,20260919_235645_YT001
last year s hero of the year,last year's hero of the year,named_entity,1,1,1,0,2026-09-20T07:01:11.243757+00:00,2026-09-20T07:01:11.243757+00:00,vR-o6IGspmU,"South Dakota, where I'm with last year's hero of the year and the head of team",new,,,20260919_235645_YT001,20260919_235645_YT001
lebanon so,Lebanon. So,person_or_named_entity,1,1,1,0,2026-09-20T07:01:11.243757+00:00,2026-09-20T07:01:11.243757+00:00,MGnJEb4sXwM,humiliation from the south of Lebanon. So all of this elections are coming up,new,,,20260919_235645_YT001,20260919_235645_YT001
like google,like Google,organization,1,1,1,0,2026-09-20T07:01:11.243757+00:00,2026-09-20T07:01:11.243757+00:00,-YPhdbbhvv4,stretch of time and then force a company like Google to turn over data on every,new,,,20260919_235645_YT001,20260919_235645_YT001
lord alfred milner and,Lord Alfred Milner. And,person_or_named_entity,1,1,1,0,2026-09-20T07:01:11.243757+00:00,2026-09-20T07:01:11.243757+00:00,ChdoKKB48CU,Table. It was run by Lord Alfred Milner. And the Round Table worked behind the,new,,,20260919_235645_YT001,20260919_235645_YT001
los angeles one,Los Angeles. One,person_or_named_entity,1,1,1,0,2026-09-20T07:01:11.243757+00:00,2026-09-20T07:01:11.243757+00:00,v4d389XfJbA,by a dealership in Los Angeles. One officer prevented uh presented,new,,,20260919_235645_YT001,20260919_235645_YT001
mala do,Mala. Do,person_or_named_entity,1,1,1,0,2026-09-20T07:01:11.243757+00:00,2026-09-20T07:01:11.243757+00:00,MGnJEb4sXwM,with Indonesia on the Straits of Mala. Do you think that the US is going to try,new,,,20260919_235645_YT001,20260919_235645_YT001
margaret please,Margaret Please,person_or_named_entity,1,1,1,0,2026-09-20T07:01:11.243757+00:00,2026-09-20T07:01:11.243757+00:00,vR-o6IGspmU,>> Margaret Please press some button. I beg you fix,new,,,20260919_235645_YT001,20260919_235645_YT001
master switch,Master Switch,person_or_named_entity,1,1,1,0,2026-09-20T07:01:11.243757+00:00,2026-09-20T07:01:11.243757+00:00,ilzuEH2Enr4,you'd read it. It's called um The Master Switch.,new,,,20260919_235645_YT001,20260919_235645_YT001
mastercard so,Mastercard. So,person_or_named_entity,1,1,1,0,2026-09-20T07:01:11.243757+00:00,2026-09-20T07:01:11.243757+00:00,vR-o6IGspmU,partners with Mastercard. So what I did is I wrote an email to the,new,,,20260919_235645_YT001,20260919_235645_YT001
mastercard so what i did is,Mastercard. So what I did is,named_entity,1,1,1,0,2026-09-20T07:01:11.243757+00:00,2026-09-20T07:01:11.243757+00:00,vR-o6IGspmU,partners with Mastercard. So what I did is I wrote an email to the,new,,,20260919_235645_YT001,20260919_235645_YT001
me and was very um rude,me and was very um rude,named_entity,1,1,1,0,2026-09-20T07:01:11.243757+00:00,2026-09-20T07:01:11.243757+00:00,vR-o6IGspmU,"manager, branch manager of bank called me and was very um rude about the dollar",new,,,20260919_235645_YT001,20260919_235645_YT001
me frantic he said,me frantic. He said,person_or_named_entity,1,1,1,0,2026-09-20T07:01:11.243757+00:00,2026-09-20T07:01:11.243757+00:00,3Yse_2fUKuk,"testing and he called me frantic. He said, ""I showed up to do my drug testing",new,,,20260919_235645_YT001,20260919_235645_YT001
me gita ben david or brigita,me Gita Ben David or Brigita,named_entity,1,1,1,0,2026-09-20T07:01:11.243757+00:00,2026-09-20T07:01:11.243757+00:00,hxQGwThmCD8,with me Gita Ben David or Brigita Ben David from Denmark and,new,,,20260919_235645_YT001,20260919_235645_YT001
me on didn t talk,me on didn't talk,person_or_named_entity,1,1,1,0,2026-09-20T07:01:11.243757+00:00,2026-09-20T07:01:11.243757+00:00,vR-o6IGspmU,"some other opponents testified with me on didn't talk about Buffalo, but I I",new,,,20260919_235645_YT001,20260919_235645_YT001
me and he said,me. And he said,media_show,1,1,1,0,2026-09-20T07:01:11.243757+00:00,2026-09-20T07:01:11.243757+00:00,vR-o6IGspmU,"like yeah and I said where is it? show me. And he said, ""I can't. I spent it.""",new,,,20260919_235645_YT001,20260919_235645_YT001
me or you can email me,me. Or you can email me,named_entity,1,1,1,0,2026-09-20T07:01:11.243757+00:00,2026-09-20T07:01:11.243757+00:00,mq7GSzwaGBw,ways to connect with me. Or you can email me at travisopenteams.com.,new,,,20260919_235645_YT001,20260919_235645_YT001
me well,me. Well,person_or_named_entity,1,1,1,0,2026-09-20T07:01:11.243757+00:00,2026-09-20T07:01:11.243757+00:00,KKxQfBk1zBY,"I want you to deposit the money with me. Well, well, I need the money. I need to",new,,,20260919_235645_YT001,20260919_235645_YT001
middle east and,Middle East. And,person_or_named_entity,1,1,1,0,2026-09-20T07:01:11.243757+00:00,2026-09-20T07:01:11.243757+00:00,m50hk1fyOYs,"Middle East. And the only way to do that, they",new,,,20260919_235645_YT001,20260919_235645_YT001
middle east so,Middle East. So,person_or_named_entity,1,1,1,0,2026-09-20T07:01:11.243757+00:00,2026-09-20T07:01:11.243757+00:00,YItOkNjS4OY,Middle East. So so the,new,,,20260919_235645_YT001,20260919_235645_YT001
minnesota officers,Minnesota. Officers,person_or_named_entity,1,1,1,0,2026-09-20T07:01:11.243757+00:00,2026-09-20T07:01:11.243757+00:00,v4d389XfJbA,wife in Minnesota. Officers said that they'd been tracking,new,,,20260919_235645_YT001,20260919_235645_YT001
minnesota the,Minnesota. The,person_or_named_entity,1,1,1,0,2026-09-20T07:01:11.243757+00:00,2026-09-20T07:01:11.243757+00:00,vR-o6IGspmU,"worldwide, headquartered in Minnesota. The next one, Sanford Pentagon",new,,,20260919_235645_YT001,20260919_235645_YT001
mr global you,Mr. Global. You,person_or_named_entity,1,1,1,0,2026-09-20T07:01:11.243757+00:00,2026-09-20T07:01:11.243757+00:00,vR-o6IGspmU,>> You don't have to fight with Mr. Global. You don't have to fight with Silicon,new,,,20260919_235645_YT001,20260919_235645_YT001
mr global you don t have,Mr. Global. You don't have,person_or_named_entity,1,1,1,0,2026-09-20T07:01:11.243757+00:00,2026-09-20T07:01:11.243757+00:00,vR-o6IGspmU,>> You don't have to fight with Mr. Global. You don't have to fight with Silicon,new,,,20260919_235645_YT001,20260919_235645_YT001
muscles and tattoos,muscles and tattoos,person_or_named_entity,1,1,1,0,2026-09-20T07:01:11.243757+00:00,2026-09-20T07:01:11.243757+00:00,FXNfNrtGHlo,guys with muscles and tattoos.,new,,,20260919_235645_YT001,20260919_235645_YT001
my friends,my friends,person_or_named_entity,1,1,1,0,2026-09-20T07:01:11.243757+00:00,2026-09-20T07:01:11.243757+00:00,vR-o6IGspmU,And and let's just say I showed up with my friends and my cameras and guess,new,,,20260919_235645_YT001,20260919_235645_YT001
myself and say,myself and say,person_or_named_entity,1,1,1,0,2026-09-20T07:01:11.243757+00:00,2026-09-20T07:01:11.243757+00:00,vR-o6IGspmU,">> I just have to be good with myself and say, ""I did everything I could.""",new,,,20260919_235645_YT001,20260919_235645_YT001
narratives that are meaningless,narratives that are meaningless,person_or_named_entity,1,1,1,0,2026-09-20T07:01:11.243757+00:00,2026-09-20T07:01:11.243757+00:00,LCbpnzlLKg8,consciousness and to fill it with narratives that are meaningless and are,new,,,20260919_235645_YT001,20260919_235645_YT001
nathan mayer rothschild,Nathan Mayer Rothschild,person_or_named_entity,1,1,1,0,2026-09-20T07:01:11.243757+00:00,2026-09-20T07:01:11.243757+00:00,mD_aE7ZCMoo,back to 1815 when Nathan Mayer Rothschild exploited inside information,new,,,20260919_235645_YT001,20260919_235645_YT001
new york times i m i m,New York Times. I'm I'm,person_or_named_entity,1,1,1,0,2026-09-20T07:01:11.243757+00:00,2026-09-20T07:01:11.243757+00:00,6Mg0q_IyWgY,Street Journal and the New York Times. I'm I'm on their feeds about the Hunter,new,,,20260919_235645_YT001,20260919_235645_YT001
next year back on that,next year back on that,product,1,1,1,0,2026-09-20T07:01:11.243757+00:00,2026-09-20T07:01:11.243757+00:00,vR-o6IGspmU,that's next year. Hopefully I'll report next year back on that. And then my,new,,,20260919_235645_YT001,20260919_235645_YT001
no digital purchases so,no digital purchases. So,person_or_named_entity,1,1,1,0,2026-09-20T07:01:11.243757+00:00,2026-09-20T07:01:11.243757+00:00,vR-o6IGspmU,"says she gets $10 cash per month with no digital purchases. So, if she buys her",new,,,20260919_235645_YT001,20260919_235645_YT001
no handouts,no handouts,person_or_named_entity,1,1,1,0,2026-09-20T07:01:11.243757+00:00,2026-09-20T07:01:11.243757+00:00,vR-o6IGspmU,"16 to 18. But like I said, that was with no handouts and no preparation. He just",new,,,20260919_235645_YT001,20260919_235645_YT001
no plan no plan,no plan. No plan,person_or_named_entity,1,1,1,0,2026-09-20T07:01:11.243757+00:00,2026-09-20T07:01:11.243757+00:00,C-nY_mj1XtE,They put you on them with no plan. No plan to get you off of them. Nothing.,new,,,20260919_235645_YT001,20260919_235645_YT001
no there s,No. There's,person_or_named_entity,1,1,1,0,2026-09-20T07:01:11.243757+00:00,2026-09-20T07:01:11.243757+00:00,KKxQfBk1zBY,goldsmith. Did it increase? No. There's no net increase.,new,,,20260919_235645_YT001,20260919_235645_YT001
non renewable energy resources,non-renewable energy resources,person_or_named_entity,1,1,1,0,2026-09-20T07:01:11.243757+00:00,2026-09-20T07:01:11.243757+00:00,oGWf3g8iYLA,"dealing with non-renewable energy resources,",new,,,20260919_235645_YT001,20260919_235645_YT001
northern,Northern,named_entity,1,1,1,0,2026-09-20T06:45:40.991711+00:00,2026-09-20T06:45:40.991711+00:00,37qD1Jj3NOc,Scotland and then Wales and Northern,new,,,20260919_234459_YT001,20260919_234459_YT001
northern ireland they,Northern Ireland. They,person_or_named_entity,1,1,1,0,2026-09-20T06:45:40.991711+00:00,2026-09-20T06:45:40.991711+00:00,37qD1Jj3NOc,Scotland and then Wales and Northern Ireland. They have a memorandum of,new,,,20260919_234459_YT001,20260919_234459_YT001
nothing going on in their lives,nothing going on in their lives,named_entity,1,1,1,0,2026-09-20T07:01:11.243757+00:00,2026-09-20T07:01:11.243757+00:00,6Mg0q_IyWgY,what you'll find is a lot of people with nothing going on in their lives. They,new,,,20260919_235645_YT001,20260919_235645_YT001
nothing and,Nothing. And,person_or_named_entity,1,1,1,0,2026-09-20T07:01:11.243757+00:00,2026-09-20T07:01:11.243757+00:00,C-nY_mj1XtE,plan to get you off of them. Nothing. And it's just round and round we go.,new,,,20260919_235645_YT001,20260919_235645_YT001
now on plasma is actually allowing,now on plasma is actually allowing,product,1,1,1,0,2026-09-20T07:01:11.243757+00:00,2026-09-20T07:01:11.243757+00:00,KiRtjIh2kjc,approach and your book now on plasma is actually allowing us to to get into,new,,,20260919_235645_YT001,20260919_235645_YT001
numpy which i wrote,numpy which I wrote,person_or_named_entity,1,1,1,0,2026-09-20T07:01:11.243757+00:00,2026-09-20T07:01:11.243757+00:00,mq7GSzwaGBw,>> and then that led to a library called numpy which I wrote when I was a,new,,,20260919_235645_YT001,20260919_235645_YT001
of a lot of,of a lot of,organization,1,1,1,0,2026-09-20T07:01:11.243757+00:00,2026-09-20T07:01:11.243757+00:00,mq7GSzwaGBw,sci became the foundation of a lot of,new,,,20260919_235645_YT001,20260919_235645_YT001
of a lot of science so,of a lot of science. So,organization,1,1,1,0,2026-09-20T07:01:11.243757+00:00,2026-09-20T07:01:11.243757+00:00,mq7GSzwaGBw,sci became the foundation of a lot of science. So a lot of people in the world,new,,,20260919_235645_YT001,20260919_235645_YT001
of array computing in python so,of array computing in Python. So,organization,1,1,1,0,2026-09-20T07:01:11.243757+00:00,2026-09-20T07:01:11.243757+00:00,mq7GSzwaGBw,>> So it's the foundation of array computing in Python. So that's one,new,,,20260919_235645_YT001,20260919_235645_YT001
of information,of information,media_show,1,1,1,0,2026-09-20T07:01:11.243757+00:00,2026-09-20T07:01:11.243757+00:00,mq7GSzwaGBw,>> Like if you just have a single channel of information.,new,,,20260919_235645_YT001,20260919_235645_YT001
of international affairs,of International Affairs,organization,1,1,1,0,2026-09-20T07:01:11.243757+00:00,2026-09-20T07:01:11.243757+00:00,ChdoKKB48CU,"Royal Institute of International Affairs, the Council on Foreign",new,,,20260919_235645_YT001,20260919_235645_YT001
of one i think there s a,of one I think there's a,organization,1,1,1,0,2026-09-20T07:01:11.243757+00:00,2026-09-20T07:01:11.243757+00:00,mq7GSzwaGBw,are saying the company of one I think there's a in Argentina in fact they're,new,,,20260919_235645_YT001,20260919_235645_YT001
of one s a good idea company,of one's a good idea company,organization,1,1,1,0,2026-09-20T07:01:11.243757+00:00,2026-09-20T07:01:11.243757+00:00,mq7GSzwaGBw,first of all I I don't think company of one's a good idea company of three maybe,new,,,20260919_235645_YT001,20260919_235645_YT001
of one so first of all,of one. So first of all,organization,1,1,1,0,2026-09-20T07:01:11.243757+00:00,2026-09-20T07:01:11.243757+00:00,mq7GSzwaGBw,to the same idea of a company of one. So first of all I I don't think company of,new,,,20260919_235645_YT001,20260919_235645_YT001
of our government in the united,of our government in the United,government,1,1,1,0,2026-09-20T07:01:11.243757+00:00,2026-09-20T07:01:11.243757+00:00,mq7GSzwaGBw,organization of our government in the United States was balance of power. You,new,,,20260919_235645_YT001,20260919_235645_YT001
of three maybe,of three maybe,organization,1,1,1,0,2026-09-20T07:01:11.243757+00:00,2026-09-20T07:01:11.243757+00:00,mq7GSzwaGBw,one's a good idea company of three maybe,new,,,20260919_235645_YT001,20260919_235645_YT001
of three maybe cuz you need,of three maybe cuz you need,organization,1,1,1,0,2026-09-20T07:01:11.243757+00:00,2026-09-20T07:01:11.243757+00:00,mq7GSzwaGBw,one's a good idea company of three maybe cuz you need a group you need something,new,,,20260919_235645_YT001,20260919_235645_YT001
on on the on the phone,on on the on the phone,organization,1,1,1,0,2026-09-20T07:01:11.243757+00:00,2026-09-20T07:01:11.243757+00:00,v4d389XfJbA,"But, when Feder got the company on on the on the phone, they say it's the he",new,,,20260919_235645_YT001,20260919_235645_YT001
on war and,On War. And,person_or_named_entity,1,1,1,0,2026-09-20T07:01:11.243757+00:00,2026-09-20T07:01:11.243757+00:00,eoeftpuyQXw,"aren't familiar, uh Clausewitz wrote On War. And uh the the German term is",new,,,20260919_235645_YT001,20260919_235645_YT001
one of the most conservative republicans,one of the most conservative Republicans,named_entity,1,1,1,0,2026-09-20T07:01:11.243757+00:00,2026-09-20T07:01:11.243757+00:00,vR-o6IGspmU,because I brought the bill with one of the most conservative Republicans in our,new,,,20260919_235645_YT001,20260919_235645_YT001
open source models,open source models,person_or_named_entity,1,1,1,0,2026-09-20T07:01:11.243757+00:00,2026-09-20T07:01:11.243757+00:00,mq7GSzwaGBw,"their servers. But with open source models, you can run the AI on your own",new,,,20260919_235645_YT001,20260919_235645_YT001
or some government grind,or some government grind,government,1,1,1,0,2026-09-20T07:01:11.243757+00:00,2026-09-20T07:01:11.243757+00:00,vR-o6IGspmU,the corporate [music] sponsor or some government grind.,new,,,20260919_235645_YT001,20260919_235645_YT001
our allies all over europe,our allies all over Europe,person_or_named_entity,1,1,1,0,2026-09-20T07:01:11.243757+00:00,2026-09-20T07:01:11.243757+00:00,WGn_E_9ZS2Q,been grabbed. And we are working with our allies all over Europe to grab,new,,,20260919_235645_YT001,20260919_235645_YT001
our cash legislation,our cash legislation,person_or_named_entity,1,1,1,0,2026-09-20T07:01:11.243757+00:00,2026-09-20T07:01:11.243757+00:00,vR-o6IGspmU,">> I would like to start with our cash legislation that we passed last year,",new,,,20260919_235645_YT001,20260919_235645_YT001
our government,our government,government,1,1,1,0,2026-09-20T07:01:11.243757+00:00,2026-09-20T07:01:11.243757+00:00,qy-4MKNeDzU,identifying our culture with our government.,new,,,20260919_235645_YT001,20260919_235645_YT001
our uh customer service person,our uh customer service person,product,1,1,1,0,2026-09-20T07:01:11.243757+00:00,2026-09-20T07:01:11.243757+00:00,mq7GSzwaGBw,">> So, I checked with our uh customer service person and we have 51",new,,,20260919_235645_YT001,20260919_235645_YT001
out the success stories,out the success stories,person_or_named_entity,1,1,1,0,2026-09-20T07:01:11.243757+00:00,2026-09-20T07:01:11.243757+00:00,H0v8c7WingM,it's just amazing. You've really called out the success stories and and so with,new,,,20260919_235645_YT001,20260919_235645_YT001
pakistan on this,Pakistan on this,person_or_named_entity,1,1,1,0,2026-09-20T07:01:11.243757+00:00,2026-09-20T07:01:11.243757+00:00,MGnJEb4sXwM,"those states said, ""Sorry, we are with Pakistan on this."" And so we had a",new,,,20260919_235645_YT001,20260919_235645_YT001
palunteer technologies using ai systems,Palunteer technologies using AI systems,person_or_named_entity,1,1,1,0,2026-09-20T07:01:11.243757+00:00,2026-09-20T07:01:11.243757+00:00,mq7GSzwaGBw,Andreel itself works closely with Palunteer technologies using AI systems,new,,,20260919_235645_YT001,20260919_235645_YT001
parades or something like,parades or something like,person_or_named_entity,1,1,1,0,2026-09-20T07:01:11.243757+00:00,2026-09-20T07:01:11.243757+00:00,qy_N0XOlApA,helping them with parades or something like that and you will get a lot more,new,,,20260919_235645_YT001,20260919_235645_YT001
part of what david was talking,part of what David was talking,named_entity,1,1,1,0,2026-09-20T07:01:11.243757+00:00,2026-09-20T07:01:11.243757+00:00,W4aWp1dC5ZU,dealt with part of what David was talking about before and Katherine was,new,,,20260919_235645_YT001,20260919_235645_YT001
pattern of life data pattern of,pattern of life data. Pattern of,named_entity,1,1,1,0,2026-09-20T07:01:11.243757+00:00,2026-09-20T07:01:11.243757+00:00,WET6BjpHGkc,on is called pattern of life data. Pattern of life data is,new,,,20260919_235645_YT001,20260919_235645_YT001
paul we,Paul We,person_or_named_entity,1,1,1,0,2026-09-20T07:01:11.243757+00:00,2026-09-20T07:01:11.243757+00:00,OnEOcaUnBg0,these companies have a Paul We call at the Investment Screen,new,,,20260919_235645_YT001,20260919_235645_YT001
people about this this is a,people about this. This is a,named_entity,1,1,1,0,2026-09-20T07:01:11.243757+00:00,2026-09-20T07:01:11.243757+00:00,0X0H0jcnelU,That's key. We've got to be upfront with people about this. This is a war.,new,,,20260919_235645_YT001,20260919_235645_YT001
people all over the country totally,people all over the country totally,named_entity,1,1,1,0,2026-09-20T07:01:11.243757+00:00,2026-09-20T07:01:11.243757+00:00,mq7GSzwaGBw,we did hundreds of transactions with people all over the country totally on,new,,,20260919_235645_YT001,20260919_235645_YT001
people all over the world,people all over the world,person_or_named_entity,1,1,1,0,2026-09-20T07:01:11.243757+00:00,2026-09-20T07:01:11.243757+00:00,mq7GSzwaGBw,internet collaborating with people all over the world and uh then kind of that,new,,,20260919_235645_YT001,20260919_235645_YT001
people who have been,people who have been,person_or_named_entity,1,1,1,0,2026-09-20T07:01:11.243757+00:00,2026-09-20T07:01:11.243757+00:00,mq7GSzwaGBw,"I've actually been with people who have been, okay, you've been reading your AI",new,,,20260919_235645_YT001,20260919_235645_YT001
peter mandolen,Peter Mandolen,person_or_named_entity,1,1,1,0,2026-09-20T07:01:11.243757+00:00,2026-09-20T07:01:11.243757+00:00,mq7GSzwaGBw,"Theo through no other than Peter Mandolen. Clearly, this isn't just about",new,,,20260919_235645_YT001,20260919_235645_YT001
phoenix then,Phoenix. Then,person_or_named_entity,1,1,1,0,2026-09-20T07:01:11.243757+00:00,2026-09-20T07:01:11.243757+00:00,9Td1lcX-Cno,Phoenix. Then that was followed by a further,new,,,20260919_235645_YT001,20260919_235645_YT001
physical cash,physical cash,person_or_named_entity,1,1,1,0,2026-09-20T07:01:11.243757+00:00,2026-09-20T07:01:11.243757+00:00,vR-o6IGspmU,the upper class paying with physical cash because we are going to lose it. Um,new,,,20260919_235645_YT001,20260919_235645_YT001
physical cash prevents tracking,physical cash prevents tracking,person_or_named_entity,1,1,1,0,2026-09-20T07:01:11.243757+00:00,2026-09-20T07:01:11.243757+00:00,vR-o6IGspmU,whereases whereas payment with physical cash prevents tracking and controlling,new,,,20260919_235645_YT001,20260919_235645_YT001
physical cash saves businesses money on,physical cash saves businesses money on,named_entity,1,1,1,0,2026-09-20T07:01:11.243757+00:00,2026-09-20T07:01:11.243757+00:00,vR-o6IGspmU,purchases and whereas payment with physical cash saves businesses money on,new,,,20260919_235645_YT001,20260919_235645_YT001
pirate money pirate money partners,Pirate Money. Pirate Money Partners,person_or_named_entity,1,1,1,0,2026-09-20T07:01:11.243757+00:00,2026-09-20T07:01:11.243757+00:00,vR-o6IGspmU,"made by Mr. Kevin Freeman from Pirate Money. Pirate Money Partners with Glint,",new,,,20260919_235645_YT001,20260919_235645_YT001
pirate money so,Pirate Money. So,organization,1,1,1,0,2026-09-20T07:01:11.243757+00:00,2026-09-20T07:01:11.243757+00:00,vR-o6IGspmU,"has has some kind of company uh Pirate Money. So from Pirate Money, I was able",new,,,20260919_235645_YT001,20260919_235645_YT001
poland um,Poland. Um,person_or_named_entity,1,1,1,0,2026-09-20T07:01:11.243757+00:00,2026-09-20T07:01:11.243757+00:00,ChdoKKB48CU,uh with the dissection of Poland. Um and we are still deeply enmeshed in,new,,,20260919_235645_YT001,20260919_235645_YT001
politics cuz in the united states,politics cuz in the United States,named_entity,1,1,1,0,2026-09-20T07:01:11.243757+00:00,2026-09-20T07:01:11.243757+00:00,v5Hdh0OeemA,"next? Now, I want to start with politics cuz in the United States we're coming",new,,,20260919_235645_YT001,20260919_235645_YT001
professors and whatever,professors and whatever,person_or_named_entity,1,1,1,0,2026-09-20T07:01:11.243757+00:00,2026-09-20T07:01:11.243757+00:00,oc8B5AqvkUE,"of whom are distinguished so-called professors and whatever, saying we're",new,,,20260919_235645_YT001,20260919_235645_YT001
programmable money in the automated third,programmable money in the automated third,named_entity,1,1,1,0,2026-09-20T07:01:11.243757+00:00,2026-09-20T07:01:11.243757+00:00,xPEfDUJiE_w,"talking about with programmable money in the automated third lock, it's now the",new,,,20260919_235645_YT001,20260919_235645_YT001
range rover they,Range Rover. They,person_or_named_entity,1,1,1,0,2026-09-20T07:01:11.243757+00:00,2026-09-20T07:01:11.243757+00:00,v4d389XfJbA,that rented him the Range Rover. They said the they they they reported,new,,,20260919_235645_YT001,20260919_235645_YT001
red tape,red tape,person_or_named_entity,1,1,1,0,2026-09-20T07:01:11.243757+00:00,2026-09-20T07:01:11.243757+00:00,Nx-vggrpYNw,"militarily. So, we're going to win with red tape",new,,,20260919_235645_YT001,20260919_235645_YT001
representative s not,Representative S. Not,person_or_named_entity,1,1,1,0,2026-09-20T07:01:11.243757+00:00,2026-09-20T07:01:11.243757+00:00,vR-o6IGspmU,comprehensive list for Representative S. Not that I thought I would bring this,new,,,20260919_235645_YT001,20260919_235645_YT001
right mr global,Right. Mr. Global,person_or_named_entity,1,1,1,0,2026-09-20T07:01:11.243757+00:00,2026-09-20T07:01:11.243757+00:00,SkLWbV2A-aI,"wouldn't be happening. So, Right. Mr. Global is shutting down the global",new,,,20260919_235645_YT001,20260919_235645_YT001
right right that s,Right. Right. That's,person_or_named_entity,1,1,1,0,2026-09-20T07:01:11.243757+00:00,2026-09-20T07:01:11.243757+00:00,tXxuSX7iNeM,Right. Right. That's kind of that's kind of where I,new,,,20260919_235645_YT001,20260919_235645_YT001
right right they,Right. Right. They,person_or_named_entity,1,1,1,0,2026-09-20T07:01:11.243757+00:00,2026-09-20T07:01:11.243757+00:00,87SJi_DDbt4,phone and start screaming. Right. Right. They wake up. Emails,new,,,20260919_235645_YT001,20260919_235645_YT001
right right you what,Right. Right. You...what,person_or_named_entity,1,1,1,0,2026-09-20T07:01:11.243757+00:00,2026-09-20T07:01:11.243757+00:00,RRPA9FVZ2Ds,Right. Right. You...what you have,new,,,20260919_235645_YT001,20260919_235645_YT001
right that s,Right. That's,person_or_named_entity,1,1,1,0,2026-09-20T07:01:11.243757+00:00,2026-09-20T07:01:11.243757+00:00,tdcH4dZ12vQ,>> Right. That's right.,new,,,20260919_235645_YT001,20260919_235645_YT001
right yep yeah,Right. Yep. Yeah,person_or_named_entity,1,1,1,0,2026-09-20T07:01:11.243757+00:00,2026-09-20T07:01:11.243757+00:00,vR-o6IGspmU,>> Right. Yep. Yeah. [laughter],new,,,20260919_235645_YT001,20260919_235645_YT001
right you,Right. You,government,1,1,1,0,2026-09-20T07:01:11.243757+00:00,2026-09-20T07:01:11.243757+00:00,tXxuSX7iNeM,"come out on that one. Right. You know, when when the US government",new,,,20260919_235645_YT001,20260919_235645_YT001
road foods,Road Foods,person_or_named_entity,1,1,1,0,2026-09-20T07:01:11.243757+00:00,2026-09-20T07:01:11.243757+00:00,vR-o6IGspmU,"the talks I want to listen to at Road Foods. Well, he just didn't put in any",new,,,20260919_235645_YT001,20260919_235645_YT001
robotics for the cost of labor,robotics for the cost of labor,named_entity,1,1,1,0,2026-09-20T07:01:11.243757+00:00,2026-09-20T07:01:11.243757+00:00,wnz7NM7h9R4,much with robotics for the cost of labor.,new,,,20260919_235645_YT001,20260919_235645_YT001
rome and,Rome. And,person_or_named_entity,1,1,1,0,2026-09-20T07:01:11.243757+00:00,2026-09-20T07:01:11.243757+00:00,LCbpnzlLKg8,Rome. And there are sort of cafes down to I,new,,,20260919_235645_YT001,20260919_235645_YT001
round table it,Round Table. It,person_or_named_entity,1,1,1,0,2026-09-20T07:01:11.243757+00:00,2026-09-20T07:01:11.243757+00:00,ChdoKKB48CU,It set up what was called the Round Table. It was run by Lord Alfred Milner.,new,,,20260919_235645_YT001,20260919_235645_YT001
rushmore you re,Rushmore. You're,person_or_named_entity,1,1,1,0,2026-09-20T07:01:11.243757+00:00,2026-09-20T07:01:11.243757+00:00,vR-o6IGspmU,"only paying for parking at Rushmore. You're not paying for admission. So,",new,,,20260919_235645_YT001,20260919_235645_YT001
russia in in supporting its skeleton,Russia in in supporting its skeleton,named_entity,1,1,1,0,2026-09-20T07:01:11.243757+00:00,2026-09-20T07:01:11.243757+00:00,MGnJEb4sXwM,Saudi Arabia and um and um with Russia in in supporting its skeleton has been,new,,,20260919_235645_YT001,20260919_235645_YT001
san francisco do,San Francisco. Do,person_or_named_entity,1,1,1,0,2026-09-20T07:01:11.243757+00:00,2026-09-20T07:01:11.243757+00:00,vR-o6IGspmU,New York or Visa headquartered in San Francisco. Do we as South Dotans really,new,,,20260919_235645_YT001,20260919_235645_YT001
sanford health their,Sanford Health. Their,person_or_named_entity,1,1,1,0,2026-09-20T07:01:11.243757+00:00,2026-09-20T07:01:11.243757+00:00,vR-o6IGspmU,Dakota. They're owned by Sanford Health. Their revenue was 9.8 billion and income,new,,,20260919_235645_YT001,20260919_235645_YT001
sanford pentagon admissions they re,Sanford Pentagon Admissions. They're,person_or_named_entity,1,1,1,0,2026-09-20T07:01:11.243757+00:00,2026-09-20T07:01:11.243757+00:00,vR-o6IGspmU,"The next one, Sanford Pentagon Admissions. They're not a small",new,,,20260919_235645_YT001,20260919_235645_YT001
sanford premier center concessions,Sanford Premier Center Concessions,person_or_named_entity,1,1,1,0,2026-09-20T07:01:11.243757+00:00,2026-09-20T07:01:11.243757+00:00,vR-o6IGspmU,Sanford Premier Center Concessions.,new,,,20260919_235645_YT001,20260919_235645_YT001
sanford premier center concessions they re,Sanford Premier Center Concessions. They're,person_or_named_entity,1,1,1,0,2026-09-20T07:01:11.243757+00:00,2026-09-20T07:01:11.243757+00:00,vR-o6IGspmU,Sanford Premier Center Concessions. They're not a small business. They're,new,,,20260919_235645_YT001,20260919_235645_YT001
sci and sci became the foundation,sci and sci became the foundation,organization,1,1,1,0,2026-09-20T07:01:11.243757+00:00,2026-09-20T07:01:11.243757+00:00,mq7GSzwaGBw,that grew in to a project called sci and sci became the foundation of a lot of,new,,,20260919_235645_YT001,20260919_235645_YT001
secretary besant,Secretary Besant,person_or_named_entity,1,1,1,0,2026-09-20T07:01:11.243757+00:00,2026-09-20T07:01:11.243757+00:00,WGn_E_9ZS2Q,it would be this one for Secretary Besant.,new,,,20260919_235645_YT001,20260919_235645_YT001
selective service but,Selective Service. But,product,1,1,1,0,2026-09-20T07:01:11.243757+00:00,2026-09-20T07:01:11.243757+00:00,es1SX2TSqz8,"with the Selective Service. But under a proposed rule, men aged 18",new,,,20260919_235645_YT001,20260919_235645_YT001
settlement it,Settlement. It,person_or_named_entity,1,1,1,0,2026-09-20T07:01:11.243757+00:00,2026-09-20T07:01:11.243757+00:00,ChdoKKB48CU,Pale of Settlement. It exported it finally exported,new,,,20260919_235645_YT001,20260919_235645_YT001
silicon valley just,Silicon Valley. Just,person_or_named_entity,1,1,1,0,2026-09-20T07:01:11.243757+00:00,2026-09-20T07:01:11.243757+00:00,vR-o6IGspmU,You don't have to fight with Silicon Valley. Just don't use them. Walk away.,new,,,20260919_235645_YT001,20260919_235645_YT001
silicon valley just don t use them,Silicon Valley. Just don't use them,named_entity,1,1,1,0,2026-09-20T07:01:11.243757+00:00,2026-09-20T07:01:11.243757+00:00,vR-o6IGspmU,You don't have to fight with Silicon Valley. Just don't use them. Walk away.,new,,,20260919_235645_YT001,20260919_235645_YT001
silverstar car wash they re,Silverstar Car Wash. They're,person_or_named_entity,1,1,1,0,2026-09-20T07:01:11.243757+00:00,2026-09-20T07:01:11.243757+00:00,vR-o6IGspmU,"The next one, Silverstar Car Wash. They're not a small business. They're",new,,,20260919_235645_YT001,20260919_235645_YT001
slides were made by mr kevin,slides were made by Mr. Kevin,named_entity,1,1,1,0,2026-09-20T07:01:11.243757+00:00,2026-09-20T07:01:11.243757+00:00,vR-o6IGspmU,"said, ""The prime sponsor slides were made by Mr. Kevin Freeman from Pirate",new,,,20260919_235645_YT001,20260919_235645_YT001
so yeah,So Yeah,person_or_named_entity,1,1,1,0,2026-09-20T07:01:11.243757+00:00,2026-09-20T07:01:11.243757+00:00,YItOkNjS4OY,So Yeah and I would say like you said,new,,,20260919_235645_YT001,20260919_235645_YT001
some not very serious semblance of,some not very serious semblance of,named_entity,1,1,1,0,2026-09-20T07:01:11.243757+00:00,2026-09-20T07:01:11.243757+00:00,MGnJEb4sXwM,to break the blockade with some not very serious semblance of American military,new,,,20260919_235645_YT001,20260919_235645_YT001
some system prompting,some system prompting,product,1,1,1,0,2026-09-20T07:01:11.243757+00:00,2026-09-20T07:01:11.243757+00:00,mq7GSzwaGBw,>> So that quarterly information with some system prompting and the model could be,new,,,20260919_235645_YT001,20260919_235645_YT001
sort of gold,sort of gold,person_or_named_entity,1,1,1,0,2026-09-20T07:01:11.243757+00:00,2026-09-20T07:01:11.243757+00:00,vR-o6IGspmU,glittery. They were black slides with sort of gold and silver and they were,new,,,20260919_235645_YT001,20260919_235645_YT001
sou falls city council so,Sou Falls City Council. So,organization,1,1,1,0,2026-09-20T07:01:11.243757+00:00,2026-09-20T07:01:11.243757+00:00,vR-o6IGspmU,Brandon have no voice in the Sou Falls City Council. So the resident the homes,new,,,20260919_235645_YT001,20260919_235645_YT001
sou falls and,Sou Falls. And,person_or_named_entity,1,1,1,0,2026-09-20T07:01:11.243757+00:00,2026-09-20T07:01:11.243757+00:00,vR-o6IGspmU,part of this Utopia land in Sou Falls. And then the kill switches in the,new,,,20260919_235645_YT001,20260919_235645_YT001
sou falls but,Sou Falls. But,person_or_named_entity,1,1,1,0,2026-09-20T07:01:11.243757+00:00,2026-09-20T07:01:11.243757+00:00,vR-o6IGspmU,"community are in Brandon, not in Sou Falls. But us moms, cell phone tower",new,,,20260919_235645_YT001,20260919_235645_YT001
sou falls turns,Sou Falls. Turns,person_or_named_entity,1,1,1,0,2026-09-20T07:01:11.243757+00:00,2026-09-20T07:01:11.243757+00:00,vR-o6IGspmU,I showed them the flock cameras in Sou Falls. Turns out all of our current,new,,,20260919_235645_YT001,20260919_235645_YT001
sound is one,sound is one,person_or_named_entity,1,1,1,0,2026-09-20T07:01:11.243757+00:00,2026-09-20T07:01:11.243757+00:00,hxQGwThmCD8,healing that we are addressing here with sound is one that is a holistic,new,,,20260919_235645_YT001,20260919_235645_YT001
south dakota denny sanford premier center,South Dakota. Denny Sanford Premier Center,named_entity,1,1,1,0,2026-09-20T07:01:11.243757+00:00,2026-09-20T07:01:11.243757+00:00,vR-o6IGspmU,not based in South Dakota. Denny Sanford Premier Center Concessions is operated,new,,,20260919_235645_YT001,20260919_235645_YT001
soviet union,Soviet Union,person_or_named_entity,1,1,1,0,2026-09-20T07:01:11.243757+00:00,2026-09-20T07:01:11.243757+00:00,tK4hyAbE3rw,"keep its culture alive during the Soviet Union period. You know, they came out of",new,,,20260919_235645_YT001,20260919_235645_YT001
stalin and,Stalin. And,person_or_named_entity,1,1,1,0,2026-09-20T07:01:11.243757+00:00,2026-09-20T07:01:11.243757+00:00,tK4hyAbE3rw,Hitler and then went right into Stalin. And they managed to keep their culture,new,,,20260919_235645_YT001,20260919_235645_YT001
stefan cardinal,Stefan Cardinal,person_or_named_entity,1,1,1,0,2026-09-20T07:01:11.243757+00:00,2026-09-20T07:01:11.243757+00:00,RRdQPuFQCik,">> And you've got you've got Stefan Cardinal Wyszynski, Cardinal Archbishop",new,,,20260919_235645_YT001,20260919_235645_YT001
stephen zarlenga,Stephen Zarlenga,person_or_named_entity,1,1,1,0,2026-09-20T07:01:11.243757+00:00,2026-09-20T07:01:11.243757+00:00,j4rItIYZV_o,giant here by the name of Stephen Zarlenga.,new,,,20260919_235645_YT001,20260919_235645_YT001
stickers at halloween you just need,stickers at Halloween. You just need,named_entity,1,1,1,0,2026-09-20T07:01:11.243757+00:00,2026-09-20T07:01:11.243757+00:00,vR-o6IGspmU,with stickers at Halloween. You just need to pay with cash for at least your,new,,,20260919_235645_YT001,20260919_235645_YT001
still in venezuela so okay,still in Venezuela. So Okay,organization,1,1,1,0,2026-09-20T07:01:11.243757+00:00,2026-09-20T07:01:11.243757+00:00,YItOkNjS4OY,company still in Venezuela. So Okay. And and energy is important cuz,new,,,20260919_235645_YT001,20260919_235645_YT001
sugar on halloween cuz they like,sugar on Halloween cuz they like,named_entity,1,1,1,0,2026-09-20T07:01:11.243757+00:00,2026-09-20T07:01:11.243757+00:00,vR-o6IGspmU,to not poison kids with sugar on Halloween cuz they like the cash more.,new,,,20260919_235645_YT001,20260919_235645_YT001
sun we ll,Sun. We'll,person_or_named_entity,1,1,1,0,2026-09-20T07:01:11.243757+00:00,2026-09-20T07:01:11.243757+00:00,oc8B5AqvkUE,okay the Earth goes around the Sun. We'll we'll we'll agree to that part of,new,,,20260919_235645_YT001,20260919_235645_YT001
susan and her family is always,Susan and her family is always,named_entity,1,1,1,0,2026-09-20T07:01:11.243757+00:00,2026-09-20T07:01:11.243757+00:00,vR-o6IGspmU,"have to tell you, spending 24 hours with Susan and her family is always an",new,,,20260919_235645_YT001,20260919_235645_YT001
swift western,Swift Western,product,1,1,1,0,2026-09-20T07:01:11.243757+00:00,2026-09-20T07:01:11.243757+00:00,MaTz-usR3uo,"Russian payment system and the Swift Western system,",new,,,20260919_235645_YT001,20260919_235645_YT001
switch,Switch,named_entity,1,1,1,0,2026-09-20T07:01:11.243757+00:00,2026-09-20T07:01:11.243757+00:00,ilzuEH2Enr4,Switch.,new,,,20260919_235645_YT001,20260919_235645_YT001
switch and,Switch. And,person_or_named_entity,1,1,1,0,2026-09-20T07:01:11.243757+00:00,2026-09-20T07:01:11.243757+00:00,ilzuEH2Enr4,Switch. And he goes back 200 years and and goes,new,,,20260919_235645_YT001,20260919_235645_YT001
tariffs and a variety of things,tariffs and a variety of things,named_entity,1,1,1,0,2026-09-20T07:01:11.243757+00:00,2026-09-20T07:01:11.243757+00:00,MztMjj6LxXk,happening with tariffs and a variety of things. And if you look at the corporate,new,,,20260919_235645_YT001,20260919_235645_YT001
tarquin and um uh,Tarquin and um uh,person_or_named_entity,1,1,1,0,2026-09-20T07:01:11.243757+00:00,2026-09-20T07:01:11.243757+00:00,LCbpnzlLKg8,illustrating with Tarquin and um uh and and also civilization.,new,,,20260919_235645_YT001,20260919_235645_YT001
team didn t want signatures turned in,team didn't want signatures turned in,organization,1,1,1,0,2026-09-20T07:01:11.243757+00:00,2026-09-20T07:01:11.243757+00:00,vR-o6IGspmU,organization team didn't want signatures turned in to the city clerk or the city,new,,,20260919_235645_YT001,20260919_235645_YT001
tech giants this has,tech giants. This has,person_or_named_entity,1,1,1,0,2026-09-20T07:01:11.243757+00:00,2026-09-20T07:01:11.243757+00:00,raxt96y9XFQ,>> This has nothing to do with tech giants. This has to do with the new money,new,,,20260919_235645_YT001,20260919_235645_YT001
temple to the,Temple to the,person_or_named_entity,1,1,1,0,2026-09-20T07:01:11.243757+00:00,2026-09-20T07:01:11.243757+00:00,KiRtjIh2kjc,"So, welcome [snorts] Mr. Temple to the",new,,,20260919_235645_YT001,20260919_235645_YT001
temple to the solari report your,Temple to the Solari Report. Your,product,1,1,1,0,2026-09-20T07:01:11.243757+00:00,2026-09-20T07:01:11.243757+00:00,KiRtjIh2kjc,"So, welcome [snorts] Mr. Temple to the Solari Report. Your book has made waves",new,,,20260919_235645_YT001,20260919_235645_YT001
tennessee you,Tennessee. You,person_or_named_entity,1,1,1,0,2026-09-20T06:45:40.991711+00:00,2026-09-20T06:45:40.991711+00:00,p0jPh9KrCgc,"in Tennessee. You know, but if you look at who owns",new,,,20260919_234459_YT001,20260919_234459_YT001
tesla s wireless power system,Tesla's wireless power system,product,1,1,1,0,2026-09-20T07:01:11.243757+00:00,2026-09-20T07:01:11.243757+00:00,oGWf3g8iYLA,energy with Tesla's wireless power system.,new,,,20260919_235645_YT001,20260919_235645_YT001
that all these codes are never,that all these codes are never,product,1,1,1,0,2026-09-20T07:01:11.243757+00:00,2026-09-20T07:01:11.243757+00:00,RRPA9FVZ2Ds,write in the book that all these codes are never,new,,,20260919_235645_YT001,20260919_235645_YT001
that and many of these challenges,that and many of these challenges,named_entity,1,1,1,0,2026-09-20T07:01:11.243757+00:00,2026-09-20T07:01:11.243757+00:00,mq7GSzwaGBw,>> Now there's challenges with that and many of these challenges we've seen in,new,,,20260919_235645_YT001,20260919_235645_YT001
that and so we need,that and so we need,person_or_named_entity,1,1,1,0,2026-09-20T07:01:11.243757+00:00,2026-09-20T07:01:11.243757+00:00,mq7GSzwaGBw,11 years dealing with that and so we need to jump the curve solution.,new,,,20260919_235645_YT001,20260919_235645_YT001
that and the amount you pay,that and the amount you pay,organization,1,1,1,0,2026-09-20T07:01:11.243757+00:00,2026-09-20T07:01:11.243757+00:00,mq7GSzwaGBw,more accessible to just any company that and the amount you pay really depends on,new,,,20260919_235645_YT001,20260919_235645_YT001
that attack on a california electrical,that attack on a California electrical,named_entity,1,1,1,0,2026-09-20T07:01:11.243757+00:00,2026-09-20T07:01:11.243757+00:00,9Td1lcX-Cno,"the 2000s with that attack on a California electrical substation, when",new,,,20260919_235645_YT001,20260919_235645_YT001
that excess power so why not,that excess power so why not,named_entity,1,1,1,0,2026-09-20T07:01:11.243757+00:00,2026-09-20T07:01:11.243757+00:00,oGWf3g8iYLA,something with that excess power so why not plug it into the grid?,new,,,20260919_235645_YT001,20260919_235645_YT001
that helps companies get started uh,that helps companies get started. Uh,organization,1,1,1,0,2026-09-20T07:01:11.243757+00:00,2026-09-20T07:01:11.243757+00:00,mq7GSzwaGBw,our sister organization that helps companies get started. Uh or we might,new,,,20260919_235645_YT001,20260919_235645_YT001
that is all my life i ve,that is all my life I've,named_entity,1,1,1,0,2026-09-20T07:01:11.243757+00:00,2026-09-20T07:01:11.243757+00:00,eyItREqSFvA,ways we have to deal with that is all my life I've heard about political,new,,,20260919_235645_YT001,20260919_235645_YT001
that knows it wants,that knows it wants,organization,1,1,1,0,2026-09-20T07:01:11.243757+00:00,2026-09-20T07:01:11.243757+00:00,mq7GSzwaGBw,countries any organization that knows it wants to build AI and own it,new,,,20260919_235645_YT001,20260919_235645_YT001
that language if someone determines my,that language. If someone determines my,named_entity,1,1,1,0,2026-09-20T07:01:11.243757+00:00,2026-09-20T07:01:11.243757+00:00,WET6BjpHGkc,problem with that language. If someone determines my views or my,new,,,20260919_235645_YT001,20260919_235645_YT001
that organizes capital,that organizes capital,organization,1,1,1,0,2026-09-20T07:01:11.243757+00:00,2026-09-20T07:01:11.243757+00:00,mq7GSzwaGBw,It's just a a company that organizes capital and then itself might start,new,,,20260919_235645_YT001,20260919_235645_YT001
that produced it,that produced it,organization,1,1,1,0,2026-09-20T07:01:11.243757+00:00,2026-09-20T07:01:11.243757+00:00,mq7GSzwaGBw,will reflect the organization that produced it.,new,,,20260919_235645_YT001,20260919_235645_YT001
that that changed the ucc,that that changed the UCC,person_or_named_entity,1,1,1,0,2026-09-20T07:01:11.243757+00:00,2026-09-20T07:01:11.243757+00:00,W4aWp1dC5ZU,back-to-back with that that changed the UCC to protect Tennessee people and,new,,,20260919_235645_YT001,20260919_235645_YT001
that uses violence or the threat,that uses violence or the threat,organization,1,1,1,0,2026-09-20T07:01:11.243757+00:00,2026-09-20T07:01:11.243757+00:00,WET6BjpHGkc,is a person or organization that uses violence or the threat of violence,new,,,20260919_235645_YT001,20260919_235645_YT001
that was engaged um in this,that was engaged um in this,organization,1,1,1,0,2026-09-20T07:01:11.243757+00:00,2026-09-20T07:01:11.243757+00:00,MGnJEb4sXwM,commercial institute that was engaged um in this. They made,new,,,20260919_235645_YT001,20260919_235645_YT001
that you take the capability of,that you take the capability of,organization,1,1,1,0,2026-09-20T07:01:11.243757+00:00,2026-09-20T07:01:11.243757+00:00,mq7GSzwaGBw,organization that you take the capability of AI but retain the,new,,,20260919_235645_YT001,20260919_235645_YT001
that s south dakota but,That's South Dakota. But,person_or_named_entity,1,1,1,0,2026-09-20T07:01:11.243757+00:00,2026-09-20T07:01:11.243757+00:00,vR-o6IGspmU,because of weather. That's South Dakota. But my plan is still for next year to uh,new,,,20260919_235645_YT001,20260919_235645_YT001
that and so,that. And so,person_or_named_entity,1,1,1,0,2026-09-20T07:01:11.243757+00:00,2026-09-20T07:01:11.243757+00:00,MGnJEb4sXwM,"know, you've got to help us with that. And so, that was the Brit quid proquo.",new,,,20260919_235645_YT001,20260919_235645_YT001
that the more upfront we are,that. The more upfront we are,named_entity,1,1,1,0,2026-09-20T07:01:11.243757+00:00,2026-09-20T07:01:11.243757+00:00,0X0H0jcnelU,"Let's be very upfront with that. The more upfront we are with that, the",new,,,20260919_235645_YT001,20260919_235645_YT001
the accountability,the accountability,person_or_named_entity,1,1,1,0,2026-09-20T07:01:11.243757+00:00,2026-09-20T07:01:11.243757+00:00,mq7GSzwaGBw,"very very well. But with the accountability,",new,,,20260919_235645_YT001,20260919_235645_YT001
the code as long as you,the code as long as you,named_entity,1,1,1,0,2026-09-20T07:01:11.243757+00:00,2026-09-20T07:01:11.243757+00:00,mq7GSzwaGBw,They let you do almost anything with the code as long as you give credit to the,new,,,20260919_235645_YT001,20260919_235645_YT001
the conduct of the war right,the conduct of the war. Right,named_entity,1,1,1,0,2026-09-20T07:01:11.243757+00:00,2026-09-20T07:01:11.243757+00:00,MGnJEb4sXwM,nothing to do with the conduct of the war. Right.,new,,,20260919_235645_YT001,20260919_235645_YT001
the digital tokens so,the digital tokens. So,person_or_named_entity,1,1,1,0,2026-09-20T07:01:11.243757+00:00,2026-09-20T07:01:11.243757+00:00,vR-o6IGspmU,"with payment stable coins, but also with the digital tokens. So, the DTC has",new,,,20260919_235645_YT001,20260919_235645_YT001
the dissection of poland um,the dissection of Poland. Um,person_or_named_entity,1,1,1,0,2026-09-20T07:01:11.243757+00:00,2026-09-20T07:01:11.243757+00:00,ChdoKKB48CU,uh with the dissection of Poland. Um and we are still deeply enmeshed in,new,,,20260919_235645_YT001,20260919_235645_YT001
the dollar bills so,the dollar bills. So,person_or_named_entity,1,1,1,0,2026-09-20T07:01:11.243757+00:00,2026-09-20T07:01:11.243757+00:00,vR-o6IGspmU,"does get circulated with the dollar bills. So, I love it that people are",new,,,20260919_235645_YT001,20260919_235645_YT001
the few freedoms i have left,the few freedoms I have left,named_entity,1,1,1,0,2026-09-20T07:01:11.243757+00:00,2026-09-20T07:01:11.243757+00:00,vR-o6IGspmU,I'd like to live out the rest of my life with the few freedoms I have left.,new,,,20260919_235645_YT001,20260919_235645_YT001
the gold,the gold,person_or_named_entity,1,1,1,0,2026-09-20T07:01:11.243757+00:00,2026-09-20T07:01:11.243757+00:00,KKxQfBk1zBY,the gold. What are you going to do with the gold? Are you going to put it back,new,,,20260919_235645_YT001,20260919_235645_YT001
the goldsmith in the city do,the goldsmith in the city. Do,named_entity,1,1,1,0,2026-09-20T07:01:11.243757+00:00,2026-09-20T07:01:11.243757+00:00,KKxQfBk1zBY,gold with the goldsmith in the city. Do you want me to go to the city? I get,new,,,20260919_235645_YT001,20260919_235645_YT001
the goldsmith i need some money,the goldsmith. I need some money,named_entity,1,1,1,0,2026-09-20T07:01:11.243757+00:00,2026-09-20T07:01:11.243757+00:00,KKxQfBk1zBY,"money? It's with the goldsmith. I need some money. Well, I'm going to ask the",new,,,20260919_235645_YT001,20260919_235645_YT001
the government is easily adaptable,the government is easily adaptable,government,1,1,1,0,2026-09-20T07:01:11.243757+00:00,2026-09-20T07:01:11.243757+00:00,Oxk8BAFUdBE,problems with the government is easily adaptable to those three targets in in,new,,,20260919_235645_YT001,20260919_235645_YT001
the house always wins,The House Always Wins,person_or_named_entity,1,1,1,0,2026-09-20T07:01:11.243757+00:00,2026-09-20T07:01:11.243757+00:00,MaTz-usR3uo,but they wrote one called The House Always Wins.,new,,,20260919_235645_YT001,20260919_235645_YT001
the incompetence of the government in,the incompetence of the government in,media_show,1,1,1,0,2026-09-20T07:01:11.243757+00:00,2026-09-20T07:01:11.243757+00:00,RRdQPuFQCik,tactic is you're trying to show the incompetence of the government in,new,,,20260919_235645_YT001,20260919_235645_YT001
the iran oil oil it it,the Iran oil oil it it,named_entity,1,1,1,0,2026-09-20T07:01:11.243757+00:00,2026-09-20T07:01:11.243757+00:00,YItOkNjS4OY,oil and now they're having trouble with the Iran oil oil it it makes crazy with,new,,,20260919_235645_YT001,20260919_235645_YT001
the maker of the tv they,the maker of the TV. They,named_entity,1,1,1,0,2026-09-20T07:01:11.243757+00:00,2026-09-20T07:01:11.243757+00:00,r7POfIOIJd8,being shared with the maker of the TV. They analyze that to find out what are,new,,,20260919_235645_YT001,20260919_235645_YT001
the mamas in our february meeting,the mamas in our February meeting,named_entity,1,1,1,0,2026-09-20T07:01:11.243757+00:00,2026-09-20T07:01:11.243757+00:00,Xu8_onfDCsQ,"our in our Febru- I'm sorry, with the mamas in our February meeting",new,,,20260919_235645_YT001,20260919_235645_YT001
the member,the member,person_or_named_entity,1,1,1,0,2026-09-20T07:01:11.243757+00:00,2026-09-20T07:01:11.243757+00:00,v-BQUZFqnRc,but to ground the communications with the member,new,,,20260919_235645_YT001,20260919_235645_YT001
the mentors in,the mentors in,person_or_named_entity,1,1,1,0,2026-09-20T07:01:11.243757+00:00,2026-09-20T07:01:11.243757+00:00,Xu8_onfDCsQ,cuz I just shared it with the mentors in,new,,,20260919_235645_YT001,20260919_235645_YT001
the mentors in our in our,the mentors in our in our,named_entity,1,1,1,0,2026-09-20T07:01:11.243757+00:00,2026-09-20T07:01:11.243757+00:00,Xu8_onfDCsQ,"cuz I just shared it with the mentors in our in our Febru- I'm sorry, with the",new,,,20260919_235645_YT001,20260919_235645_YT001
the new money,the new money,person_or_named_entity,1,1,1,0,2026-09-20T07:01:11.243757+00:00,2026-09-20T07:01:11.243757+00:00,raxt96y9XFQ,This has to do with the new money,new,,,20260919_235645_YT001,20260919_235645_YT001
the new money railroad,the new money railroad,person_or_named_entity,1,1,1,0,2026-09-20T07:01:11.243757+00:00,2026-09-20T07:01:11.243757+00:00,raxt96y9XFQ,This has to do with the new money railroad,new,,,20260919_235645_YT001,20260919_235645_YT001
the organizers,the organizers,person_or_named_entity,1,1,1,0,2026-09-20T07:01:11.243757+00:00,2026-09-20T07:01:11.243757+00:00,vR-o6IGspmU,multiple conversations with the organizers about this. I sent multiple,new,,,20260919_235645_YT001,20260919_235645_YT001
the panopticon systems getting checkmated by,the Panopticon systems getting checkmated by,named_entity,1,1,1,0,2026-09-20T07:01:11.243757+00:00,2026-09-20T07:01:11.243757+00:00,LTWifAkVVDg,"it was, particularly with the Panopticon systems getting checkmated by Iran.",new,,,20260919_235645_YT001,20260919_235645_YT001
the python documentary it was it,the Python documentary. It was it,product,1,1,1,0,2026-09-20T07:01:11.243757+00:00,2026-09-20T07:01:11.243757+00:00,mq7GSzwaGBw,>> It's called the Python documentary. It was it was produced by Colt Repo. It's,new,,,20260919_235645_YT001,20260919_235645_YT001
the right skills can examine,the right skills can examine,person_or_named_entity,1,1,1,0,2026-09-20T07:01:11.243757+00:00,2026-09-20T07:01:11.243757+00:00,mq7GSzwaGBw,"anyone with the right skills can examine, modify, and improve these",new,,,20260919_235645_YT001,20260919_235645_YT001
the round table it was run,the Round Table. It was run,named_entity,1,1,1,0,2026-09-20T07:01:11.243757+00:00,2026-09-20T07:01:11.243757+00:00,ChdoKKB48CU,It set up what was called the Round Table. It was run by Lord Alfred Milner.,new,,,20260919_235645_YT001,20260919_235645_YT001
the staff member um,the staff member. Um,person_or_named_entity,1,1,1,0,2026-09-20T07:01:11.243757+00:00,2026-09-20T07:01:11.243757+00:00,v-BQUZFqnRc,keep in touch with the staff member. Um,new,,,20260919_235645_YT001,20260919_235645_YT001
the three of us,the three of us,person_or_named_entity,1,1,1,0,2026-09-20T07:01:11.243757+00:00,2026-09-20T07:01:11.243757+00:00,vR-o6IGspmU,"would probably align with the three of us, most of all the political",new,,,20260919_235645_YT001,20260919_235645_YT001
the uae um in this case,the UAE um in this case,named_entity,1,1,1,0,2026-09-20T07:01:11.243757+00:00,2026-09-20T07:01:11.243757+00:00,MGnJEb4sXwM,with the UAE um in this case is um a a direct quid,new,,,20260919_235645_YT001,20260919_235645_YT001
the uh economic aspirations of most,the uh economic aspirations of most,named_entity,1,1,1,0,2026-09-20T07:01:11.243757+00:00,2026-09-20T07:01:11.243757+00:00,j4rItIYZV_o,consistent with the uh economic aspirations of most Americans. They're,new,,,20260919_235645_YT001,20260919_235645_YT001
the um futures in the oil,the um futures in the oil,named_entity,1,1,1,0,2026-09-20T07:01:11.243757+00:00,2026-09-20T07:01:11.243757+00:00,MGnJEb4sXwM,this happening just yesterday with the um futures in the oil market. uh you,new,,,20260919_235645_YT001,20260919_235645_YT001
the united states was trying,the United States was trying,person_or_named_entity,1,1,1,0,2026-09-20T07:01:11.243757+00:00,2026-09-20T07:01:11.243757+00:00,MGnJEb4sXwM,together with the United States was trying to coordinate,new,,,20260919_235645_YT001,20260919_235645_YT001
the universe let s just focus on,the universe. Let's just focus on,named_entity,1,1,1,0,2026-09-20T07:01:11.243757+00:00,2026-09-20T07:01:11.243757+00:00,oc8B5AqvkUE,the attitude was oh the hell with the universe. Let's just focus on um the the,new,,,20260919_235645_YT001,20260919_235645_YT001
the us conference of mayors,the US Conference of Mayors,event,1,1,1,0,2026-09-20T07:01:11.243757+00:00,2026-09-20T07:01:11.243757+00:00,87SJi_DDbt4,"They were joined by the US Conference of Mayors, the National League of Cities,",new,,,20260919_235645_YT001,20260919_235645_YT001
the us defense company,the US defense company,organization,1,1,1,0,2026-09-20T07:01:11.243757+00:00,2026-09-20T07:01:11.243757+00:00,mq7GSzwaGBw,"Thirdey Systems, and partnered with the US defense company, Anderil Industries.",new,,,20260919_235645_YT001,20260919_235645_YT001
the us like suddenly like we,the US like suddenly like we,named_entity,1,1,1,0,2026-09-20T07:01:11.243757+00:00,2026-09-20T07:01:11.243757+00:00,LTWifAkVVDg,camel's back with the US like suddenly like we got to get out of the this,new,,,20260919_235645_YT001,20260919_235645_YT001
the white,the White,person_or_named_entity,1,1,1,0,2026-09-20T07:01:11.243757+00:00,2026-09-20T07:01:11.243757+00:00,RRPA9FVZ2Ds,called the White,new,,,20260919_235645_YT001,20260919_235645_YT001
the whole buffalo thing,the whole Buffalo thing,person_or_named_entity,1,1,1,0,2026-09-20T07:01:11.243757+00:00,2026-09-20T07:01:11.243757+00:00,vR-o6IGspmU,"knew I lost my cool with the whole Buffalo thing, but it was true. You",new,,,20260919_235645_YT001,20260919_235645_YT001
the world on the flip side,the world. On the flip side,named_entity,1,1,1,0,2026-09-20T07:01:11.243757+00:00,2026-09-20T07:01:11.243757+00:00,mq7GSzwaGBw,"their work with the world. On the flip side, closed source code is private.",new,,,20260919_235645_YT001,20260919_235645_YT001
their credit cards they get it,their credit cards. They get it,named_entity,1,1,1,0,2026-09-20T07:01:11.243757+00:00,2026-09-20T07:01:11.243757+00:00,vR-o6IGspmU,lot of them are still paying with their credit cards. They get it. They've heard,new,,,20260919_235645_YT001,20260919_235645_YT001
their flag young children all,their flag young children all,person_or_named_entity,1,1,1,0,2026-09-20T07:01:11.243757+00:00,2026-09-20T07:01:11.243757+00:00,MGnJEb4sXwM,their shoulder marching through with their flag young children all and when,new,,,20260919_235645_YT001,20260919_235645_YT001
their religion or their religious beliefs,their religion or their religious beliefs,named_entity,1,1,1,0,2026-09-20T07:01:11.243757+00:00,2026-09-20T07:01:11.243757+00:00,MGnJEb4sXwM,cases for many people with their religion or their religious beliefs but,new,,,20260919_235645_YT001,20260919_235645_YT001
their state rep before,their state rep before,person_or_named_entity,1,1,1,0,2026-09-20T07:01:11.243757+00:00,2026-09-20T07:01:11.243757+00:00,W4aWp1dC5ZU,"someone has never met with their state rep before, what's the best way for them",new,,,20260919_235645_YT001,20260919_235645_YT001
their supplies,their supplies,person_or_named_entity,1,1,1,0,2026-09-20T07:01:11.243757+00:00,2026-09-20T07:01:11.243757+00:00,YItOkNjS4OY,the Iran oil oil it it makes crazy with their supplies.,new,,,20260919_235645_YT001,20260919_235645_YT001
them and they won t take a,them and they won't take a,named_entity,1,1,1,0,2026-09-20T07:01:11.243757+00:00,2026-09-20T07:01:11.243757+00:00,qy_N0XOlApA,can't connect with them and they won't take a lead and champion a,new,,,20260919_235645_YT001,20260919_235645_YT001
them one by one so,them one by one. So,person_or_named_entity,1,1,1,0,2026-09-20T07:01:11.243757+00:00,2026-09-20T07:01:11.243757+00:00,mD_aE7ZCMoo,"and you've got to deal with them one by one. So, if you're a Scott Bosun who",new,,,20260919_235645_YT001,20260919_235645_YT001
them this horror movie,them this horror movie,media_show,1,1,1,0,2026-09-20T07:01:11.243757+00:00,2026-09-20T07:01:11.243757+00:00,vR-o6IGspmU,"thought, let me show them this horror movie. And let me pause a minute about",new,,,20260919_235645_YT001,20260919_235645_YT001
them help them set up chairs,them. Help them set up chairs,named_entity,1,1,1,0,2026-09-20T07:01:11.243757+00:00,2026-09-20T07:01:11.243757+00:00,qy_N0XOlApA,"early. Build a relationship with them. Help them set up chairs or um you know,",new,,,20260919_235645_YT001,20260919_235645_YT001
them uh qualcomm um also wants,them. Uh Qualcomm um also wants,named_entity,1,1,1,0,2026-09-20T07:01:11.243757+00:00,2026-09-20T07:01:11.243757+00:00,mq7GSzwaGBw,league with them. Uh Qualcomm um also wants to have AI chips. Uh AMD there's,new,,,20260919_235645_YT001,20260919_235645_YT001
these systems,these systems,person_or_named_entity,1,1,1,0,2026-09-20T07:01:11.243757+00:00,2026-09-20T07:01:11.243757+00:00,mq7GSzwaGBw,"civilian data. The more you engage with these systems, the more data they have,",new,,,20260919_235645_YT001,20260919_235645_YT001
they ll they,They'll They,person_or_named_entity,1,1,1,0,2026-09-20T06:45:40.991711+00:00,2026-09-20T06:45:40.991711+00:00,p0jPh9KrCgc,bad way to say it. They'll They will maneuver around in these,new,,,20260919_234459_YT001,20260919_234459_YT001
this data,this data,person_or_named_entity,1,1,1,0,2026-09-20T07:01:11.243757+00:00,2026-09-20T07:01:11.243757+00:00,mD_aE7ZCMoo,you can put into that third lock with this data,new,,,20260919_235645_YT001,20260919_235645_YT001
this greater physical reality it s it s,this greater physical reality. It's It's,named_entity,1,1,1,0,2026-09-20T07:01:11.243757+00:00,2026-09-20T07:01:11.243757+00:00,KiRtjIh2kjc,"contact with this greater physical reality. It's It's a physics,",new,,,20260919_235645_YT001,20260919_235645_YT001
this tsunami of stable coins,this tsunami of stable coins,person_or_named_entity,1,1,1,0,2026-09-20T07:01:11.243757+00:00,2026-09-20T07:01:11.243757+00:00,1q3O8KbUHfU,they're going to deal with this tsunami of stable coins,new,,,20260919_235645_YT001,20260919_235645_YT001
this uh resolution so i was,this uh resolution. So I was,named_entity,1,1,1,0,2026-09-20T07:01:11.243757+00:00,2026-09-20T07:01:11.243757+00:00,vR-o6IGspmU,cash again with this uh resolution. So I was excited that uh to do that again.,new,,,20260919_235645_YT001,20260919_235645_YT001
this so so,this. So so,person_or_named_entity,1,1,1,0,2026-09-20T07:01:11.243757+00:00,2026-09-20T07:01:11.243757+00:00,eyItREqSFvA,always say we have to deal with this. So so,new,,,20260919_235645_YT001,20260919_235645_YT001
those issues,those issues,person_or_named_entity,1,1,1,0,2026-09-20T07:01:11.243757+00:00,2026-09-20T07:01:11.243757+00:00,vR-o6IGspmU,"So, I raised a lot of awareness with those issues. And then the Ring",new,,,20260919_235645_YT001,20260919_235645_YT001
those of you out there,those of you out there,person_or_named_entity,1,1,1,0,2026-09-20T07:01:11.243757+00:00,2026-09-20T07:01:11.243757+00:00,vR-o6IGspmU,local bank. And I sympathize with those of you out there who are having trouble,new,,,20260919_235645_YT001,20260919_235645_YT001
those types of systems that s a,those types of systems. That's a,named_entity,1,1,1,0,2026-09-20T07:01:11.243757+00:00,2026-09-20T07:01:11.243757+00:00,oGWf3g8iYLA,around with those types of systems. That's a proliferation nightmare. This,new,,,20260919_235645_YT001,20260919_235645_YT001
to have all of,to have all of,organization,1,1,1,0,2026-09-20T07:01:11.243757+00:00,2026-09-20T07:01:11.243757+00:00,mq7GSzwaGBw,>> can allow one one organization to have all of that decision-m,new,,,20260919_235645_YT001,20260919_235645_YT001
tools they ve added tools,tools they've added tools,person_or_named_entity,1,1,1,0,2026-09-20T07:01:11.243757+00:00,2026-09-20T07:01:11.243757+00:00,mq7GSzwaGBw,they've added the token prediction with tools they've added tools and what that,new,,,20260919_235645_YT001,20260919_235645_YT001
toxic chemicals in the scarf,toxic chemicals in the scarf,person_or_named_entity,1,1,1,0,2026-09-20T07:01:11.243757+00:00,2026-09-20T07:01:11.243757+00:00,v02RjgeEg7Y,>> Chinese made. Is it made with toxic chemicals in the scarf? Does the tractor,new,,,20260919_235645_YT001,20260919_235645_YT001
treasury secretary bessent,Treasury Secretary Bessent,person_or_named_entity,1,1,1,0,2026-09-20T07:01:11.243757+00:00,2026-09-20T07:01:11.243757+00:00,MGnJEb4sXwM,restrictions that Treasury Secretary Bessent had imposed sanctioning if you,new,,,20260919_235645_YT001,20260919_235645_YT001
treasury but i believe the fed,Treasury. But I believe the Fed,named_entity,1,1,1,0,2026-09-20T07:01:11.243757+00:00,2026-09-20T07:01:11.243757+00:00,MGnJEb4sXwM,negotiate with Treasury. But I believe the Fed to get a swap line and the,new,,,20260919_235645_YT001,20260919_235645_YT001
trump uh,Trump. Uh,person_or_named_entity,1,1,1,0,2026-09-20T07:01:11.243757+00:00,2026-09-20T07:01:11.243757+00:00,v5Hdh0OeemA,matter for the polls or Trump. Uh,new,,,20260919_235645_YT001,20260919_235645_YT001
turtle forth,Turtle Forth,person_or_named_entity,1,1,1,0,2026-09-20T06:45:40.991711+00:00,2026-09-20T06:45:40.991711+00:00,DS3LfI1HbjI,commentary it's Larry called Turtle Forth. And I tell the story when things,new,,,20260919_234459_YT001,20260919_234459_YT001
turtle forth and,Turtle Forth. And,person_or_named_entity,1,1,1,0,2026-09-20T06:45:40.991711+00:00,2026-09-20T06:45:40.991711+00:00,DS3LfI1HbjI,commentary it's Larry called Turtle Forth. And I tell the story when things,new,,,20260919_234459_YT001,20260919_234459_YT001
tv it s,TV. It's,person_or_named_entity,1,1,1,0,2026-09-20T07:01:11.243757+00:00,2026-09-20T07:01:11.243757+00:00,r7POfIOIJd8,what's displayed on your TV. It's going to send that back to the,new,,,20260919_235645_YT001,20260919_235645_YT001
tv they,TV. They,person_or_named_entity,1,1,1,0,2026-09-20T07:01:11.243757+00:00,2026-09-20T07:01:11.243757+00:00,r7POfIOIJd8,being shared with the maker of the TV. They analyze that to find out what are,new,,,20260919_235645_YT001,20260919_235645_YT001
two locks so cash is the,two locks. So cash is the,named_entity,1,1,1,0,2026-09-20T07:01:11.243757+00:00,2026-09-20T07:01:11.243757+00:00,vR-o6IGspmU,I describe the systems now with two locks. So cash is the only truly two,new,,,20260919_235645_YT001,20260919_235645_YT001
two uh processed packets of salt,two uh processed packets of salt,named_entity,1,1,1,0,2026-09-20T06:45:40.991711+00:00,2026-09-20T06:45:40.991711+00:00,ZW6Lf7iQV3Q,4 to 5%. You can take that with two uh processed packets of salt.,new,,,20260919_234459_YT001,20260919_234459_YT001
uae it,UAE. It,person_or_named_entity,1,1,1,0,2026-09-20T07:01:11.243757+00:00,2026-09-20T07:01:11.243757+00:00,MGnJEb4sXwM,has to come through Hormuz for the UAE. It is that serious that all their,new,,,20260919_235645_YT001,20260919_235645_YT001
uae it s,UAE. It's,person_or_named_entity,1,1,1,0,2026-09-20T07:01:11.243757+00:00,2026-09-20T07:01:11.243757+00:00,MGnJEb4sXwM,outside it. It's actually in the UAE. It's a funny little extra part of the,new,,,20260919_235645_YT001,20260919_235645_YT001
uh iranian facilitation um,uh Iranian facilitation um,person_or_named_entity,1,1,1,0,2026-09-20T07:01:11.243757+00:00,2026-09-20T07:01:11.243757+00:00,MGnJEb4sXwM,passing um with uh Iranian facilitation um to China. So have others some other,new,,,20260919_235645_YT001,20260919_235645_YT001
uh pirate money so,uh Pirate Money. So,organization,1,1,1,0,2026-09-20T07:01:11.243757+00:00,2026-09-20T07:01:11.243757+00:00,vR-o6IGspmU,"has has some kind of company uh Pirate Money. So from Pirate Money, I was able",new,,,20260919_235645_YT001,20260919_235645_YT001
uh probably 2019,uh probably 2019,event,1,1,1,0,2026-09-20T07:01:11.243757+00:00,2026-09-20T07:01:11.243757+00:00,Xu8_onfDCsQ,a regenerative ag conference uh probably 2019 and they had a lot of native tribes,new,,,20260919_235645_YT001,20260919_235645_YT001
uh we partner,uh we partner,person_or_named_entity,1,1,1,0,2026-09-20T07:01:11.243757+00:00,2026-09-20T07:01:11.243757+00:00,mq7GSzwaGBw,"And so, uh, it's I partner with uh we partner with with Meta. We partner with",new,,,20260919_235645_YT001,20260919_235645_YT001
um sanctioned tankers s tankers have,um sanctioned tankers. S tankers have,named_entity,1,1,1,0,2026-09-20T07:01:11.243757+00:00,2026-09-20T07:01:11.243757+00:00,MGnJEb4sXwM,so-called um sanctioned tankers. S tankers have been um actually struck and,new,,,20260919_235645_YT001,20260919_235645_YT001
um the the signs of intelligence,um the the signs of intelligence,named_entity,1,1,1,0,2026-09-20T07:01:11.243757+00:00,2026-09-20T07:01:11.243757+00:00,2FCT_uA2z5k,luminescent with um the the signs of intelligence and life,new,,,20260919_235645_YT001,20260919_235645_YT001
united states what,United States. What,person_or_named_entity,1,1,1,0,2026-09-20T07:01:11.243757+00:00,2026-09-20T07:01:11.243757+00:00,MGnJEb4sXwM,I shouldn't even say the United States. What is the the oligarchs and the dollar,new,,,20260919_235645_YT001,20260919_235645_YT001
up on the computer,up on the computer,media_show,1,1,1,0,2026-09-20T07:01:11.243757+00:00,2026-09-20T07:01:11.243757+00:00,mq7GSzwaGBw,what they wanted and see it show up on the computer.,new,,,20260919_235645_YT001,20260919_235645_YT001
up with my friends,up with my friends,media_show,1,1,1,0,2026-09-20T07:01:11.243757+00:00,2026-09-20T07:01:11.243757+00:00,vR-o6IGspmU,"not. So, I'm going to now show up with my friends, their cameras, we're going",new,,,20260919_235645_YT001,20260919_235645_YT001
up or their child s in the,up. Or their child's in the,media_show,1,1,1,0,2026-09-20T07:01:11.243757+00:00,2026-09-20T07:01:11.243757+00:00,JXo9mjpc2Wg,"upset, then the guards show up. Or their child's in the hospital, and they'll",new,,,20260919_235645_YT001,20260919_235645_YT001
us and understand the importance of,us and understand the importance of,named_entity,1,1,1,0,2026-09-20T07:01:11.243757+00:00,2026-09-20T07:01:11.243757+00:00,vR-o6IGspmU,"more with us and understand the importance of cash. So, I realized, you",new,,,20260919_235645_YT001,20260919_235645_YT001
us on data centers,us on data centers,person_or_named_entity,1,1,1,0,2026-09-20T07:01:11.243757+00:00,2026-09-20T07:01:11.243757+00:00,vR-o6IGspmU,"didn't have before that agree with us on data centers, cell phone towers, cash,",new,,,20260919_235645_YT001,20260919_235645_YT001
utopia for i think 15 years,Utopia for I think 15 years,named_entity,1,1,1,0,2026-09-20T07:01:11.243757+00:00,2026-09-20T07:01:11.243757+00:00,vR-o6IGspmU,"from his city called Utopia for I think 15 years or so, came back and the",new,,,20260919_235645_YT001,20260919_235645_YT001
venezuela so okay and,Venezuela. So Okay. And,organization,1,1,1,0,2026-09-20T07:01:11.243757+00:00,2026-09-20T07:01:11.243757+00:00,YItOkNjS4OY,company still in Venezuela. So Okay. And and energy is important cuz,new,,,20260919_235645_YT001,20260919_235645_YT001
virginia,Virginia,product,1,1,1,0,2026-09-20T07:01:11.243757+00:00,2026-09-20T07:01:11.243757+00:00,mq7GSzwaGBw,course of decades. That was my car when I lived in Virginia.,new,,,20260919_235645_YT001,20260919_235645_YT001
wall street,Wall Street,person_or_named_entity,1,1,1,0,2026-09-20T06:45:40.991711+00:00,2026-09-20T06:45:40.991711+00:00,p0jPh9KrCgc,"their stock, it's BlackRock and Wall Street and",new,,,20260919_234459_YT001,20260919_234459_YT001
wall street journal,Wall Street Journal,person_or_named_entity,1,1,1,0,2026-09-20T07:01:11.243757+00:00,2026-09-20T07:01:11.243757+00:00,6Mg0q_IyWgY,"boom, I'm getting emails from the Wall Street Journal and the New York Times.",new,,,20260919_235645_YT001,20260919_235645_YT001
was required by law,was required by law,organization,1,1,1,0,2026-09-20T06:45:40.991711+00:00,2026-09-20T06:45:40.991711+00:00,RD8gcj5aP74,">> section of the organization was required by law to do, and how much capacity they",new,,,20260919_234459_YT001,20260919_234459_YT001
west right right,West. Right. Right,person_or_named_entity,1,1,1,0,2026-09-20T07:01:11.243757+00:00,2026-09-20T07:01:11.243757+00:00,tXxuSX7iNeM,West. Right. Right.,new,,,20260919_235645_YT001,20260919_235645_YT001
western european,Western European,person_or_named_entity,1,1,1,0,2026-09-20T07:01:11.243757+00:00,2026-09-20T07:01:11.243757+00:00,Oxk8BAFUdBE,from Polish literally into into Western European and American. Because in,new,,,20260919_235645_YT001,20260919_235645_YT001
what i was saying before is,what I was saying before is,named_entity,1,1,1,0,2026-09-20T07:01:11.243757+00:00,2026-09-20T07:01:11.243757+00:00,eRQbIpPkxVE,">> And then it it also goes in line with what I was saying before is that Okay,",new,,,20260919_235645_YT001,20260919_235645_YT001
what is happening in the middle,what is happening in the Middle,named_entity,1,1,1,0,2026-09-20T07:01:11.243757+00:00,2026-09-20T07:01:11.243757+00:00,MGnJEb4sXwM,syndicates goal with what is happening in the Middle East?,new,,,20260919_235645_YT001,20260919_235645_YT001
what is now called ai,what is now called AI,person_or_named_entity,1,1,1,0,2026-09-20T07:01:11.243757+00:00,2026-09-20T07:01:11.243757+00:00,mq7GSzwaGBw,go back. H how did you get involved with what is now called AI?,new,,,20260919_235645_YT001,20260919_235645_YT001
what you have just done in,what you have just done in,named_entity,1,1,1,0,2026-09-20T07:01:11.243757+00:00,2026-09-20T07:01:11.243757+00:00,MGnJEb4sXwM,not competitive with what you have just done in this period and we have to deal,new,,,20260919_235645_YT001,20260919_235645_YT001
what you re doing in the middle,what you're doing in the Middle,named_entity,1,1,1,0,2026-09-20T07:01:11.243757+00:00,2026-09-20T07:01:11.243757+00:00,YItOkNjS4OY,scarcity not just with what you're doing in the Middle East but all these,new,,,20260919_235645_YT001,20260919_235645_YT001
what s happening in the middle east,what's happening in the Middle East,named_entity,1,1,1,0,2026-09-20T07:01:11.243757+00:00,2026-09-20T07:01:11.243757+00:00,MGnJEb4sXwM,">> um with what's happening in the Middle East, I think if we look at the big",new,,,20260919_235645_YT001,20260919_235645_YT001
whattesladidisheflippedtheentiresystem,WhatTesladidisheflippedtheentiresystem,named_entity,1,1,1,1,2026-09-20T07:01:11.243757+00:00,2026-09-20T07:01:11.243757+00:00,EcB_a4xpseY,"calradiostation,what'sthereturncircuit?Whatbringsthepowerback?It'stheground.It'stheplanetitself.TheplanetEarth,that'swhyit'scalledtheground,completesthecircuit.WhatTesladidisheflippedtheentiresystem",new,,,20260919_235645_YT001,20260919_235645_YT001
when cash disappears,when cash disappears,person_or_named_entity,1,1,1,0,2026-09-20T07:01:11.243757+00:00,2026-09-20T07:01:11.243757+00:00,vR-o6IGspmU,"from a zero hedge article called when cash disappears, so does something else.",new,,,20260919_235645_YT001,20260919_235645_YT001
where they re tracking,where they're tracking,person_or_named_entity,1,1,1,0,2026-09-20T07:01:11.243757+00:00,2026-09-20T07:01:11.243757+00:00,SOADMgNpZr0,website where they're tracking,new,,,20260919_235645_YT001,20260919_235645_YT001
where they re tracking aipac donations,where they're tracking AIPAC donations,person_or_named_entity,1,1,1,0,2026-09-20T07:01:11.243757+00:00,2026-09-20T07:01:11.243757+00:00,SOADMgNpZr0,website where they're tracking AIPAC donations to every single,new,,,20260919_235645_YT001,20260919_235645_YT001
where s daddy,Where's Daddy,person_or_named_entity,1,1,1,0,2026-09-20T07:01:11.243757+00:00,2026-09-20T07:01:11.243757+00:00,mq7GSzwaGBw,"systems. Lavender, Gospel, and Where's Daddy. Yes, these are the names the",new,,,20260919_235645_YT001,20260919_235645_YT001
who would work would interact,who would work would interact,organization,1,1,1,0,2026-09-20T07:01:11.243757+00:00,2026-09-20T07:01:11.243757+00:00,mq7GSzwaGBw,>> and what's the perfect size of a company who would work would interact with?,new,,,20260919_235645_YT001,20260919_235645_YT001
with him this one is really,with him. This one is really,named_entity,1,1,1,0,2026-09-20T07:01:11.243757+00:00,2026-09-20T07:01:11.243757+00:00,tK4hyAbE3rw,And Elson Hamlin did a great interview with him. This one is really good about,new,,,20260919_235645_YT001,20260919_235645_YT001
with john padfield,with John Padfield,person_or_named_entity,1,1,1,0,2026-09-20T07:01:11.243757+00:00,2026-09-20T07:01:11.243757+00:00,vR-o6IGspmU,We're just about to publish an interview with John Padfield about how all the new,new,,,20260919_235645_YT001,20260919_235645_YT001
with putin so,with Putin. So,person_or_named_entity,1,1,1,0,2026-09-20T07:01:11.243757+00:00,2026-09-20T07:01:11.243757+00:00,MGnJEb4sXwM,"in Moscow to in St. Petersburg with with Putin. So, I think",new,,,20260919_235645_YT001,20260919_235645_YT001
with trump is making us look,with Trump is making us look,media_show,1,1,1,0,2026-09-20T07:01:11.243757+00:00,2026-09-20T07:01:11.243757+00:00,SkLWbV2A-aI,howdy-doody show with Trump is making us look like we're buffoons. The banks just,new,,,20260919_235645_YT001,20260919_235645_YT001
wood or the national nist,Wood or the national NIST,person_or_named_entity,1,1,1,0,2026-09-20T07:01:11.243757+00:00,2026-09-20T07:01:11.243757+00:00,m50hk1fyOYs,"truth community researchers, be it Dr. Wood or the national NIST",new,,,20260919_235645_YT001,20260919_235645_YT001
workers defense committees and,Workers' Defense Committees. And,person_or_named_entity,1,1,1,0,2026-09-20T07:01:11.243757+00:00,2026-09-20T07:01:11.243757+00:00,SR4Myof7g0Q,called Workers' Defense Committees. And all these were and the the this is a,new,,,20260919_235645_YT001,20260919_235645_YT001
wow cuz,Wow. Cuz,person_or_named_entity,1,1,1,0,2026-09-20T07:01:11.243757+00:00,2026-09-20T07:01:11.243757+00:00,87SJi_DDbt4,"a handwritten letter, they care. Wow. Cuz that's a voter. That's somebody who",new,,,20260919_235645_YT001,20260919_235645_YT001
yeah no idf,Yeah. No IDF,product,1,1,1,0,2026-09-20T07:01:11.243757+00:00,2026-09-20T07:01:11.243757+00:00,mD_aE7ZCMoo,Palantir in the lavender system. Yeah. No IDF officer is responsible for,new,,,20260919_235645_YT001,20260919_235645_YT001
yep sounds,Yep. Sounds,person_or_named_entity,1,1,1,0,2026-09-20T07:01:11.243757+00:00,2026-09-20T07:01:11.243757+00:00,vR-o6IGspmU,"for cash. So, here here it comes. Right. >> Yep. Sounds good.",new,,,20260919_235645_YT001,20260919_235645_YT001
yep um,Yep. Um,person_or_named_entity,1,1,1,0,2026-09-20T07:01:11.243757+00:00,2026-09-20T07:01:11.243757+00:00,WET6BjpHGkc,States makes that decision. Yep. Um,new,,,20260919_235645_YT001,20260919_235645_YT001
yes mhm,Yes. Mhm,person_or_named_entity,1,1,1,0,2026-09-20T07:01:11.243757+00:00,2026-09-20T07:01:11.243757+00:00,RRdQPuFQCik,>> Yes. Mhm.,new,,,20260919_235645_YT001,20260919_235645_YT001
you and then take the lead,you and then take the lead,named_entity,1,1,1,0,2026-09-20T07:01:11.243757+00:00,2026-09-20T07:01:11.243757+00:00,qy_N0XOlApA,and and it and agrees with you and then take the lead on it. And and that um,new,,,20260919_235645_YT001,20260919_235645_YT001
you cuz i just shared it,you cuz I just shared it,named_entity,1,1,1,0,2026-09-20T07:01:11.243757+00:00,2026-09-20T07:01:11.243757+00:00,Xu8_onfDCsQ,"Vanessa, I want to share this with you cuz I just shared it with the mentors in",new,,,20260919_235645_YT001,20260919_235645_YT001
you know,you know,person_or_named_entity,1,1,1,0,2026-09-20T07:01:11.243757+00:00,2026-09-20T07:01:11.243757+00:00,FXNfNrtGHlo,"men following along with you know, essentially destroying the",new,,,20260919_235645_YT001,20260919_235645_YT001
you on every other issue,you on every other issue,person_or_named_entity,1,1,1,0,2026-09-20T07:01:11.243757+00:00,2026-09-20T07:01:11.243757+00:00,qy_N0XOlApA,"It may not be someone that aligns with you on every other issue, but if if cash",new,,,20260919_235645_YT001,20260919_235645_YT001
you the next video,you the next video,media_show,1,1,1,0,2026-09-20T07:01:11.243757+00:00,2026-09-20T07:01:11.243757+00:00,9Td1lcX-Cno,"channel wars. So, let me show you the next video and then I want to get back",new,,,20260919_235645_YT001,20260919_235645_YT001
you ve done in the last year,you've done in the last year,named_entity,1,1,1,0,2026-09-20T07:01:11.243757+00:00,2026-09-20T07:01:11.243757+00:00,MGnJEb4sXwM,I've listened to every interview you've done in the last year. I can't thank you,new,,,20260919_235645_YT001,20260919_235645_YT001
you open source models can also,you. Open source models can also,named_entity,1,1,1,0,2026-09-20T07:01:11.243757+00:00,2026-09-20T07:01:11.243757+00:00,mq7GSzwaGBw,sensitive information stays with you. Open source models can also save you,new,,,20260919_235645_YT001,20260919_235645_YT001
you what,You...what,named_entity,1,1,1,0,2026-09-20T07:01:11.243757+00:00,2026-09-20T07:01:11.243757+00:00,RRPA9FVZ2Ds,You...what you have is a,new,,,20260919_235645_YT001,20260919_235645_YT001
your ai story so,your AI story so,person_or_named_entity,1,1,1,0,2026-09-20T07:01:11.243757+00:00,2026-09-20T07:01:11.243757+00:00,mq7GSzwaGBw,>> so you need to couple that with your AI story so that you have role-based access,new,,,20260919_235645_YT001,20260919_235645_YT001
your assistant ai by your side,your assistant AI by your side,named_entity,1,1,1,0,2026-09-20T07:01:11.243757+00:00,2026-09-20T07:01:11.243757+00:00,mq7GSzwaGBw,"what? With your assistant AI by your side,",new,,,20260919_235645_YT001,20260919_235645_YT001
your distribution,your distribution,person_or_named_entity,1,1,1,0,2026-09-20T07:01:11.243757+00:00,2026-09-20T07:01:11.243757+00:00,mq7GSzwaGBw,capability. It's completely aligned with your distribution.,new,,,20260919_235645_YT001,20260919_235645_YT001
your interviews,your interviews,person_or_named_entity,1,1,1,0,2026-09-20T07:01:11.243757+00:00,2026-09-20T07:01:11.243757+00:00,MGnJEb4sXwM,you you're very generous with your interviews. And is there anything you,new,,,20260919_235645_YT001,20260919_235645_YT001
your issue,your issue,person_or_named_entity,1,1,1,0,2026-09-20T07:01:11.243757+00:00,2026-09-20T07:01:11.243757+00:00,qy_N0XOlApA,legislator that's on board with your issue and it may not be who you expect.,new,,,20260919_235645_YT001,20260919_235645_YT001
your knowledge of technology,your knowledge of technology,person_or_named_entity,1,1,1,0,2026-09-20T07:01:11.243757+00:00,2026-09-20T07:01:11.243757+00:00,mq7GSzwaGBw,"capable Marlo is, you know, with your knowledge of technology and help now",new,,,20260919_235645_YT001,20260919_235645_YT001
your stocks,your stocks,organization,1,1,1,0,2026-09-20T07:01:11.243757+00:00,2026-09-20T07:01:11.243757+00:00,W4aWp1dC5ZU,trust corporation dealing with your stocks and bonds that you think you own,new,,,20260919_235645_YT001,20260919_235645_YT001
your stuff i mean ultimately i,your stuff. I mean ultimately I,named_entity,1,1,1,0,2026-09-20T07:01:11.243757+00:00,2026-09-20T07:01:11.243757+00:00,mq7GSzwaGBw,mean by interfering with your stuff. I mean ultimately I would say uh AI can,new,,,20260919_235645_YT001,20260919_235645_YT001
yuan coming out of it,yuan coming out of it,person_or_named_entity,1,1,1,0,2026-09-20T07:01:11.243757+00:00,2026-09-20T07:01:11.243757+00:00,1q3O8KbUHfU,spinning away a mill with yuan coming out of it.,new,,,20260919_235645_YT001,20260919_235645_YT001
zarlenga,Zarlenga,named_entity,1,1,1,0,2026-09-20T07:01:11.243757+00:00,2026-09-20T07:01:11.243757+00:00,j4rItIYZV_o,Zarlenga.,new,,,20260919_235645_YT001,20260919_235645_YT001
zarlenga and,Zarlenga. And,person_or_named_entity,1,1,1,0,2026-09-20T07:01:11.243757+00:00,2026-09-20T07:01:11.243757+00:00,j4rItIYZV_o,Zarlenga. And uh and we are are in the presence of,new,,,20260919_235645_YT001,20260919_235645_YT001
zionism there s,Zionism. There's,person_or_named_entity,1,1,1,0,2026-09-20T07:01:11.243757+00:00,2026-09-20T07:01:11.243757+00:00,SOADMgNpZr0,happening with Zionism. There's now a website an American,new,,,20260919_235645_YT001,20260919_235645_YT001
zionism there s now a website an,Zionism. There's now a website an,named_entity,1,1,1,0,2026-09-20T07:01:11.243757+00:00,2026-09-20T07:01:11.243757+00:00,SOADMgNpZr0,happening with Zionism. There's now a website an American,new,,,20260919_235645_YT001,20260919_235645_YT001
